[trainer] 从零训练：未加载预训练权重
[trainer] tag=g4_fold2 fold=2 train=499 val=125 steps/epoch=249 特殊影像正样本=[6, 6] 重复对=True
[g4_fold2] ep0 step21/249 loss=3.4113 {'ds': 1.58, 'seg': 2.171, 'cls': 1.321, 'special': 0.717, 'embed': 9.739}
[g4_fold2] ep0 step41/249 loss=3.0849 {'ds': 1.63, 'seg': 2.224, 'cls': 1.28, 'special': 0.679, 'embed': 4.951}
[g4_fold2] ep0 step61/249 loss=3.3124 {'ds': 1.545, 'seg': 2.097, 'cls': 1.236, 'special': 0.707, 'embed': 9.723}
[g4_fold2] ep0 step81/249 loss=2.9617 {'ds': 1.579, 'seg': 2.127, 'cls': 1.237, 'special': 0.67, 'embed': 4.773}
[g4_fold2] ep0 step101/249 loss=2.8217 {'ds': 1.475, 'seg': 1.987, 'cls': 1.196, 'special': 0.661, 'embed': 4.941}
[g4_fold2] ep0 step121/249 loss=3.0868 {'ds': 1.41, 'seg': 1.905, 'cls': 1.147, 'special': 0.649, 'embed': 9.77}
[g4_fold2] ep0 step141/249 loss=2.7331 {'ds': 1.423, 'seg': 1.899, 'cls': 1.15, 'special': 0.704, 'embed': 4.942}
[g4_fold2] ep0 step161/249 loss=3.1964 {'ds': 1.458, 'seg': 1.994, 'cls': 1.194, 'special': 0.66, 'embed': 9.856}
[g4_fold2] ep0 step181/249 loss=3.0792 {'ds': 1.414, 'seg': 1.944, 'cls': 1.051, 'special': 0.682, 'embed': 9.355}
[g4_fold2] ep0 step201/249 loss=2.4138 {'ds': 1.204, 'seg': 1.62, 'cls': 0.996, 'special': 0.687, 'embed': 4.966}
[g4_fold2] ep0 step221/249 loss=2.7585 {'ds': 1.268, 'seg': 1.779, 'cls': 0.944, 'special': 0.637, 'embed': 7.785}
[g4_fold2] ep0 step241/249 loss=2.1587 {'ds': 1.122, 'seg': 1.594, 'cls': 0.974, 'special': 0.692, 'embed': 1.973}
[g4_fold2] epoch 0 loss=2.1958 dice_core=0.1186 dice_peri=0.4089 thr=[0.55, 0.65] (228s)
[g4_fold2] ep1 step21/249 loss=1.7738 {'ds': 0.937, 'seg': 1.376, 'cls': 0.91, 'special': 0.648, 'embed': 0.11}
[g4_fold2] ep1 step41/249 loss=2.3277 {'ds': 1.075, 'seg': 1.591, 'cls': 0.874, 'special': 0.577, 'embed': 4.979}
[g4_fold2] ep1 step61/249 loss=2.1510 {'ds': 0.935, 'seg': 1.424, 'cls': 0.836, 'special': 0.582, 'embed': 4.969}
[g4_fold2] ep1 step81/249 loss=2.2201 {'ds': 0.941, 'seg': 1.377, 'cls': 1.014, 'special': 0.862, 'embed': 4.989}
[g4_fold2] ep1 step101/249 loss=2.1171 {'ds': 0.761, 'seg': 1.181, 'cls': 0.695, 'special': 0.618, 'embed': 8.1}
[g4_fold2] ep1 step121/249 loss=2.1761 {'ds': 0.764, 'seg': 1.165, 'cls': 0.661, 'special': 0.554, 'embed': 9.439}
[g4_fold2] ep1 step141/249 loss=1.8367 {'ds': 0.805, 'seg': 1.153, 'cls': 0.607, 'special': 0.635, 'embed': 4.969}
[g4_fold2] ep1 step161/249 loss=1.5911 {'ds': 0.745, 'seg': 1.167, 'cls': 0.664, 'special': 0.646, 'embed': 1.288}
[g4_fold2] ep1 step181/249 loss=1.4235 {'ds': 0.817, 'seg': 1.15, 'cls': 0.467, 'special': 0.475, 'embed': 0.5}
[g4_fold2] ep1 step201/249 loss=1.2815 {'ds': 0.496, 'seg': 0.687, 'cls': 0.491, 'special': 0.372, 'embed': 5.042}
[g4_fold2] ep1 step221/249 loss=1.3537 {'ds': 0.835, 'seg': 1.125, 'cls': 0.584, 'special': 0.323, 'embed': 0.027}
[g4_fold2] ep1 step241/249 loss=1.0277 {'ds': 0.417, 'seg': 0.539, 'cls': 0.437, 'special': 0.168, 'embed': 4.49}
[g4_fold2] epoch 1 loss=1.3704 dice_core=0.4402 dice_peri=0.6432 thr=[0.55, 0.65] (193s)
[g4_fold2] ep2 step21/249 loss=1.5945 {'ds': 0.708, 'seg': 0.906, 'cls': 0.536, 'special': 0.72, 'embed': 4.995}
[g4_fold2] ep2 step41/249 loss=1.8438 {'ds': 0.69, 'seg': 0.919, 'cls': 0.45, 'special': 0.252, 'embed': 9.997}
[g4_fold2] ep2 step61/249 loss=1.5196 {'ds': 0.457, 'seg': 0.583, 'cls': 0.569, 'special': 0.195, 'embed': 9.945}
[g4_fold2] ep2 step81/249 loss=1.2311 {'ds': 0.495, 'seg': 0.693, 'cls': 0.542, 'special': 0.116, 'embed': 4.987}
[g4_fold2] ep2 step101/249 loss=1.4932 {'ds': 0.669, 'seg': 0.891, 'cls': 0.48, 'special': 0.059, 'embed': 6.226}
[g4_fold2] ep2 step121/249 loss=0.8345 {'ds': 0.239, 'seg': 0.264, 'cls': 0.387, 'special': 0.069, 'embed': 6.084}
[g4_fold2] ep2 step141/249 loss=1.3515 {'ds': 0.364, 'seg': 0.459, 'cls': 0.528, 'special': 0.056, 'embed': 9.958}
[g4_fold2] ep2 step161/249 loss=0.8442 {'ds': 0.231, 'seg': 0.264, 'cls': 0.456, 'special': 0.449, 'embed': 4.72}
[g4_fold2] ep2 step181/249 loss=0.7089 {'ds': 0.244, 'seg': 0.298, 'cls': 0.374, 'special': 0.017, 'embed': 4.171}
[g4_fold2] ep2 step201/249 loss=1.4990 {'ds': 0.209, 'seg': 0.244, 'cls': 0.454, 'special': 1.569, 'embed': 9.981}
[g4_fold2] ep2 step221/249 loss=0.8872 {'ds': 0.273, 'seg': 0.352, 'cls': 0.359, 'special': 0.292, 'embed': 4.962}
[g4_fold2] ep2 step241/249 loss=2.1585 {'ds': 0.746, 'seg': 1.103, 'cls': 1.102, 'special': 0.12, 'embed': 9.997}
[g4_fold2] epoch 2 loss=0.7799 dice_core=0.6707 dice_peri=0.8129 thr=[0.5, 0.6] (205s)
[g4_fold2] ep3 step21/249 loss=1.2268 {'ds': 0.592, 'seg': 0.755, 'cls': 0.378, 'special': 0.008, 'embed': 5.003}
[g4_fold2] ep3 step41/249 loss=1.7358 {'ds': 0.398, 'seg': 0.521, 'cls': 0.792, 'special': 1.135, 'embed': 9.78}
[g4_fold2] ep3 step61/249 loss=1.0752 {'ds': 0.197, 'seg': 0.266, 'cls': 0.332, 'special': 0.024, 'embed': 9.602}
[g4_fold2] ep3 step81/249 loss=1.3326 {'ds': 0.501, 'seg': 0.652, 'cls': 0.321, 'special': 0.894, 'embed': 5.033}
[g4_fold2] ep3 step101/249 loss=0.4027 {'ds': 0.21, 'seg': 0.275, 'cls': 0.315, 'special': 0.195, 'embed': 0.001}
[g4_fold2] ep3 step121/249 loss=0.3939 {'ds': 0.178, 'seg': 0.23, 'cls': 0.479, 'special': 0.111, 'embed': 0.216}
[g4_fold2] ep3 step141/249 loss=0.5169 {'ds': 0.309, 'seg': 0.356, 'cls': 0.582, 'special': 0.059, 'embed': 0.008}
[g4_fold2] ep3 step161/249 loss=1.7109 {'ds': 0.928, 'seg': 1.255, 'cls': 0.278, 'special': 0.05, 'embed': 4.98}
[g4_fold2] ep3 step181/249 loss=1.3344 {'ds': 0.298, 'seg': 0.385, 'cls': 0.631, 'special': 0.201, 'embed': 9.882}
[g4_fold2] ep3 step201/249 loss=1.1027 {'ds': 0.648, 'seg': 0.894, 'cls': 0.829, 'special': 0.002, 'embed': 0.012}
[g4_fold2] ep3 step221/249 loss=0.4890 {'ds': 0.276, 'seg': 0.409, 'cls': 0.282, 'special': 0.029, 'embed': 0.022}
[g4_fold2] ep3 step241/249 loss=0.6851 {'ds': 0.251, 'seg': 0.32, 'cls': 0.401, 'special': 0.061, 'embed': 3.331}
[g4_fold2] epoch 3 loss=0.6452 dice_core=0.7758 dice_peri=0.8450 thr=[0.45, 0.65] (192s)
[g4_fold2] ep4 step21/249 loss=1.7043 {'ds': 0.835, 'seg': 1.172, 'cls': 0.487, 'special': 0.05, 'embed': 5.304}
[g4_fold2] ep4 step41/249 loss=0.4906 {'ds': 0.221, 'seg': 0.269, 'cls': 0.353, 'special': 0.015, 'embed': 1.728}
[g4_fold2] ep4 step61/249 loss=0.5103 {'ds': 0.348, 'seg': 0.432, 'cls': 0.289, 'special': 0.013, 'embed': 0.033}
[g4_fold2] ep4 step81/249 loss=0.5524 {'ds': 0.316, 'seg': 0.44, 'cls': 0.334, 'special': 0.083, 'embed': 0.104}
[g4_fold2] ep4 step101/249 loss=1.2989 {'ds': 0.618, 'seg': 0.86, 'cls': 0.255, 'special': 0.002, 'embed': 4.999}
[g4_fold2] ep4 step121/249 loss=1.1038 {'ds': 0.178, 'seg': 0.24, 'cls': 0.334, 'special': 0.15, 'embed': 9.896}
[g4_fold2] ep4 step141/249 loss=0.7377 {'ds': 0.489, 'seg': 0.646, 'cls': 0.208, 'special': 0.069, 'embed': 0.296}
[g4_fold2] ep4 step161/249 loss=1.6394 {'ds': 0.816, 'seg': 1.128, 'cls': 0.503, 'special': 0.041, 'embed': 5.0}
[g4_fold2] ep4 step181/249 loss=0.3675 {'ds': 0.127, 'seg': 0.156, 'cls': 0.45, 'special': 0.007, 'embed': 1.302}
[g4_fold2] ep4 step201/249 loss=1.5617 {'ds': 0.41, 'seg': 0.52, 'cls': 1.159, 'special': 0.009, 'embed': 9.995}
[g4_fold2] ep4 step221/249 loss=1.2839 {'ds': 0.585, 'seg': 0.799, 'cls': 0.414, 'special': 0.011, 'embed': 5.041}
[g4_fold2] ep4 step241/249 loss=0.3761 {'ds': 0.14, 'seg': 0.177, 'cls': 0.313, 'special': 0.009, 'embed': 1.58}
[g4_fold2] epoch 4 loss=0.6111 dice_core=0.8036 dice_peri=0.8619 thr=[0.5, 0.7] (205s)
[g4_fold2] ep5 step21/249 loss=0.5926 {'ds': 0.359, 'seg': 0.472, 'cls': 0.369, 'special': 0.018, 'embed': 0.319}
[g4_fold2] ep5 step41/249 loss=1.3617 {'ds': 0.588, 'seg': 0.839, 'cls': 0.657, 'special': 0.019, 'embed': 4.722}
[g4_fold2] ep5 step61/249 loss=1.5278 {'ds': 0.507, 'seg': 0.712, 'cls': 0.262, 'special': 0.002, 'embed': 9.999}
[g4_fold2] ep5 step81/249 loss=1.1332 {'ds': 0.689, 'seg': 0.962, 'cls': 0.661, 'special': 0.007, 'embed': 0.061}
[g4_fold2] ep5 step101/249 loss=0.7895 {'ds': 0.233, 'seg': 0.321, 'cls': 0.392, 'special': 0.001, 'embed': 4.933}
[g4_fold2] ep5 step121/249 loss=1.1019 {'ds': 0.583, 'seg': 0.801, 'cls': 0.432, 'special': 0.004, 'embed': 2.559}
[g4_fold2] ep5 step141/249 loss=1.1808 {'ds': 0.254, 'seg': 0.343, 'cls': 0.358, 'special': 0.082, 'embed': 9.709}
[g4_fold2] ep5 step161/249 loss=1.2213 {'ds': 0.302, 'seg': 0.412, 'cls': 0.448, 'special': 0.004, 'embed': 9.28}
[g4_fold2] ep5 step181/249 loss=0.6911 {'ds': 0.188, 'seg': 0.241, 'cls': 0.309, 'special': 0.003, 'embed': 4.966}
[g4_fold2] ep5 step201/249 loss=0.4983 {'ds': 0.169, 'seg': 0.212, 'cls': 0.347, 'special': 0.004, 'embed': 2.652}
[g4_fold2] ep5 step221/249 loss=0.2591 {'ds': 0.111, 'seg': 0.146, 'cls': 0.31, 'special': 0.013, 'embed': 0.427}
[g4_fold2] ep5 step241/249 loss=0.7933 {'ds': 0.177, 'seg': 0.262, 'cls': 0.405, 'special': 0.007, 'embed': 5.713}
[g4_fold2] epoch 5 loss=0.5921 dice_core=0.8173 dice_peri=0.8779 thr=[0.6, 0.7] (201s)
[g4_fold2] ep6 step21/249 loss=1.1261 {'ds': 0.691, 'seg': 0.961, 'cls': 0.625, 'special': 0.002, 'embed': 0.105}
[g4_fold2] ep6 step41/249 loss=1.2315 {'ds': 0.748, 'seg': 1.084, 'cls': 0.517, 'special': 0.001, 'embed': 0.237}
[g4_fold2] ep6 step61/249 loss=0.4745 {'ds': 0.116, 'seg': 0.158, 'cls': 0.41, 'special': 0.001, 'embed': 2.844}
[g4_fold2] ep6 step81/249 loss=1.0011 {'ds': 0.133, 'seg': 0.157, 'cls': 0.459, 'special': 0.007, 'embed': 9.707}
[g4_fold2] ep6 step101/249 loss=0.2931 {'ds': 0.165, 'seg': 0.208, 'cls': 0.324, 'special': 0.002, 'embed': 0.045}
[g4_fold2] ep6 step121/249 loss=0.3899 {'ds': 0.234, 'seg': 0.303, 'cls': 0.346, 'special': 0.001, 'embed': 0.002}
[g4_fold2] ep6 step141/249 loss=0.2986 {'ds': 0.185, 'seg': 0.226, 'cls': 0.274, 'special': 0.002, 'embed': 0.045}
[g4_fold2] ep6 step161/249 loss=0.7623 {'ds': 0.159, 'seg': 0.216, 'cls': 0.338, 'special': 0.002, 'embed': 6.155}
[g4_fold2] ep6 step181/249 loss=0.6764 {'ds': 0.144, 'seg': 0.183, 'cls': 0.375, 'special': 0.002, 'embed': 5.318}
[g4_fold2] ep6 step201/249 loss=0.9958 {'ds': 0.56, 'seg': 0.783, 'cls': 0.833, 'special': 0.002, 'embed': 0.053}
[g4_fold2] ep6 step221/249 loss=0.7522 {'ds': 0.23, 'seg': 0.305, 'cls': 0.288, 'special': 0.002, 'embed': 4.998}
[g4_fold2] ep6 step241/249 loss=1.4073 {'ds': 0.429, 'seg': 0.573, 'cls': 0.339, 'special': 0.001, 'embed': 9.999}
[g4_fold2] epoch 6 loss=0.5395 dice_core=0.8286 dice_peri=0.8903 thr=[0.7, 0.7] (197s)
[g4_fold2] ep7 step21/249 loss=1.2158 {'ds': 0.256, 'seg': 0.336, 'cls': 0.517, 'special': 0.002, 'embed': 9.995}
[g4_fold2] ep7 step41/249 loss=1.3395 {'ds': 0.376, 'seg': 0.507, 'cls': 0.33, 'special': 0.004, 'embed': 9.986}
[g4_fold2] ep7 step61/249 loss=0.5648 {'ds': 0.311, 'seg': 0.416, 'cls': 0.586, 'special': 0.001, 'embed': 0.026}
[g4_fold2] ep7 step81/249 loss=0.7779 {'ds': 0.507, 'seg': 0.669, 'cls': 0.295, 'special': 0.001, 'embed': 0.459}
[g4_fold2] ep7 step101/249 loss=0.6568 {'ds': 0.106, 'seg': 0.135, 'cls': 0.379, 'special': 0.002, 'embed': 5.687}
[g4_fold2] ep7 step121/249 loss=1.0821 {'ds': 0.378, 'seg': 0.532, 'cls': 0.646, 'special': 0.009, 'embed': 5.148}
[g4_fold2] ep7 step141/249 loss=0.2155 {'ds': 0.115, 'seg': 0.143, 'cls': 0.264, 'special': 0.006, 'embed': 0.068}
[g4_fold2] ep7 step161/249 loss=1.0059 {'ds': 0.353, 'seg': 0.486, 'cls': 0.582, 'special': 0.001, 'embed': 4.994}
[g4_fold2] ep7 step181/249 loss=1.0212 {'ds': 0.182, 'seg': 0.239, 'cls': 0.302, 'special': 0.001, 'embed': 9.416}
[g4_fold2] ep7 step201/249 loss=0.8877 {'ds': 0.427, 'seg': 0.571, 'cls': 0.502, 'special': 0.005, 'embed': 2.533}
[g4_fold2] ep7 step221/249 loss=1.1359 {'ds': 0.233, 'seg': 0.331, 'cls': 0.265, 'special': 0.003, 'embed': 9.837}
[g4_fold2] ep7 step241/249 loss=1.2636 {'ds': 0.814, 'seg': 1.137, 'cls': 0.278, 'special': 0.002, 'embed': 0.755}
[g4_fold2] epoch 7 loss=0.5200 dice_core=0.8399 dice_peri=0.8993 thr=[0.75, 0.7] (205s)
[g4_fold2] ep8 step21/249 loss=1.0365 {'ds': 0.13, 'seg': 0.163, 'cls': 0.494, 'special': 0.001, 'embed': 9.994}
[g4_fold2] ep8 step41/249 loss=0.6304 {'ds': 0.143, 'seg': 0.172, 'cls': 0.331, 'special': 0.004, 'embed': 5.0}
[g4_fold2] ep8 step61/249 loss=1.1010 {'ds': 0.203, 'seg': 0.255, 'cls': 0.388, 'special': 0.003, 'embed': 9.978}
[g4_fold2] ep8 step81/249 loss=0.6957 {'ds': 0.16, 'seg': 0.208, 'cls': 0.45, 'special': 0.001, 'embed': 4.999}
[g4_fold2] ep8 step101/249 loss=0.6385 {'ds': 0.139, 'seg': 0.173, 'cls': 0.36, 'special': 0.001, 'embed': 4.998}
[g4_fold2] ep8 step121/249 loss=1.1560 {'ds': 0.234, 'seg': 0.311, 'cls': 0.38, 'special': 0.001, 'embed': 9.998}
[g4_fold2] ep8 step141/249 loss=1.6673 {'ds': 0.814, 'seg': 1.144, 'cls': 0.594, 'special': 0.001, 'embed': 4.998}
[g4_fold2] ep8 step161/249 loss=1.3737 {'ds': 0.372, 'seg': 0.541, 'cls': 0.368, 'special': 0.024, 'embed': 9.788}
[g4_fold2] ep8 step181/249 loss=1.2577 {'ds': 0.61, 'seg': 0.846, 'cls': 0.293, 'special': 0.001, 'embed': 4.504}
[g4_fold2] ep8 step201/249 loss=0.7973 {'ds': 0.151, 'seg': 0.194, 'cls': 0.38, 'special': 0.0, 'embed': 6.774}
[g4_fold2] ep8 step221/249 loss=1.6320 {'ds': 0.58, 'seg': 0.803, 'cls': 0.31, 'special': 0.009, 'embed': 9.986}
[g4_fold2] ep8 step241/249 loss=0.9506 {'ds': 0.141, 'seg': 0.182, 'cls': 0.297, 'special': 0.001, 'embed': 9.25}
[g4_fold2] epoch 8 loss=0.5824 dice_core=0.8475 dice_peri=0.9065 thr=[0.8, 0.7] (196s)
[g4_fold2] ep9 step21/249 loss=0.2678 {'ds': 0.123, 'seg': 0.163, 'cls': 0.389, 'special': 0.029, 'embed': 0.011}
[g4_fold2] ep9 step41/249 loss=1.2959 {'ds': 0.585, 'seg': 0.828, 'cls': 0.391, 'special': 0.0, 'embed': 4.937}
[g4_fold2] ep9 step61/249 loss=0.6572 {'ds': 0.107, 'seg': 0.136, 'cls': 0.589, 'special': 0.0, 'embed': 4.99}
[g4_fold2] ep9 step81/249 loss=1.3109 {'ds': 0.594, 'seg': 0.83, 'cls': 0.431, 'special': 0.0, 'embed': 4.968}
[g4_fold2] ep9 step101/249 loss=1.1004 {'ds': 0.171, 'seg': 0.237, 'cls': 0.452, 'special': 0.004, 'embed': 9.992}
[g4_fold2] ep9 step121/249 loss=1.0589 {'ds': 0.167, 'seg': 0.222, 'cls': 0.348, 'special': 0.002, 'embed': 9.988}
[g4_fold2] ep9 step141/249 loss=1.2585 {'ds': 0.555, 'seg': 0.773, 'cls': 0.452, 'special': 0.001, 'embed': 4.958}
[g4_fold2] ep9 step161/249 loss=0.2145 {'ds': 0.095, 'seg': 0.128, 'cls': 0.319, 'special': 0.001, 'embed': 0.09}
[g4_fold2] ep9 step181/249 loss=1.1586 {'ds': 0.328, 'seg': 0.416, 'cls': 0.55, 'special': 0.001, 'embed': 8.062}
[g4_fold2] ep9 step201/249 loss=0.6636 {'ds': 0.36, 'seg': 0.498, 'cls': 0.654, 'special': 0.0, 'embed': 0.032}
[g4_fold2] ep9 step221/249 loss=1.1031 {'ds': 0.577, 'seg': 0.814, 'cls': 0.331, 'special': 0.001, 'embed': 2.741}
[g4_fold2] ep9 step241/249 loss=0.2913 {'ds': 0.145, 'seg': 0.188, 'cls': 0.28, 'special': 0.001, 'embed': 0.445}
[g4_fold2] epoch 9 loss=0.5598 dice_core=0.8562 dice_peri=0.9117 thr=[0.8, 0.65] (194s)
[g4_fold2] ep10 step21/249 loss=1.2157 {'ds': 0.507, 'seg': 0.7, 'cls': 0.562, 'special': 0.001, 'embed': 4.997}
[g4_fold2] ep10 step41/249 loss=1.5994 {'ds': 1.001, 'seg': 1.401, 'cls': 0.291, 'special': 0.001, 'embed': 1.672}
[g4_fold2] ep10 step61/249 loss=1.5337 {'ds': 0.758, 'seg': 1.07, 'cls': 0.345, 'special': 0.001, 'embed': 5.027}
[g4_fold2] ep10 step81/249 loss=0.5313 {'ds': 0.107, 'seg': 0.144, 'cls': 0.266, 'special': 0.001, 'embed': 4.275}
[g4_fold2] ep10 step101/249 loss=0.4093 {'ds': 0.228, 'seg': 0.323, 'cls': 0.338, 'special': 0.001, 'embed': 0.019}
[g4_fold2] ep10 step121/249 loss=0.4506 {'ds': 0.126, 'seg': 0.155, 'cls': 0.446, 'special': 0.0, 'embed': 2.454}
[g4_fold2] ep10 step141/249 loss=1.3042 {'ds': 0.55, 'seg': 0.761, 'cls': 0.254, 'special': 0.001, 'embed': 6.391}
[g4_fold2] ep10 step161/249 loss=0.7063 {'ds': 0.458, 'seg': 0.613, 'cls': 0.364, 'special': 0.0, 'embed': 0.03}
[g4_fold2] ep10 step181/249 loss=0.4419 {'ds': 0.239, 'seg': 0.317, 'cls': 0.461, 'special': 0.001, 'embed': 0.128}
[g4_fold2] ep10 step201/249 loss=0.9739 {'ds': 0.583, 'seg': 0.817, 'cls': 0.579, 'special': 0.0, 'embed': 0.161}
[g4_fold2] ep10 step221/249 loss=0.5392 {'ds': 0.164, 'seg': 0.227, 'cls': 0.302, 'special': 0.001, 'embed': 3.148}
[g4_fold2] ep10 step241/249 loss=0.9351 {'ds': 0.106, 'seg': 0.141, 'cls': 0.346, 'special': 0.001, 'embed': 9.431}
[g4_fold2] epoch 10 loss=0.5123 dice_core=0.8639 dice_peri=0.9169 thr=[0.75, 0.65] (197s)
[g4_fold2] ep11 step21/249 loss=0.8996 {'ds': 0.581, 'seg': 0.796, 'cls': 0.406, 'special': 0.0, 'embed': 0.026}
[g4_fold2] ep11 step41/249 loss=0.9317 {'ds': 0.568, 'seg': 0.788, 'cls': 0.511, 'special': 0.0, 'embed': 0.206}
[g4_fold2] ep11 step61/249 loss=0.4214 {'ds': 0.139, 'seg': 0.179, 'cls': 0.861, 'special': 0.001, 'embed': 0.359}
[g4_fold2] ep11 step81/249 loss=1.4279 {'ds': 0.416, 'seg': 0.552, 'cls': 0.524, 'special': 0.001, 'embed': 9.933}
[g4_fold2] ep11 step101/249 loss=0.4534 {'ds': 0.256, 'seg': 0.333, 'cls': 0.471, 'special': 0.002, 'embed': 0.032}
[g4_fold2] ep11 step121/249 loss=0.3973 {'ds': 0.186, 'seg': 0.252, 'cls': 0.558, 'special': 0.002, 'embed': 0.073}
[g4_fold2] ep11 step141/249 loss=1.3187 {'ds': 0.798, 'seg': 1.111, 'cls': 0.663, 'special': 0.001, 'embed': 0.559}
[g4_fold2] ep11 step161/249 loss=0.9136 {'ds': 0.55, 'seg': 0.765, 'cls': 0.586, 'special': 0.005, 'embed': 0.013}
[g4_fold2] ep11 step181/249 loss=0.6976 {'ds': 0.271, 'seg': 0.355, 'cls': 0.586, 'special': 0.004, 'embed': 2.603}
[g4_fold2] ep11 step201/249 loss=0.3776 {'ds': 0.149, 'seg': 0.19, 'cls': 0.304, 'special': 0.001, 'embed': 1.485}
[g4_fold2] ep11 step221/249 loss=0.9084 {'ds': 0.417, 'seg': 0.565, 'cls': 0.35, 'special': 0.001, 'embed': 3.4}
[g4_fold2] ep11 step241/249 loss=0.4850 {'ds': 0.161, 'seg': 0.185, 'cls': 0.343, 'special': 0.001, 'embed': 2.851}
[g4_fold2] epoch 11 loss=0.4989 dice_core=0.8689 dice_peri=0.9201 thr=[0.75, 0.6] (189s)
[g4_fold2] ep12 step21/249 loss=0.7823 {'ds': 0.156, 'seg': 0.216, 'cls': 0.378, 'special': 0.002, 'embed': 6.281}
[g4_fold2] ep12 step41/249 loss=1.0215 {'ds': 0.688, 'seg': 0.953, 'cls': 0.259, 'special': 0.007, 'embed': 0.026}
[g4_fold2] ep12 step61/249 loss=0.3889 {'ds': 0.272, 'seg': 0.28, 'cls': 0.426, 'special': 0.003, 'embed': 0.021}
[g4_fold2] ep12 step81/249 loss=1.0458 {'ds': 0.537, 'seg': 0.748, 'cls': 0.279, 'special': 0.001, 'embed': 3.036}
[g4_fold2] ep12 step101/249 loss=0.3537 {'ds': 0.172, 'seg': 0.217, 'cls': 0.536, 'special': 0.0, 'embed': 0.03}
[g4_fold2] ep12 step121/249 loss=0.5230 {'ds': 0.105, 'seg': 0.136, 'cls': 0.429, 'special': 0.001, 'embed': 3.729}
[g4_fold2] ep12 step141/249 loss=0.5669 {'ds': 0.347, 'seg': 0.455, 'cls': 0.445, 'special': 0.001, 'embed': 0.004}
[g4_fold2] ep12 step161/249 loss=0.2627 {'ds': 0.085, 'seg': 0.103, 'cls': 0.367, 'special': 0.0, 'embed': 0.902}
[g4_fold2] ep12 step181/249 loss=0.6153 {'ds': 0.218, 'seg': 0.278, 'cls': 0.485, 'special': 0.002, 'embed': 2.88}
[g4_fold2] ep12 step201/249 loss=0.3877 {'ds': 0.223, 'seg': 0.293, 'cls': 0.356, 'special': 0.002, 'embed': 0.063}
[g4_fold2] ep12 step221/249 loss=0.3930 {'ds': 0.181, 'seg': 0.243, 'cls': 0.282, 'special': 0.01, 'embed': 1.02}
[g4_fold2] ep12 step241/249 loss=0.4487 {'ds': 0.113, 'seg': 0.155, 'cls': 0.398, 'special': 0.005, 'embed': 2.578}
[g4_fold2] epoch 12 loss=0.4707 dice_core=0.8734 dice_peri=0.9231 thr=[0.75, 0.6] (208s)
[g4_fold2] ep13 step21/249 loss=1.6079 {'ds': 0.833, 'seg': 1.155, 'cls': 0.462, 'special': 0.001, 'embed': 4.502}
[g4_fold2] ep13 step41/249 loss=0.9224 {'ds': 0.548, 'seg': 0.763, 'cls': 0.634, 'special': 0.001, 'embed': 0.004}
[g4_fold2] ep13 step61/249 loss=1.1776 {'ds': 0.502, 'seg': 0.697, 'cls': 0.326, 'special': 0.001, 'embed': 5.321}
[g4_fold2] ep13 step81/249 loss=0.6401 {'ds': 0.295, 'seg': 0.41, 'cls': 0.472, 'special': 0.0, 'embed': 1.494}
[g4_fold2] ep13 step101/249 loss=0.3360 {'ds': 0.182, 'seg': 0.244, 'cls': 0.366, 'special': 0.0, 'embed': 0.0}
[g4_fold2] ep13 step121/249 loss=0.5565 {'ds': 0.341, 'seg': 0.477, 'cls': 0.318, 'special': 0.0, 'embed': 0.003}
[g4_fold2] ep13 step141/249 loss=0.2743 {'ds': 0.136, 'seg': 0.187, 'cls': 0.323, 'special': 0.002, 'embed': 0.086}
[g4_fold2] ep13 step161/249 loss=0.8026 {'ds': 0.336, 'seg': 0.474, 'cls': 0.41, 'special': 0.0, 'embed': 3.011}
[g4_fold2] ep13 step181/249 loss=0.3493 {'ds': 0.194, 'seg': 0.269, 'cls': 0.314, 'special': 0.0, 'embed': 0.021}
[g4_fold2] ep13 step201/249 loss=0.9633 {'ds': 0.366, 'seg': 0.498, 'cls': 0.554, 'special': 0.002, 'embed': 4.342}
[g4_fold2] ep13 step221/249 loss=1.1488 {'ds': 0.448, 'seg': 0.617, 'cls': 0.832, 'special': 0.0, 'embed': 4.309}
[g4_fold2] ep13 step241/249 loss=0.7492 {'ds': 0.198, 'seg': 0.264, 'cls': 0.426, 'special': 0.0, 'embed': 5.047}
[g4_fold2] epoch 13 loss=0.4475 dice_core=0.8768 dice_peri=0.9253 thr=[0.75, 0.6] (194s)
[g4_fold2] ep14 step21/249 loss=0.2424 {'ds': 0.127, 'seg': 0.165, 'cls': 0.303, 'special': 0.0, 'embed': 0.015}
[g4_fold2] ep14 step41/249 loss=0.6723 {'ds': 0.373, 'seg': 0.583, 'cls': 0.343, 'special': 0.013, 'embed': 0.002}
[g4_fold2] ep14 step61/249 loss=0.2189 {'ds': 0.108, 'seg': 0.13, 'cls': 0.295, 'special': 0.001, 'embed': 0.2}
[g4_fold2] ep14 step81/249 loss=0.4938 {'ds': 0.173, 'seg': 0.243, 'cls': 0.514, 'special': 0.0, 'embed': 1.634}
[g4_fold2] ep14 step101/249 loss=0.8972 {'ds': 0.562, 'seg': 0.778, 'cls': 0.382, 'special': 0.001, 'embed': 0.317}
[g4_fold2] ep14 step121/249 loss=0.2826 {'ds': 0.106, 'seg': 0.173, 'cls': 0.427, 'special': 0.006, 'embed': 0.015}
[g4_fold2] ep14 step141/249 loss=0.4124 {'ds': 0.129, 'seg': 0.174, 'cls': 0.309, 'special': 0.001, 'embed': 2.138}
[g4_fold2] ep14 step161/249 loss=0.7330 {'ds': 0.33, 'seg': 0.443, 'cls': 1.157, 'special': 0.004, 'embed': 0.001}
[g4_fold2] ep14 step181/249 loss=0.8236 {'ds': 0.534, 'seg': 0.752, 'cls': 0.281, 'special': 0.001, 'embed': 0.015}
[g4_fold2] ep14 step201/249 loss=0.5892 {'ds': 0.374, 'seg': 0.519, 'cls': 0.253, 'special': 0.003, 'embed': 0.078}
[g4_fold2] ep14 step221/249 loss=0.6224 {'ds': 0.377, 'seg': 0.527, 'cls': 0.25, 'special': 0.0, 'embed': 0.443}
[g4_fold2] ep14 step241/249 loss=0.5879 {'ds': 0.343, 'seg': 0.491, 'cls': 0.38, 'special': 0.002, 'embed': 0.016}
[g4_fold2] epoch 14 loss=0.4430 dice_core=0.8789 dice_peri=0.9270 thr=[0.7, 0.6] (193s)
[g4_fold2] ep15 step21/249 loss=0.9480 {'ds': 0.623, 'seg': 0.867, 'cls': 0.323, 'special': 0.001, 'embed': 0.004}
[g4_fold2] ep15 step41/249 loss=0.3318 {'ds': 0.149, 'seg': 0.218, 'cls': 0.445, 'special': 0.001, 'embed': 0.034}
[g4_fold2] ep15 step61/249 loss=0.2170 {'ds': 0.098, 'seg': 0.129, 'cls': 0.352, 'special': 0.0, 'embed': 0.001}
[g4_fold2] ep15 step81/249 loss=0.2767 {'ds': 0.145, 'seg': 0.199, 'cls': 0.291, 'special': 0.0, 'embed': 0.066}
[g4_fold2] ep15 step101/249 loss=1.0446 {'ds': 0.578, 'seg': 0.815, 'cls': 0.56, 'special': 0.0, 'embed': 1.196}
[g4_fold2] ep15 step121/249 loss=0.4440 {'ds': 0.25, 'seg': 0.337, 'cls': 0.421, 'special': 0.002, 'embed': 0.009}
[g4_fold2] ep15 step141/249 loss=0.2676 {'ds': 0.136, 'seg': 0.174, 'cls': 0.361, 'special': 0.001, 'embed': 0.042}
[g4_fold2] ep15 step161/249 loss=1.5505 {'ds': 0.729, 'seg': 1.013, 'cls': 0.776, 'special': 0.001, 'embed': 4.581}
[g4_fold2] ep15 step181/249 loss=0.2604 {'ds': 0.12, 'seg': 0.158, 'cls': 0.408, 'special': 0.001, 'embed': 0.006}
[g4_fold2] ep15 step201/249 loss=0.3493 {'ds': 0.168, 'seg': 0.235, 'cls': 0.454, 'special': 0.0, 'embed': 0.004}
[g4_fold2] ep15 step221/249 loss=0.4342 {'ds': 0.12, 'seg': 0.15, 'cls': 0.399, 'special': 0.001, 'embed': 2.457}
[g4_fold2] ep15 step241/249 loss=0.7876 {'ds': 0.367, 'seg': 0.513, 'cls': 0.927, 'special': 0.001, 'embed': 0.573}
[g4_fold2] epoch 15 loss=0.4392 dice_core=0.8802 dice_peri=0.9286 thr=[0.7, 0.55] (196s)
[g4_fold2] ep16 step21/249 loss=0.5403 {'ds': 0.335, 'seg': 0.457, 'cls': 0.331, 'special': 0.001, 'embed': 0.001}
[g4_fold2] ep16 step41/249 loss=0.6131 {'ds': 0.391, 'seg': 0.539, 'cls': 0.293, 'special': 0.001, 'embed': 0.002}
[g4_fold2] ep16 step61/249 loss=1.0440 {'ds': 0.562, 'seg': 0.894, 'cls': 0.593, 'special': 0.001, 'embed': 0.02}
[g4_fold2] ep16 step81/249 loss=0.4546 {'ds': 0.251, 'seg': 0.384, 'cls': 0.256, 'special': 0.0, 'embed': 0.086}
[g4_fold2] ep16 step101/249 loss=0.3043 {'ds': 0.15, 'seg': 0.192, 'cls': 0.319, 'special': 0.001, 'embed': 0.437}
[g4_fold2] ep16 step121/249 loss=0.6356 {'ds': 0.351, 'seg': 0.477, 'cls': 0.63, 'special': 0.001, 'embed': 0.011}
[g4_fold2] ep16 step141/249 loss=0.9490 {'ds': 0.552, 'seg': 0.768, 'cls': 0.503, 'special': 0.0, 'embed': 0.742}
[g4_fold2] ep16 step161/249 loss=0.3072 {'ds': 0.141, 'seg': 0.176, 'cls': 0.511, 'special': 0.0, 'embed': 0.047}
[g4_fold2] ep16 step181/249 loss=0.4599 {'ds': 0.233, 'seg': 0.349, 'cls': 0.299, 'special': 0.001, 'embed': 0.473}
[g4_fold2] ep16 step201/249 loss=0.6134 {'ds': 0.343, 'seg': 0.475, 'cls': 0.553, 'special': 0.001, 'embed': 0.002}
[g4_fold2] ep16 step221/249 loss=0.8722 {'ds': 0.444, 'seg': 0.728, 'cls': 0.532, 'special': 0.0, 'embed': 0.146}
[g4_fold2] ep16 step241/249 loss=0.2724 {'ds': 0.144, 'seg': 0.193, 'cls': 0.288, 'special': 0.0, 'embed': 0.1}
[g4_fold2] epoch 16 loss=0.3927 dice_core=0.8811 dice_peri=0.9297 thr=[0.7, 0.5] (201s)
[g4_fold2] ep17 step21/249 loss=0.8409 {'ds': 0.469, 'seg': 0.762, 'cls': 0.305, 'special': 0.001, 'embed': 0.032}
[g4_fold2] ep17 step41/249 loss=0.6401 {'ds': 0.156, 'seg': 0.219, 'cls': 0.185, 'special': 0.001, 'embed': 5.0}
[g4_fold2] ep17 step61/249 loss=1.3638 {'ds': 0.436, 'seg': 0.722, 'cls': 0.587, 'special': 0.001, 'embed': 6.591}
[g4_fold2] ep17 step81/249 loss=0.3333 {'ds': 0.167, 'seg': 0.233, 'cls': 0.343, 'special': 0.0, 'embed': 0.193}
[g4_fold2] ep17 step101/249 loss=0.2027 {'ds': 0.099, 'seg': 0.13, 'cls': 0.286, 'special': 0.002, 'embed': 0.004}
[g4_fold2] ep17 step121/249 loss=0.9066 {'ds': 0.59, 'seg': 0.813, 'cls': 0.371, 'special': 0.002, 'embed': 0.004}
[g4_fold2] ep17 step141/249 loss=0.2627 {'ds': 0.126, 'seg': 0.172, 'cls': 0.355, 'special': 0.002, 'embed': 0.02}
[g4_fold2] ep17 step161/249 loss=0.3349 {'ds': 0.148, 'seg': 0.205, 'cls': 0.497, 'special': 0.001, 'embed': 0.072}
[g4_fold2] ep17 step181/249 loss=0.3073 {'ds': 0.174, 'seg': 0.22, 'cls': 0.346, 'special': 0.002, 'embed': 0.006}
[g4_fold2] ep17 step201/249 loss=0.3786 {'ds': 0.194, 'seg': 0.258, 'cls': 0.472, 'special': 0.001, 'embed': 0.035}
[g4_fold2] ep17 step221/249 loss=0.8090 {'ds': 0.38, 'seg': 0.547, 'cls': 1.04, 'special': 0.001, 'embed': 0.018}
[g4_fold2] ep17 step241/249 loss=0.2902 {'ds': 0.166, 'seg': 0.209, 'cls': 0.324, 'special': 0.001, 'embed': 0.004}
[g4_fold2] epoch 17 loss=0.4229 dice_core=0.8819 dice_peri=0.9305 thr=[0.65, 0.5] (208s)
[g4_fold2] ep18 step21/249 loss=0.3305 {'ds': 0.108, 'seg': 0.138, 'cls': 0.376, 'special': 0.001, 'embed': 1.307}
[g4_fold2] ep18 step41/249 loss=0.3415 {'ds': 0.184, 'seg': 0.252, 'cls': 0.355, 'special': 0.0, 'embed': 0.004}
[g4_fold2] ep18 step61/249 loss=0.2589 {'ds': 0.124, 'seg': 0.175, 'cls': 0.33, 'special': 0.001, 'embed': 0.015}
[g4_fold2] ep18 step81/249 loss=0.6944 {'ds': 0.376, 'seg': 0.546, 'cls': 0.587, 'special': 0.001, 'embed': 0.019}
[g4_fold2] ep18 step101/249 loss=0.8932 {'ds': 0.491, 'seg': 0.809, 'cls': 0.315, 'special': 0.002, 'embed': 0.069}
[g4_fold2] ep18 step121/249 loss=0.4281 {'ds': 0.227, 'seg': 0.318, 'cls': 0.431, 'special': 0.001, 'embed': 0.032}
[g4_fold2] ep18 step141/249 loss=0.2045 {'ds': 0.094, 'seg': 0.118, 'cls': 0.342, 'special': 0.001, 'embed': 0.016}
[g4_fold2] ep18 step161/249 loss=0.8315 {'ds': 0.428, 'seg': 0.718, 'cls': 0.433, 'special': 0.0, 'embed': 0.07}
[g4_fold2] ep18 step181/249 loss=0.2748 {'ds': 0.151, 'seg': 0.202, 'cls': 0.256, 'special': 0.0, 'embed': 0.111}
[g4_fold2] ep18 step201/249 loss=1.2815 {'ds': 0.738, 'seg': 1.128, 'cls': 0.609, 'special': 0.0, 'embed': 0.02}
[g4_fold2] ep18 step221/249 loss=0.7889 {'ds': 0.416, 'seg': 0.697, 'cls': 0.361, 'special': 0.001, 'embed': 0.016}
[g4_fold2] ep18 step241/249 loss=0.9227 {'ds': 0.621, 'seg': 0.84, 'cls': 0.282, 'special': 0.0, 'embed': 0.159}
[g4_fold2] epoch 18 loss=0.4131 dice_core=0.8830 dice_peri=0.9315 thr=[0.6, 0.5] (206s)
[g4_fold2] ep19 step21/249 loss=0.4313 {'ds': 0.242, 'seg': 0.32, 'cls': 0.445, 'special': 0.001, 'embed': 0.001}
[g4_fold2] ep19 step41/249 loss=0.2225 {'ds': 0.109, 'seg': 0.145, 'cls': 0.306, 'special': 0.001, 'embed': 0.015}
[g4_fold2] ep19 step61/249 loss=0.5556 {'ds': 0.258, 'seg': 0.338, 'cls': 0.87, 'special': 0.0, 'embed': 0.002}
[g4_fold2] ep19 step81/249 loss=0.8375 {'ds': 0.446, 'seg': 0.746, 'cls': 0.351, 'special': 0.001, 'embed': 0.043}
[g4_fold2] ep19 step101/249 loss=0.2683 {'ds': 0.144, 'seg': 0.199, 'cls': 0.261, 'special': 0.0, 'embed': 0.047}
[g4_fold2] ep19 step121/249 loss=0.3005 {'ds': 0.167, 'seg': 0.229, 'cls': 0.28, 'special': 0.0, 'embed': 0.014}
[g4_fold2] ep19 step141/249 loss=0.2305 {'ds': 0.099, 'seg': 0.135, 'cls': 0.375, 'special': 0.0, 'embed': 0.027}
[g4_fold2] ep19 step161/249 loss=0.7847 {'ds': 0.454, 'seg': 0.603, 'cls': 0.7, 'special': 0.001, 'embed': 0.084}
[g4_fold2] ep19 step181/249 loss=1.5665 {'ds': 0.899, 'seg': 1.38, 'cls': 0.464, 'special': 0.001, 'embed': 0.942}
[g4_fold2] ep19 step201/249 loss=0.2932 {'ds': 0.155, 'seg': 0.206, 'cls': 0.347, 'special': 0.002, 'embed': 0.002}
[g4_fold2] ep19 step221/249 loss=0.3040 {'ds': 0.16, 'seg': 0.211, 'cls': 0.361, 'special': 0.0, 'embed': 0.034}
[g4_fold2] ep19 step241/249 loss=0.8896 {'ds': 0.498, 'seg': 0.806, 'cls': 0.325, 'special': 0.0, 'embed': 0.037}
[g4_fold2] epoch 19 loss=0.4237 dice_core=0.8845 dice_peri=0.9324 thr=[0.65, 0.5] (209s)
[g4_fold2] ep20 step21/249 loss=0.5799 {'ds': 0.32, 'seg': 0.455, 'cls': 0.398, 'special': 0.001, 'embed': 0.332}
[g4_fold2] ep20 step41/249 loss=0.8353 {'ds': 0.554, 'seg': 0.725, 'cls': 0.408, 'special': 0.0, 'embed': 0.11}
[g4_fold2] ep20 step61/249 loss=0.2448 {'ds': 0.118, 'seg': 0.155, 'cls': 0.318, 'special': 0.001, 'embed': 0.13}
[g4_fold2] ep20 step81/249 loss=0.3037 {'ds': 0.17, 'seg': 0.23, 'cls': 0.277, 'special': 0.001, 'embed': 0.049}
[g4_fold2] ep20 step101/249 loss=0.3621 {'ds': 0.209, 'seg': 0.27, 'cls': 0.363, 'special': 0.0, 'embed': 0.023}
[g4_fold2] ep20 step121/249 loss=0.4829 {'ds': 0.077, 'seg': 0.101, 'cls': 0.51, 'special': 0.001, 'embed': 3.391}
[g4_fold2] ep20 step141/249 loss=0.4193 {'ds': 0.2, 'seg': 0.259, 'cls': 0.335, 'special': 0.001, 'embed': 1.018}
[g4_fold2] ep20 step161/249 loss=0.6342 {'ds': 0.378, 'seg': 0.521, 'cls': 0.414, 'special': 0.001, 'embed': 0.128}
[g4_fold2] ep20 step181/249 loss=0.4261 {'ds': 0.249, 'seg': 0.351, 'cls': 0.296, 'special': 0.0, 'embed': 0.011}
[g4_fold2] ep20 step201/249 loss=0.2317 {'ds': 0.107, 'seg': 0.15, 'cls': 0.323, 'special': 0.001, 'embed': 0.011}
[g4_fold2] ep20 step221/249 loss=1.0383 {'ds': 0.516, 'seg': 0.968, 'cls': 0.268, 'special': 0.001, 'embed': 0.039}
[g4_fold2] ep20 step241/249 loss=0.4654 {'ds': 0.24, 'seg': 0.323, 'cls': 0.562, 'special': 0.006, 'embed': 0.005}
[g4_fold2] epoch 20 loss=0.4036 dice_core=0.8851 dice_peri=0.9333 thr=[0.6, 0.5] (202s)
[g4_fold2] ep21 step21/249 loss=1.0816 {'ds': 0.349, 'seg': 0.418, 'cls': 0.342, 'special': 0.001, 'embed': 7.701}
[g4_fold2] ep21 step41/249 loss=0.3455 {'ds': 0.165, 'seg': 0.226, 'cls': 0.474, 'special': 0.0, 'embed': 0.015}
[g4_fold2] ep21 step61/249 loss=0.9297 {'ds': 0.487, 'seg': 0.814, 'cls': 0.313, 'special': 0.041, 'embed': 0.358}
[g4_fold2] ep21 step81/249 loss=0.3737 {'ds': 0.146, 'seg': 0.175, 'cls': 0.275, 'special': 0.002, 'embed': 1.722}
[g4_fold2] ep21 step101/249 loss=1.0659 {'ds': 0.482, 'seg': 0.821, 'cls': 0.471, 'special': 0.0, 'embed': 1.693}
[g4_fold2] ep21 step121/249 loss=0.7847 {'ds': 0.412, 'seg': 0.699, 'cls': 0.341, 'special': 0.0, 'embed': 0.005}
[g4_fold2] ep21 step141/249 loss=0.2405 {'ds': 0.113, 'seg': 0.153, 'cls': 0.347, 'special': 0.0, 'embed': 0.006}
[g4_fold2] ep21 step161/249 loss=0.2374 {'ds': 0.065, 'seg': 0.106, 'cls': 0.437, 'special': 0.0, 'embed': 0.289}
[g4_fold2] ep21 step181/249 loss=0.8164 {'ds': 0.403, 'seg': 0.689, 'cls': 0.507, 'special': 0.002, 'embed': 0.005}
[g4_fold2] ep21 step201/249 loss=0.5935 {'ds': 0.239, 'seg': 0.307, 'cls': 0.529, 'special': 0.001, 'embed': 2.057}
[g4_fold2] ep21 step221/249 loss=0.6422 {'ds': 0.33, 'seg': 0.45, 'cls': 0.764, 'special': 0.001, 'embed': 0.019}
[g4_fold2] ep21 step241/249 loss=1.4583 {'ds': 0.743, 'seg': 1.284, 'cls': 0.447, 'special': 0.01, 'embed': 0.8}
[g4_fold2] epoch 21 loss=0.4269 dice_core=0.8862 dice_peri=0.9341 thr=[0.6, 0.45] (192s)
[g4_fold2] ep22 step21/249 loss=0.2216 {'ds': 0.1, 'seg': 0.129, 'cls': 0.337, 'special': 0.001, 'embed': 0.105}
[g4_fold2] ep22 step41/249 loss=0.1851 {'ds': 0.082, 'seg': 0.106, 'cls': 0.312, 'special': 0.002, 'embed': 0.002}
[g4_fold2] ep22 step61/249 loss=0.4122 {'ds': 0.197, 'seg': 0.269, 'cls': 0.573, 'special': 0.001, 'embed': 0.001}
[g4_fold2] ep22 step81/249 loss=0.9958 {'ds': 0.608, 'seg': 0.846, 'cls': 0.595, 'special': 0.001, 'embed': 0.008}
[g4_fold2] ep22 step101/249 loss=0.9471 {'ds': 0.5, 'seg': 0.827, 'cls': 0.473, 'special': 0.001, 'embed': 0.016}
[g4_fold2] ep22 step121/249 loss=0.2113 {'ds': 0.108, 'seg': 0.15, 'cls': 0.237, 'special': 0.002, 'embed': 0.017}
[g4_fold2] ep22 step141/249 loss=0.3921 {'ds': 0.239, 'seg': 0.314, 'cls': 0.31, 'special': 0.001, 'embed': 0.007}
[g4_fold2] ep22 step161/249 loss=0.4842 {'ds': 0.26, 'seg': 0.357, 'cls': 0.505, 'special': 0.0, 'embed': 0.011}
[g4_fold2] ep22 step181/249 loss=0.3153 {'ds': 0.153, 'seg': 0.212, 'cls': 0.409, 'special': 0.0, 'embed': 0.009}
[g4_fold2] ep22 step201/249 loss=0.6469 {'ds': 0.354, 'seg': 0.488, 'cls': 0.622, 'special': 0.001, 'embed': 0.039}
[g4_fold2] ep22 step221/249 loss=0.5688 {'ds': 0.336, 'seg': 0.473, 'cls': 0.378, 'special': 0.001, 'embed': 0.015}
[g4_fold2] ep22 step241/249 loss=0.4843 {'ds': 0.326, 'seg': 0.366, 'cls': 0.472, 'special': 0.001, 'embed': 0.003}
[g4_fold2] epoch 22 loss=0.3807 dice_core=0.8870 dice_peri=0.9349 thr=[0.6, 0.45] (208s)
[g4_fold2] ep23 step21/249 loss=0.8888 {'ds': 0.586, 'seg': 0.806, 'cls': 0.271, 'special': 0.0, 'embed': 0.194}
[g4_fold2] ep23 step41/249 loss=0.4254 {'ds': 0.218, 'seg': 0.292, 'cls': 0.507, 'special': 0.0, 'embed': 0.091}
[g4_fold2] ep23 step61/249 loss=0.8861 {'ds': 0.555, 'seg': 0.77, 'cls': 0.461, 'special': 0.001, 'embed': 0.011}
[g4_fold2] ep23 step81/249 loss=0.2507 {'ds': 0.139, 'seg': 0.176, 'cls': 0.294, 'special': 0.001, 'embed': 0.008}
[g4_fold2] ep23 step101/249 loss=0.2139 {'ds': 0.107, 'seg': 0.141, 'cls': 0.29, 'special': 0.0, 'embed': 0.006}
[g4_fold2] ep23 step121/249 loss=0.8801 {'ds': 0.43, 'seg': 0.725, 'cls': 0.615, 'special': 0.001, 'embed': 0.012}
[g4_fold2] ep23 step141/249 loss=0.2770 {'ds': 0.164, 'seg': 0.199, 'cls': 0.31, 'special': 0.001, 'embed': 0.007}
[g4_fold2] ep23 step161/249 loss=0.2720 {'ds': 0.134, 'seg': 0.184, 'cls': 0.335, 'special': 0.001, 'embed': 0.048}
[g4_fold2] ep23 step181/249 loss=0.2705 {'ds': 0.123, 'seg': 0.148, 'cls': 0.485, 'special': 0.0, 'embed': 0.009}
[g4_fold2] ep23 step201/249 loss=0.6507 {'ds': 0.379, 'seg': 0.533, 'cls': 0.467, 'special': 0.001, 'embed': 0.007}
[g4_fold2] ep23 step221/249 loss=0.6699 {'ds': 0.371, 'seg': 0.515, 'cls': 0.616, 'special': 0.001, 'embed': 0.003}
[g4_fold2] ep23 step241/249 loss=0.2605 {'ds': 0.123, 'seg': 0.16, 'cls': 0.4, 'special': 0.001, 'embed': 0.008}
[g4_fold2] epoch 23 loss=0.3758 dice_core=0.8878 dice_peri=0.9356 thr=[0.6, 0.45] (193s)
[g4_fold2] ep24 step21/249 loss=0.5303 {'ds': 0.215, 'seg': 0.416, 'cls': 0.451, 'special': 0.001, 'embed': 0.013}
[g4_fold2] ep24 step41/249 loss=0.3143 {'ds': 0.19, 'seg': 0.247, 'cls': 0.268, 'special': 0.002, 'embed': 0.007}
[g4_fold2] ep24 step61/249 loss=0.3489 {'ds': 0.165, 'seg': 0.207, 'cls': 0.558, 'special': 0.0, 'embed': 0.033}
[g4_fold2] ep24 step81/249 loss=0.8161 {'ds': 0.419, 'seg': 0.703, 'cls': 0.444, 'special': 0.0, 'embed': 0.024}
[g4_fold2] ep24 step101/249 loss=0.2428 {'ds': 0.092, 'seg': 0.125, 'cls': 0.468, 'special': 0.0, 'embed': 0.009}
[g4_fold2] ep24 step121/249 loss=0.6747 {'ds': 0.397, 'seg': 0.552, 'cls': 0.49, 'special': 0.001, 'embed': 0.005}
[g4_fold2] ep24 step141/249 loss=0.6472 {'ds': 0.382, 'seg': 0.534, 'cls': 0.452, 'special': 0.0, 'embed': 0.004}
[g4_fold2] ep24 step161/249 loss=0.3221 {'ds': 0.167, 'seg': 0.236, 'cls': 0.344, 'special': 0.0, 'embed': 0.003}
[g4_fold2] ep24 step181/249 loss=0.2220 {'ds': 0.092, 'seg': 0.122, 'cls': 0.384, 'special': 0.0, 'embed': 0.056}
[g4_fold2] ep24 step201/249 loss=0.5331 {'ds': 0.342, 'seg': 0.483, 'cls': 0.2, 'special': 0.0, 'embed': 0.003}
[g4_fold2] ep24 step221/249 loss=0.2344 {'ds': 0.117, 'seg': 0.155, 'cls': 0.311, 'special': 0.0, 'embed': 0.017}
[g4_fold2] ep24 step241/249 loss=0.3046 {'ds': 0.18, 'seg': 0.248, 'cls': 0.221, 'special': 0.0, 'embed': 0.014}
[g4_fold2] epoch 24 loss=0.3495 dice_core=0.8883 dice_peri=0.9363 thr=[0.6, 0.45] (199s)
[g4_fold2] ep25 step21/249 loss=0.2167 {'ds': 0.099, 'seg': 0.134, 'cls': 0.326, 'special': 0.0, 'embed': 0.014}
[g4_fold2] ep25 step41/249 loss=0.2373 {'ds': 0.114, 'seg': 0.154, 'cls': 0.332, 'special': 0.0, 'embed': 0.006}
[g4_fold2] ep25 step61/249 loss=0.2632 {'ds': 0.127, 'seg': 0.186, 'cls': 0.307, 'special': 0.0, 'embed': 0.009}
[g4_fold2] ep25 step81/249 loss=0.5903 {'ds': 0.318, 'seg': 0.44, 'cls': 0.598, 'special': 0.0, 'embed': 0.007}
[g4_fold2] ep25 step101/249 loss=0.2307 {'ds': 0.118, 'seg': 0.151, 'cls': 0.317, 'special': 0.0, 'embed': 0.004}
[g4_fold2] ep25 step121/249 loss=0.5855 {'ds': 0.338, 'seg': 0.475, 'cls': 0.44, 'special': 0.0, 'embed': 0.006}
[g4_fold2] ep25 step141/249 loss=0.6940 {'ds': 0.46, 'seg': 0.63, 'cls': 0.253, 'special': 0.0, 'embed': 0.003}
[g4_fold2] ep25 step161/249 loss=0.9298 {'ds': 0.471, 'seg': 0.76, 'cls': 0.678, 'special': 0.0, 'embed': 0.01}
[g4_fold2] ep25 step181/249 loss=0.2732 {'ds': 0.119, 'seg': 0.17, 'cls': 0.406, 'special': 0.002, 'embed': 0.011}
[g4_fold2] ep25 step201/249 loss=0.6699 {'ds': 0.362, 'seg': 0.509, 'cls': 0.641, 'special': 0.0, 'embed': 0.013}
[g4_fold2] ep25 step221/249 loss=0.1835 {'ds': 0.074, 'seg': 0.103, 'cls': 0.318, 'special': 0.001, 'embed': 0.013}
[g4_fold2] ep25 step241/249 loss=0.3318 {'ds': 0.153, 'seg': 0.199, 'cls': 0.529, 'special': 0.0, 'embed': 0.007}
[g4_fold2] epoch 25 loss=0.3769 dice_core=0.8891 dice_peri=0.9369 thr=[0.6, 0.5] (213s)
[g4_fold2] ep26 step21/249 loss=0.2885 {'ds': 0.153, 'seg': 0.211, 'cls': 0.308, 'special': 0.001, 'embed': 0.008}
[g4_fold2] ep26 step41/249 loss=0.3919 {'ds': 0.202, 'seg': 0.302, 'cls': 0.354, 'special': 0.001, 'embed': 0.01}
[g4_fold2] ep26 step61/249 loss=0.8009 {'ds': 0.42, 'seg': 0.712, 'cls': 0.319, 'special': 0.0, 'embed': 0.124}
[g4_fold2] ep26 step81/249 loss=0.6133 {'ds': 0.267, 'seg': 0.366, 'cls': 0.985, 'special': 0.0, 'embed': 0.005}
[g4_fold2] ep26 step101/249 loss=0.2332 {'ds': 0.104, 'seg': 0.128, 'cls': 0.403, 'special': 0.0, 'embed': 0.05}
[g4_fold2] ep26 step121/249 loss=0.6058 {'ds': 0.345, 'seg': 0.508, 'cls': 0.385, 'special': 0.001, 'embed': 0.01}
[g4_fold2] ep26 step141/249 loss=0.1848 {'ds': 0.084, 'seg': 0.112, 'cls': 0.287, 'special': 0.001, 'embed': 0.015}
[g4_fold2] ep26 step161/249 loss=0.3262 {'ds': 0.171, 'seg': 0.246, 'cls': 0.32, 'special': 0.0, 'embed': 0.007}
[g4_fold2] ep26 step181/249 loss=0.3181 {'ds': 0.181, 'seg': 0.247, 'cls': 0.281, 'special': 0.0, 'embed': 0.005}
[g4_fold2] ep26 step201/249 loss=0.6162 {'ds': 0.333, 'seg': 0.464, 'cls': 0.607, 'special': 0.0, 'embed': 0.005}
[g4_fold2] ep26 step221/249 loss=0.2393 {'ds': 0.127, 'seg': 0.17, 'cls': 0.276, 'special': 0.0, 'embed': 0.004}
[g4_fold2] ep26 step241/249 loss=0.2883 {'ds': 0.142, 'seg': 0.208, 'cls': 0.309, 'special': 0.0, 'embed': 0.046}
[g4_fold2] epoch 26 loss=0.3707 dice_core=0.8895 dice_peri=0.9374 thr=[0.65, 0.45] (197s)
[g4_fold2] ep27 step21/249 loss=0.2773 {'ds': 0.139, 'seg': 0.176, 'cls': 0.403, 'special': 0.0, 'embed': 0.002}
[g4_fold2] ep27 step41/249 loss=0.4092 {'ds': 0.214, 'seg': 0.293, 'cls': 0.46, 'special': 0.0, 'embed': 0.022}
[g4_fold2] ep27 step61/249 loss=0.6858 {'ds': 0.357, 'seg': 0.569, 'cls': 0.462, 'special': 0.0, 'embed': 0.014}
[g4_fold2] ep27 step81/249 loss=0.2710 {'ds': 0.138, 'seg': 0.184, 'cls': 0.342, 'special': 0.0, 'embed': 0.021}
[g4_fold2] ep27 step101/249 loss=0.4405 {'ds': 0.252, 'seg': 0.353, 'cls': 0.342, 'special': 0.0, 'embed': 0.025}
[g4_fold2] ep27 step121/249 loss=0.8499 {'ds': 0.446, 'seg': 0.74, 'cls': 0.419, 'special': 0.0, 'embed': 0.064}
[g4_fold2] ep27 step141/249 loss=0.5363 {'ds': 0.322, 'seg': 0.419, 'cls': 0.463, 'special': 0.001, 'embed': 0.011}
[g4_fold2] ep27 step161/249 loss=0.5995 {'ds': 0.355, 'seg': 0.487, 'cls': 0.447, 'special': 0.002, 'embed': 0.002}
[g4_fold2] ep27 step181/249 loss=0.1996 {'ds': 0.094, 'seg': 0.123, 'cls': 0.298, 'special': 0.0, 'embed': 0.029}
[g4_fold2] ep27 step201/249 loss=0.2701 {'ds': 0.128, 'seg': 0.164, 'cls': 0.424, 'special': 0.001, 'embed': 0.003}
[g4_fold2] ep27 step221/249 loss=0.2488 {'ds': 0.117, 'seg': 0.16, 'cls': 0.328, 'special': 0.0, 'embed': 0.096}
[g4_fold2] ep27 step241/249 loss=0.2962 {'ds': 0.153, 'seg': 0.209, 'cls': 0.347, 'special': 0.001, 'embed': 0.01}
[g4_fold2] epoch 27 loss=0.3834 dice_core=0.8899 dice_peri=0.9377 thr=[0.6, 0.45] (207s)
[g4_fold2] ep28 step21/249 loss=0.2810 {'ds': 0.157, 'seg': 0.217, 'cls': 0.251, 'special': 0.0, 'embed': 0.015}
[g4_fold2] ep28 step41/249 loss=0.3142 {'ds': 0.141, 'seg': 0.197, 'cls': 0.467, 'special': 0.0, 'embed': 0.006}
[g4_fold2] ep28 step61/249 loss=0.3035 {'ds': 0.173, 'seg': 0.232, 'cls': 0.282, 'special': 0.001, 'embed': 0.005}
[g4_fold2] ep28 step81/249 loss=0.9788 {'ds': 0.444, 'seg': 0.747, 'cls': 0.919, 'special': 0.0, 'embed': 0.029}
[g4_fold2] ep28 step101/249 loss=1.0818 {'ds': 0.606, 'seg': 0.846, 'cls': 0.942, 'special': 0.0, 'embed': 0.004}
[g4_fold2] ep28 step121/249 loss=0.6219 {'ds': 0.341, 'seg': 0.475, 'cls': 0.58, 'special': 0.0, 'embed': 0.024}
[g4_fold2] ep28 step141/249 loss=0.8114 {'ds': 0.445, 'seg': 0.743, 'cls': 0.27, 'special': 0.0, 'embed': 0.007}
[g4_fold2] ep28 step161/249 loss=0.2916 {'ds': 0.122, 'seg': 0.158, 'cls': 0.535, 'special': 0.0, 'embed': 0.004}
[g4_fold2] ep28 step181/249 loss=0.1999 {'ds': 0.071, 'seg': 0.089, 'cls': 0.444, 'special': 0.0, 'embed': 0.002}
[g4_fold2] ep28 step201/249 loss=0.4236 {'ds': 0.194, 'seg': 0.255, 'cls': 0.658, 'special': 0.0, 'embed': 0.056}
[g4_fold2] ep28 step221/249 loss=0.2408 {'ds': 0.131, 'seg': 0.169, 'cls': 0.277, 'special': 0.0, 'embed': 0.032}
[g4_fold2] ep28 step241/249 loss=0.1915 {'ds': 0.094, 'seg': 0.118, 'cls': 0.291, 'special': 0.0, 'embed': 0.009}
[g4_fold2] epoch 28 loss=0.3816 dice_core=0.8903 dice_peri=0.9379 thr=[0.6, 0.45] (205s)
[g4_fold2] ep29 step21/249 loss=1.0721 {'ds': 0.526, 'seg': 0.863, 'cls': 0.832, 'special': 0.0, 'embed': 0.009}
[g4_fold2] ep29 step41/249 loss=1.5051 {'ds': 0.942, 'seg': 1.434, 'cls': 0.282, 'special': 0.0, 'embed': 0.011}
[g4_fold2] ep29 step61/249 loss=0.2443 {'ds': 0.103, 'seg': 0.14, 'cls': 0.407, 'special': 0.0, 'embed': 0.025}
[g4_fold2] ep29 step81/249 loss=0.2036 {'ds': 0.091, 'seg': 0.125, 'cls': 0.313, 'special': 0.0, 'embed': 0.007}
[g4_fold2] ep29 step101/249 loss=0.2370 {'ds': 0.105, 'seg': 0.146, 'cls': 0.363, 'special': 0.0, 'embed': 0.004}
[g4_fold2] ep29 step121/249 loss=0.1956 {'ds': 0.096, 'seg': 0.127, 'cls': 0.272, 'special': 0.0, 'embed': 0.003}
[g4_fold2] ep29 step141/249 loss=0.2411 {'ds': 0.123, 'seg': 0.164, 'cls': 0.304, 'special': 0.0, 'embed': 0.008}
[g4_fold2] ep29 step161/249 loss=0.4031 {'ds': 0.205, 'seg': 0.281, 'cls': 0.483, 'special': 0.0, 'embed': 0.017}
[g4_fold2] ep29 step181/249 loss=0.7894 {'ds': 0.406, 'seg': 0.699, 'cls': 0.36, 'special': 0.0, 'embed': 0.009}
[g4_fold2] ep29 step201/249 loss=0.3602 {'ds': 0.172, 'seg': 0.251, 'cls': 0.427, 'special': 0.0, 'embed': 0.038}
[g4_fold2] ep29 step221/249 loss=0.3324 {'ds': 0.183, 'seg': 0.256, 'cls': 0.302, 'special': 0.001, 'embed': 0.009}
[g4_fold2] ep29 step241/249 loss=0.7788 {'ds': 0.424, 'seg': 0.713, 'cls': 0.245, 'special': 0.0, 'embed': 0.06}
[g4_fold2] epoch 29 loss=0.3829 dice_core=0.8899 dice_peri=0.9382 thr=[0.6, 0.45] (200s)
[g4_fold2] ep30 step21/249 loss=0.2874 {'ds': 0.152, 'seg': 0.2, 'cls': 0.329, 'special': 0.0, 'embed': 0.065}
[g4_fold2] ep30 step41/249 loss=0.2004 {'ds': 0.063, 'seg': 0.084, 'cls': 0.415, 'special': 0.001, 'embed': 0.161}
[g4_fold2] ep30 step61/249 loss=0.1827 {'ds': 0.09, 'seg': 0.117, 'cls': 0.257, 'special': 0.003, 'embed': 0.006}
[g4_fold2] ep30 step81/249 loss=0.2650 {'ds': 0.167, 'seg': 0.19, 'cls': 0.248, 'special': 0.001, 'embed': 0.176}
[g4_fold2] ep30 step101/249 loss=0.3611 {'ds': 0.19, 'seg': 0.268, 'cls': 0.367, 'special': 0.0, 'embed': 0.022}
[g4_fold2] ep30 step121/249 loss=0.5561 {'ds': 0.356, 'seg': 0.483, 'cls': 0.291, 'special': 0.0, 'embed': 0.003}
[g4_fold2] ep30 step141/249 loss=0.4954 {'ds': 0.193, 'seg': 0.262, 'cls': 0.933, 'special': 0.0, 'embed': 0.008}
[g4_fold2] ep30 step161/249 loss=0.2849 {'ds': 0.155, 'seg': 0.212, 'cls': 0.289, 'special': 0.0, 'embed': 0.007}
[g4_fold2] ep30 step181/249 loss=0.7845 {'ds': 0.419, 'seg': 0.711, 'cls': 0.284, 'special': 0.0, 'embed': 0.037}
[g4_fold2] ep30 step201/249 loss=1.0969 {'ds': 0.68, 'seg': 0.954, 'cls': 0.568, 'special': 0.0, 'embed': 0.01}
[g4_fold2] ep30 step221/249 loss=1.0998 {'ds': 0.572, 'seg': 0.796, 'cls': 0.921, 'special': 0.0, 'embed': 0.976}
[g4_fold2] ep30 step241/249 loss=0.5399 {'ds': 0.246, 'seg': 0.461, 'cls': 0.281, 'special': 0.0, 'embed': 0.109}
[g4_fold2] epoch 30 loss=0.3811 dice_core=0.8901 dice_peri=0.9386 thr=[0.6, 0.45] (191s)
[g4_fold2] ep31 step21/249 loss=0.3370 {'ds': 0.184, 'seg': 0.228, 'cls': 0.42, 'special': 0.0, 'embed': 0.055}
[g4_fold2] ep31 step41/249 loss=0.4925 {'ds': 0.304, 'seg': 0.395, 'cls': 0.366, 'special': 0.0, 'embed': 0.077}
[g4_fold2] ep31 step61/249 loss=0.5538 {'ds': 0.259, 'seg': 0.352, 'cls': 0.807, 'special': 0.0, 'embed': 0.002}
[g4_fold2] ep31 step81/249 loss=0.6325 {'ds': 0.245, 'seg': 0.457, 'cls': 0.656, 'special': 0.0, 'embed': 0.158}
[g4_fold2] ep31 step101/249 loss=0.3169 {'ds': 0.089, 'seg': 0.111, 'cls': 0.451, 'special': 0.0, 'embed': 1.236}
[g4_fold2] ep31 step121/249 loss=0.2421 {'ds': 0.09, 'seg': 0.121, 'cls': 0.47, 'special': 0.001, 'embed': 0.041}
[g4_fold2] ep31 step141/249 loss=0.2897 {'ds': 0.172, 'seg': 0.204, 'cls': 0.323, 'special': 0.0, 'embed': 0.062}
[g4_fold2] ep31 step161/249 loss=1.2103 {'ds': 0.645, 'seg': 1.15, 'cls': 0.237, 'special': 0.0, 'embed': 0.007}
[g4_fold2] ep31 step181/249 loss=0.1893 {'ds': 0.089, 'seg': 0.113, 'cls': 0.304, 'special': 0.001, 'embed': 0.004}
[g4_fold2] ep31 step201/249 loss=0.3313 {'ds': 0.19, 'seg': 0.245, 'cls': 0.339, 'special': 0.0, 'embed': 0.015}
[g4_fold2] ep31 step221/249 loss=0.2400 {'ds': 0.14, 'seg': 0.171, 'cls': 0.269, 'special': 0.0, 'embed': 0.024}
[g4_fold2] ep31 step241/249 loss=0.3078 {'ds': 0.109, 'seg': 0.149, 'cls': 0.567, 'special': 0.0, 'embed': 0.231}
[g4_fold2] epoch 31 loss=0.4009 dice_core=0.8910 dice_peri=0.9390 thr=[0.6, 0.45] (197s)
[g4_fold2] ep32 step21/249 loss=0.3779 {'ds': 0.168, 'seg': 0.226, 'cls': 0.605, 'special': 0.0, 'embed': 0.007}
[g4_fold2] ep32 step41/249 loss=0.3918 {'ds': 0.14, 'seg': 0.184, 'cls': 0.83, 'special': 0.0, 'embed': 0.004}
[g4_fold2] ep32 step61/249 loss=0.6898 {'ds': 0.449, 'seg': 0.615, 'cls': 0.279, 'special': 0.001, 'embed': 0.069}
[g4_fold2] ep32 step81/249 loss=0.2201 {'ds': 0.113, 'seg': 0.143, 'cls': 0.304, 'special': 0.0, 'embed': 0.019}
[g4_fold2] ep32 step101/249 loss=0.2227 {'ds': 0.088, 'seg': 0.123, 'cls': 0.267, 'special': 0.0, 'embed': 0.437}
[g4_fold2] ep32 step121/249 loss=0.5470 {'ds': 0.186, 'seg': 0.383, 'cls': 0.298, 'special': 0.0, 'embed': 1.2}
[g4_fold2] ep32 step141/249 loss=0.8577 {'ds': 0.457, 'seg': 0.762, 'cls': 0.381, 'special': 0.0, 'embed': 0.001}
[g4_fold2] ep32 step161/249 loss=0.1832 {'ds': 0.092, 'seg': 0.115, 'cls': 0.26, 'special': 0.0, 'embed': 0.045}
[g4_fold2] ep32 step181/249 loss=1.0283 {'ds': 0.655, 'seg': 0.917, 'cls': 0.444, 'special': 0.0, 'embed': 0.01}
[g4_fold2] ep32 step201/249 loss=0.6441 {'ds': 0.238, 'seg': 0.46, 'cls': 0.733, 'special': 0.001, 'embed': 0.003}
[g4_fold2] ep32 step221/249 loss=0.1680 {'ds': 0.073, 'seg': 0.099, 'cls': 0.253, 'special': 0.0, 'embed': 0.069}
[g4_fold2] ep32 step241/249 loss=0.2032 {'ds': 0.09, 'seg': 0.12, 'cls': 0.313, 'special': 0.001, 'embed': 0.057}
[g4_fold2] epoch 32 loss=0.3654 dice_core=0.8920 dice_peri=0.9393 thr=[0.6, 0.45] (204s)
[g4_fold2] ep33 step21/249 loss=0.2264 {'ds': 0.105, 'seg': 0.14, 'cls': 0.338, 'special': 0.0, 'embed': 0.024}
[g4_fold2] ep33 step41/249 loss=0.1852 {'ds': 0.079, 'seg': 0.1, 'cls': 0.337, 'special': 0.001, 'embed': 0.012}
[g4_fold2] ep33 step61/249 loss=0.4560 {'ds': 0.235, 'seg': 0.306, 'cls': 0.593, 'special': 0.0, 'embed': 0.02}
[g4_fold2] ep33 step81/249 loss=0.3571 {'ds': 0.203, 'seg': 0.279, 'cls': 0.313, 'special': 0.0, 'embed': 0.003}
[g4_fold2] ep33 step101/249 loss=0.2709 {'ds': 0.112, 'seg': 0.146, 'cls': 0.492, 'special': 0.0, 'embed': 0.02}
[g4_fold2] ep33 step121/249 loss=0.8038 {'ds': 0.411, 'seg': 0.696, 'cls': 0.428, 'special': 0.0, 'embed': 0.011}
[g4_fold2] ep33 step141/249 loss=0.3679 {'ds': 0.226, 'seg': 0.303, 'cls': 0.259, 'special': 0.0, 'embed': 0.002}
[g4_fold2] ep33 step161/249 loss=0.3216 {'ds': 0.189, 'seg': 0.257, 'cls': 0.249, 'special': 0.0, 'embed': 0.033}
[g4_fold2] ep33 step181/249 loss=0.3482 {'ds': 0.183, 'seg': 0.243, 'cls': 0.416, 'special': 0.0, 'embed': 0.014}
[g4_fold2] ep33 step201/249 loss=0.3212 {'ds': 0.198, 'seg': 0.265, 'cls': 0.216, 'special': 0.0, 'embed': 0.027}
[g4_fold2] ep33 step221/249 loss=0.2568 {'ds': 0.141, 'seg': 0.172, 'cls': 0.334, 'special': 0.0, 'embed': 0.013}
[g4_fold2] ep33 step241/249 loss=0.1889 {'ds': 0.095, 'seg': 0.12, 'cls': 0.273, 'special': 0.0, 'embed': 0.011}
[g4_fold2] epoch 33 loss=0.3877 dice_core=0.8924 dice_peri=0.9394 thr=[0.55, 0.45] (206s)
[g4_fold2] ep34 step21/249 loss=0.1890 {'ds': 0.092, 'seg': 0.119, 'cls': 0.278, 'special': 0.0, 'embed': 0.004}
[g4_fold2] ep34 step41/249 loss=0.2048 {'ds': 0.101, 'seg': 0.124, 'cls': 0.324, 'special': 0.0, 'embed': 0.002}
[g4_fold2] ep34 step61/249 loss=0.5963 {'ds': 0.349, 'seg': 0.486, 'cls': 0.441, 'special': 0.0, 'embed': 0.003}
[g4_fold2] ep34 step81/249 loss=0.2132 {'ds': 0.084, 'seg': 0.111, 'cls': 0.408, 'special': 0.0, 'embed': 0.002}
[g4_fold2] ep34 step101/249 loss=0.1873 {'ds': 0.078, 'seg': 0.109, 'cls': 0.302, 'special': 0.0, 'embed': 0.031}
[g4_fold2] ep34 step121/249 loss=0.2113 {'ds': 0.106, 'seg': 0.123, 'cls': 0.346, 'special': 0.0, 'embed': 0.018}
[g4_fold2] ep34 step141/249 loss=0.2242 {'ds': 0.087, 'seg': 0.111, 'cls': 0.447, 'special': 0.001, 'embed': 0.015}
[g4_fold2] ep34 step161/249 loss=0.2549 {'ds': 0.109, 'seg': 0.143, 'cls': 0.444, 'special': 0.001, 'embed': 0.006}
[g4_fold2] ep34 step181/249 loss=0.3573 {'ds': 0.184, 'seg': 0.251, 'cls': 0.423, 'special': 0.0, 'embed': 0.004}
[g4_fold2] ep34 step201/249 loss=0.5444 {'ds': 0.341, 'seg': 0.469, 'cls': 0.301, 'special': 0.001, 'embed': 0.003}
[g4_fold2] ep34 step221/249 loss=0.3832 {'ds': 0.22, 'seg': 0.3, 'cls': 0.333, 'special': 0.0, 'embed': 0.005}
[g4_fold2] ep34 step241/249 loss=0.2448 {'ds': 0.096, 'seg': 0.129, 'cls': 0.46, 'special': 0.001, 'embed': 0.004}
[g4_fold2] epoch 34 loss=0.3718 dice_core=0.8931 dice_peri=0.9396 thr=[0.55, 0.45] (198s)
[g4_fold2] ep35 step21/249 loss=0.2778 {'ds': 0.149, 'seg': 0.203, 'cls': 0.297, 'special': 0.0, 'embed': 0.002}
[g4_fold2] ep35 step41/249 loss=0.3007 {'ds': 0.141, 'seg': 0.205, 'cls': 0.377, 'special': 0.001, 'embed': 0.017}
[g4_fold2] ep35 step61/249 loss=0.8432 {'ds': 0.443, 'seg': 0.747, 'cls': 0.38, 'special': 0.0, 'embed': 0.011}
[g4_fold2] ep35 step81/249 loss=0.3839 {'ds': 0.214, 'seg': 0.302, 'cls': 0.326, 'special': 0.001, 'embed': 0.01}
[g4_fold2] ep35 step101/249 loss=0.7161 {'ds': 0.358, 'seg': 0.621, 'cls': 0.379, 'special': 0.0, 'embed': 0.007}
[g4_fold2] ep35 step121/249 loss=0.1990 {'ds': 0.072, 'seg': 0.097, 'cls': 0.404, 'special': 0.0, 'embed': 0.007}
[g4_fold2] ep35 step141/249 loss=0.9992 {'ds': 0.617, 'seg': 0.901, 'cls': 0.391, 'special': 0.0, 'embed': 0.003}
[g4_fold2] ep35 step161/249 loss=0.5449 {'ds': 0.273, 'seg': 0.475, 'cls': 0.277, 'special': 0.0, 'embed': 0.007}
[g4_fold2] ep35 step181/249 loss=0.2583 {'ds': 0.115, 'seg': 0.154, 'cls': 0.415, 'special': 0.0, 'embed': 0.003}
[g4_fold2] ep35 step201/249 loss=0.2556 {'ds': 0.109, 'seg': 0.156, 'cls': 0.399, 'special': 0.0, 'embed': 0.004}
[g4_fold2] ep35 step221/249 loss=0.1794 {'ds': 0.096, 'seg': 0.127, 'cls': 0.205, 'special': 0.0, 'embed': 0.012}
[g4_fold2] ep35 step241/249 loss=0.3441 {'ds': 0.172, 'seg': 0.234, 'cls': 0.442, 'special': 0.0, 'embed': 0.001}
[g4_fold2] epoch 35 loss=0.3613 dice_core=0.8934 dice_peri=0.9393 thr=[0.6, 0.5] (213s)
[g4_fold2] ep36 step21/249 loss=0.2417 {'ds': 0.126, 'seg': 0.17, 'cls': 0.284, 'special': 0.0, 'embed': 0.009}
[g4_fold2] ep36 step41/249 loss=0.4536 {'ds': 0.343, 'seg': 0.369, 'cls': 0.337, 'special': 0.0, 'embed': 0.006}
[g4_fold2] ep36 step61/249 loss=0.3282 {'ds': 0.17, 'seg': 0.231, 'cls': 0.387, 'special': 0.0, 'embed': 0.006}
[g4_fold2] ep36 step81/249 loss=0.2789 {'ds': 0.134, 'seg': 0.179, 'cls': 0.398, 'special': 0.0, 'embed': 0.003}
[g4_fold2] ep36 step101/249 loss=0.2582 {'ds': 0.126, 'seg': 0.175, 'cls': 0.332, 'special': 0.0, 'embed': 0.005}
[g4_fold2] ep36 step121/249 loss=0.1551 {'ds': 0.062, 'seg': 0.083, 'cls': 0.287, 'special': 0.0, 'embed': 0.005}
[g4_fold2] ep36 step141/249 loss=0.2405 {'ds': 0.108, 'seg': 0.146, 'cls': 0.375, 'special': 0.0, 'embed': 0.003}
[g4_fold2] ep36 step161/249 loss=0.1714 {'ds': 0.077, 'seg': 0.09, 'cls': 0.32, 'special': 0.0, 'embed': 0.014}
[g4_fold2] ep36 step181/249 loss=0.2133 {'ds': 0.114, 'seg': 0.157, 'cls': 0.225, 'special': 0.0, 'embed': 0.002}
[g4_fold2] ep36 step201/249 loss=0.5131 {'ds': 0.239, 'seg': 0.446, 'cls': 0.268, 'special': 0.001, 'embed': 0.004}
[g4_fold2] ep36 step221/249 loss=0.7655 {'ds': 0.416, 'seg': 0.703, 'cls': 0.246, 'special': 0.0, 'embed': 0.016}
[g4_fold2] ep36 step241/249 loss=0.4256 {'ds': 0.214, 'seg': 0.293, 'cls': 0.526, 'special': 0.0, 'embed': 0.013}
[g4_fold2] epoch 36 loss=0.3449 dice_core=0.8938 dice_peri=0.9392 thr=[0.6, 0.5] (205s)
[g4_fold2] ep37 step21/249 loss=0.2296 {'ds': 0.107, 'seg': 0.151, 'cls': 0.313, 'special': 0.0, 'embed': 0.002}
[g4_fold2] ep37 step41/249 loss=0.8390 {'ds': 0.491, 'seg': 0.655, 'cls': 0.734, 'special': 0.0, 'embed': 0.004}
[g4_fold2] ep37 step61/249 loss=0.9094 {'ds': 0.197, 'seg': 0.277, 'cls': 0.515, 'special': 2.009, 'embed': 0.023}
[g4_fold2] ep37 step81/249 loss=0.7472 {'ds': 0.163, 'seg': 0.221, 'cls': 0.493, 'special': 1.502, 'embed': 0.371}
[g4_fold2] ep37 step101/249 loss=0.2651 {'ds': 0.112, 'seg': 0.154, 'cls': 0.442, 'special': 0.0, 'embed': 0.01}
[g4_fold2] ep37 step121/249 loss=0.3591 {'ds': 0.182, 'seg': 0.241, 'cls': 0.257, 'special': 0.0, 'embed': 0.718}
[g4_fold2] ep37 step141/249 loss=0.9769 {'ds': 0.419, 'seg': 0.706, 'cls': 0.455, 'special': 0.001, 'embed': 2.089}
[g4_fold2] ep37 step161/249 loss=0.3148 {'ds': 0.155, 'seg': 0.215, 'cls': 0.296, 'special': 0.004, 'embed': 0.331}
[g4_fold2] ep37 step181/249 loss=0.2221 {'ds': 0.092, 'seg': 0.128, 'cls': 0.373, 'special': 0.0, 'embed': 0.005}
[g4_fold2] ep37 step201/249 loss=0.2876 {'ds': 0.1, 'seg': 0.142, 'cls': 0.581, 'special': 0.0, 'embed': 0.003}
[g4_fold2] ep37 step221/249 loss=0.2155 {'ds': 0.081, 'seg': 0.107, 'cls': 0.422, 'special': 0.0, 'embed': 0.042}
[g4_fold2] ep37 step241/249 loss=0.5384 {'ds': 0.237, 'seg': 0.461, 'cls': 0.264, 'special': 0.001, 'embed': 0.153}
[g4_fold2] epoch 37 loss=0.3501 dice_core=0.8946 dice_peri=0.9397 thr=[0.6, 0.5] (228s)
[g4_fold2] ep38 step21/249 loss=0.6038 {'ds': 0.339, 'seg': 0.474, 'cls': 0.516, 'special': 0.002, 'embed': 0.001}
[g4_fold2] ep38 step41/249 loss=0.2961 {'ds': 0.168, 'seg': 0.229, 'cls': 0.269, 'special': 0.0, 'embed': 0.006}
[g4_fold2] ep38 step61/249 loss=0.2874 {'ds': 0.157, 'seg': 0.224, 'cls': 0.251, 'special': 0.001, 'embed': 0.001}
[g4_fold2] ep38 step81/249 loss=0.2748 {'ds': 0.108, 'seg': 0.155, 'cls': 0.479, 'special': 0.0, 'embed': 0.005}
[g4_fold2] ep38 step101/249 loss=0.3623 {'ds': 0.175, 'seg': 0.227, 'cls': 0.519, 'special': 0.001, 'embed': 0.066}
[g4_fold2] ep38 step121/249 loss=1.0081 {'ds': 0.526, 'seg': 0.84, 'cls': 0.418, 'special': 0.001, 'embed': 0.841}
[g4_fold2] ep38 step141/249 loss=0.3917 {'ds': 0.216, 'seg': 0.292, 'cls': 0.384, 'special': 0.001, 'embed': 0.052}
[g4_fold2] ep38 step161/249 loss=0.5776 {'ds': 0.261, 'seg': 0.358, 'cls': 0.877, 'special': 0.0, 'embed': 0.001}
[g4_fold2] ep38 step181/249 loss=0.1968 {'ds': 0.087, 'seg': 0.116, 'cls': 0.31, 'special': 0.0, 'embed': 0.048}
[g4_fold2] ep38 step201/249 loss=0.9276 {'ds': 0.497, 'seg': 0.823, 'cls': 0.392, 'special': 0.0, 'embed': 0.089}
[g4_fold2] ep38 step221/249 loss=0.8165 {'ds': 0.423, 'seg': 0.711, 'cls': 0.419, 'special': 0.001, 'embed': 0.001}
[g4_fold2] ep38 step241/249 loss=0.2116 {'ds': 0.089, 'seg': 0.122, 'cls': 0.356, 'special': 0.0, 'embed': 0.003}
[g4_fold2] epoch 38 loss=0.3563 dice_core=0.8949 dice_peri=0.9401 thr=[0.6, 0.5] (212s)
[g4_fold2] ep39 step21/249 loss=0.2305 {'ds': 0.095, 'seg': 0.133, 'cls': 0.388, 'special': 0.0, 'embed': 0.002}
[g4_fold2] ep39 step41/249 loss=0.3004 {'ds': 0.14, 'seg': 0.196, 'cls': 0.391, 'special': 0.0, 'embed': 0.091}
[g4_fold2] ep39 step61/249 loss=0.8207 {'ds': 0.434, 'seg': 0.727, 'cls': 0.367, 'special': 0.0, 'embed': 0.03}
[g4_fold2] ep39 step81/249 loss=0.3130 {'ds': 0.165, 'seg': 0.217, 'cls': 0.353, 'special': 0.0, 'embed': 0.102}
[g4_fold2] ep39 step101/249 loss=0.2860 {'ds': 0.13, 'seg': 0.175, 'cls': 0.442, 'special': 0.001, 'embed': 0.002}
[g4_fold2] ep39 step121/249 loss=0.2037 {'ds': 0.103, 'seg': 0.138, 'cls': 0.259, 'special': 0.0, 'embed': 0.011}
[g4_fold2] ep39 step141/249 loss=0.6149 {'ds': 0.272, 'seg': 0.521, 'cls': 0.353, 'special': 0.001, 'embed': 0.08}
[g4_fold2] ep39 step161/249 loss=0.3256 {'ds': 0.182, 'seg': 0.234, 'cls': 0.365, 'special': 0.0, 'embed': 0.003}
[g4_fold2] ep39 step181/249 loss=0.2161 {'ds': 0.106, 'seg': 0.142, 'cls': 0.287, 'special': 0.001, 'embed': 0.026}
[g4_fold2] ep39 step201/249 loss=0.4500 {'ds': 0.181, 'seg': 0.248, 'cls': 0.807, 'special': 0.001, 'embed': 0.002}
[g4_fold2] ep39 step221/249 loss=0.2322 {'ds': 0.084, 'seg': 0.111, 'cls': 0.483, 'special': 0.0, 'embed': 0.005}
[g4_fold2] ep39 step241/249 loss=0.2824 {'ds': 0.156, 'seg': 0.222, 'cls': 0.241, 'special': 0.001, 'embed': 0.006}
[g4_fold2] epoch 39 loss=0.3885 dice_core=0.8944 dice_peri=0.9406 thr=[0.6, 0.5] (207s)
[g4_fold2] ep40 step21/249 loss=0.3622 {'ds': 0.172, 'seg': 0.262, 'cls': 0.394, 'special': 0.0, 'embed': 0.017}
[g4_fold2] ep40 step41/249 loss=0.2797 {'ds': 0.145, 'seg': 0.194, 'cls': 0.34, 'special': 0.0, 'embed': 0.004}
[g4_fold2] ep40 step61/249 loss=0.5943 {'ds': 0.369, 'seg': 0.499, 'cls': 0.375, 'special': 0.001, 'embed': 0.021}
[g4_fold2] ep40 step81/249 loss=0.5361 {'ds': 0.33, 'seg': 0.442, 'cls': 0.372, 'special': 0.001, 'embed': 0.018}
[g4_fold2] ep40 step101/249 loss=0.3477 {'ds': 0.173, 'seg': 0.255, 'cls': 0.371, 'special': 0.0, 'embed': 0.004}
[g4_fold2] ep40 step121/249 loss=0.6525 {'ds': 0.362, 'seg': 0.506, 'cls': 0.582, 'special': 0.001, 'embed': 0.007}
[g4_fold2] ep40 step141/249 loss=0.2472 {'ds': 0.151, 'seg': 0.183, 'cls': 0.255, 'special': 0.0, 'embed': 0.004}
[g4_fold2] ep40 step161/249 loss=0.7972 {'ds': 0.415, 'seg': 0.701, 'cls': 0.383, 'special': 0.0, 'embed': 0.005}
[g4_fold2] ep40 step181/249 loss=0.3479 {'ds': 0.197, 'seg': 0.274, 'cls': 0.295, 'special': 0.0, 'embed': 0.003}
[g4_fold2] ep40 step201/249 loss=0.5872 {'ds': 0.341, 'seg': 0.468, 'cls': 0.475, 'special': 0.0, 'embed': 0.004}
[g4_fold2] ep40 step221/249 loss=0.4366 {'ds': 0.252, 'seg': 0.351, 'cls': 0.338, 'special': 0.0, 'embed': 0.011}
[g4_fold2] ep40 step241/249 loss=0.4781 {'ds': 0.331, 'seg': 0.398, 'cls': 0.318, 'special': 0.0, 'embed': 0.009}
[g4_fold2] epoch 40 loss=0.3786 dice_core=0.8944 dice_peri=0.9413 thr=[0.6, 0.5] (214s)
[g4_fold2] ep41 step21/249 loss=0.3021 {'ds': 0.131, 'seg': 0.183, 'cls': 0.472, 'special': 0.0, 'embed': 0.011}
[g4_fold2] ep41 step41/249 loss=0.9227 {'ds': 0.579, 'seg': 0.794, 'cls': 0.511, 'special': 0.0, 'embed': 0.012}
[g4_fold2] ep41 step61/249 loss=0.2056 {'ds': 0.115, 'seg': 0.15, 'cls': 0.221, 'special': 0.0, 'embed': 0.002}
[g4_fold2] ep41 step81/249 loss=0.1788 {'ds': 0.086, 'seg': 0.119, 'cls': 0.237, 'special': 0.0, 'embed': 0.007}
[g4_fold2] ep41 step101/249 loss=0.7578 {'ds': 0.394, 'seg': 0.567, 'cls': 0.761, 'special': 0.001, 'embed': 0.009}
[g4_fold2] ep41 step121/249 loss=0.2395 {'ds': 0.141, 'seg': 0.171, 'cls': 0.26, 'special': 0.0, 'embed': 0.04}
[g4_fold2] ep41 step141/249 loss=0.4442 {'ds': 0.238, 'seg': 0.336, 'cls': 0.433, 'special': 0.0, 'embed': 0.003}
[g4_fold2] ep41 step161/249 loss=0.5253 {'ds': 0.264, 'seg': 0.468, 'cls': 0.221, 'special': 0.001, 'embed': 0.025}
[g4_fold2] ep41 step181/249 loss=0.2648 {'ds': 0.129, 'seg': 0.178, 'cls': 0.346, 'special': 0.0, 'embed': 0.009}
[g4_fold2] ep41 step201/249 loss=0.7162 {'ds': 0.336, 'seg': 0.621, 'cls': 0.379, 'special': 0.0, 'embed': 0.006}
[g4_fold2] ep41 step221/249 loss=0.2305 {'ds': 0.106, 'seg': 0.151, 'cls': 0.315, 'special': 0.0, 'embed': 0.004}
[g4_fold2] ep41 step241/249 loss=0.2146 {'ds': 0.095, 'seg': 0.126, 'cls': 0.352, 'special': 0.0, 'embed': 0.004}
[g4_fold2] epoch 41 loss=0.3485 dice_core=0.8943 dice_peri=0.9410 thr=[0.6, 0.5] (206s)
[g4_fold2] ep42 step21/249 loss=0.1764 {'ds': 0.07, 'seg': 0.093, 'cls': 0.332, 'special': 0.0, 'embed': 0.006}
[g4_fold2] ep42 step41/249 loss=0.3246 {'ds': 0.162, 'seg': 0.22, 'cls': 0.415, 'special': 0.0, 'embed': 0.007}
[g4_fold2] ep42 step61/249 loss=0.8648 {'ds': 0.474, 'seg': 0.783, 'cls': 0.325, 'special': 0.0, 'embed': 0.008}
[g4_fold2] ep42 step81/249 loss=0.6154 {'ds': 0.39, 'seg': 0.531, 'cls': 0.336, 'special': 0.0, 'embed': 0.002}
[g4_fold2] ep42 step101/249 loss=0.1804 {'ds': 0.075, 'seg': 0.097, 'cls': 0.329, 'special': 0.0, 'embed': 0.012}
[g4_fold2] ep42 step121/249 loss=0.4098 {'ds': 0.229, 'seg': 0.324, 'cls': 0.342, 'special': 0.0, 'embed': 0.008}
[g4_fold2] ep42 step141/249 loss=0.2233 {'ds': 0.082, 'seg': 0.123, 'cls': 0.397, 'special': 0.0, 'embed': 0.009}
[g4_fold2] ep42 step161/249 loss=0.3411 {'ds': 0.176, 'seg': 0.248, 'cls': 0.372, 'special': 0.001, 'embed': 0.004}
[g4_fold2] ep42 step181/249 loss=0.2331 {'ds': 0.1, 'seg': 0.135, 'cls': 0.392, 'special': 0.0, 'embed': 0.005}
[g4_fold2] ep42 step201/249 loss=0.3081 {'ds': 0.16, 'seg': 0.204, 'cls': 0.416, 'special': 0.0, 'embed': 0.003}
[g4_fold2] ep42 step221/249 loss=0.5853 {'ds': 0.327, 'seg': 0.457, 'cls': 0.514, 'special': 0.0, 'embed': 0.002}
[g4_fold2] ep42 step241/249 loss=0.1606 {'ds': 0.074, 'seg': 0.09, 'cls': 0.279, 'special': 0.0, 'embed': 0.009}
[g4_fold2] epoch 42 loss=0.3833 dice_core=0.8952 dice_peri=0.9401 thr=[0.6, 0.5] (212s)
[g4_fold2] ep43 step21/249 loss=0.6214 {'ds': 0.34, 'seg': 0.466, 'cls': 0.619, 'special': 0.001, 'embed': 0.003}
[g4_fold2] ep43 step41/249 loss=0.2235 {'ds': 0.122, 'seg': 0.166, 'cls': 0.223, 'special': 0.0, 'embed': 0.019}
[g4_fold2] ep43 step61/249 loss=0.3063 {'ds': 0.169, 'seg': 0.24, 'cls': 0.264, 'special': 0.0, 'embed': 0.009}
[g4_fold2] ep43 step81/249 loss=0.1485 {'ds': 0.058, 'seg': 0.078, 'cls': 0.279, 'special': 0.0, 'embed': 0.011}
[g4_fold2] ep43 step101/249 loss=0.4864 {'ds': 0.277, 'seg': 0.378, 'cls': 0.429, 'special': 0.0, 'embed': 0.009}
[g4_fold2] ep43 step121/249 loss=0.3407 {'ds': 0.161, 'seg': 0.217, 'cls': 0.493, 'special': 0.001, 'embed': 0.006}
[g4_fold2] ep43 step141/249 loss=0.1559 {'ds': 0.081, 'seg': 0.103, 'cls': 0.209, 'special': 0.001, 'embed': 0.002}
[g4_fold2] ep43 step161/249 loss=0.3253 {'ds': 0.16, 'seg': 0.231, 'cls': 0.376, 'special': 0.001, 'embed': 0.009}
[g4_fold2] ep43 step181/249 loss=0.8357 {'ds': 0.406, 'seg': 0.699, 'cls': 0.546, 'special': 0.0, 'embed': 0.003}
[g4_fold2] ep43 step201/249 loss=0.4208 {'ds': 0.238, 'seg': 0.311, 'cls': 0.437, 'special': 0.0, 'embed': 0.004}
[g4_fold2] ep43 step221/249 loss=0.1711 {'ds': 0.079, 'seg': 0.107, 'cls': 0.257, 'special': 0.0, 'embed': 0.004}
[g4_fold2] ep43 step241/249 loss=0.6856 {'ds': 0.41, 'seg': 0.461, 'cls': 0.898, 'special': 0.0, 'embed': 0.001}
[g4_fold2] epoch 43 loss=0.3564 dice_core=0.8954 dice_peri=0.9398 thr=[0.6, 0.5] (211s)
[g4_fold2] ep44 step21/249 loss=0.2370 {'ds': 0.11, 'seg': 0.158, 'cls': 0.315, 'special': 0.0, 'embed': 0.006}
[g4_fold2] ep44 step41/249 loss=0.6422 {'ds': 0.398, 'seg': 0.55, 'cls': 0.369, 'special': 0.0, 'embed': 0.003}
[g4_fold2] ep44 step61/249 loss=0.7026 {'ds': 0.358, 'seg': 0.576, 'cls': 0.503, 'special': 0.001, 'embed': 0.002}
[g4_fold2] ep44 step81/249 loss=0.4132 {'ds': 0.241, 'seg': 0.322, 'cls': 0.365, 'special': 0.0, 'embed': 0.002}
[g4_fold2] ep44 step101/249 loss=0.6450 {'ds': 0.385, 'seg': 0.542, 'cls': 0.412, 'special': 0.0, 'embed': 0.002}
[g4_fold2] ep44 step121/249 loss=0.2473 {'ds': 0.117, 'seg': 0.145, 'cls': 0.396, 'special': 0.0, 'embed': 0.041}
[g4_fold2] ep44 step141/249 loss=0.2612 {'ds': 0.133, 'seg': 0.18, 'cls': 0.322, 'special': 0.0, 'embed': 0.003}
[g4_fold2] ep44 step161/249 loss=0.3649 {'ds': 0.198, 'seg': 0.267, 'cls': 0.389, 'special': 0.0, 'embed': 0.006}
[g4_fold2] ep44 step181/249 loss=0.2063 {'ds': 0.105, 'seg': 0.133, 'cls': 0.291, 'special': 0.001, 'embed': 0.006}
[g4_fold2] ep44 step201/249 loss=0.3765 {'ds': 0.287, 'seg': 0.297, 'cls': 0.317, 'special': 0.0, 'embed': 0.003}
[g4_fold2] ep44 step221/249 loss=0.7781 {'ds': 0.424, 'seg': 0.714, 'cls': 0.256, 'special': 0.001, 'embed': 0.005}
[g4_fold2] ep44 step241/249 loss=0.2206 {'ds': 0.1, 'seg': 0.139, 'cls': 0.325, 'special': 0.0, 'embed': 0.009}
[g4_fold2] epoch 44 loss=0.3439 dice_core=0.8951 dice_peri=0.9401 thr=[0.6, 0.5] (211s)
[g4_fold2] ep45 step21/249 loss=0.5397 {'ds': 0.217, 'seg': 0.427, 'cls': 0.45, 'special': 0.0, 'embed': 0.002}
[g4_fold2] ep45 step41/249 loss=0.2452 {'ds': 0.11, 'seg': 0.151, 'cls': 0.378, 'special': 0.0, 'embed': 0.001}
[g4_fold2] ep45 step61/249 loss=0.1896 {'ds': 0.09, 'seg': 0.13, 'cls': 0.235, 'special': 0.0, 'embed': 0.005}
[g4_fold2] ep45 step81/249 loss=0.3404 {'ds': 0.201, 'seg': 0.273, 'cls': 0.269, 'special': 0.0, 'embed': 0.004}
[g4_fold2] ep45 step101/249 loss=0.4116 {'ds': 0.223, 'seg': 0.289, 'cls': 0.488, 'special': 0.0, 'embed': 0.003}
[g4_fold2] ep45 step121/249 loss=0.5244 {'ds': 0.219, 'seg': 0.424, 'cls': 0.394, 'special': 0.001, 'embed': 0.023}
[g4_fold2] ep45 step141/249 loss=0.5772 {'ds': 0.365, 'seg': 0.525, 'cls': 0.208, 'special': 0.0, 'embed': 0.002}
[g4_fold2] ep45 step161/249 loss=0.8261 {'ds': 0.437, 'seg': 0.732, 'cls': 0.374, 'special': 0.0, 'embed': 0.003}
[g4_fold2] ep45 step181/249 loss=0.2469 {'ds': 0.121, 'seg': 0.156, 'cls': 0.359, 'special': 0.0, 'embed': 0.01}
[g4_fold2] ep45 step201/249 loss=0.7498 {'ds': 0.376, 'seg': 0.638, 'cls': 0.445, 'special': 0.0, 'embed': 0.005}
[g4_fold2] ep45 step221/249 loss=0.2716 {'ds': 0.15, 'seg': 0.197, 'cls': 0.297, 'special': 0.0, 'embed': 0.001}
[g4_fold2] ep45 step241/249 loss=0.3326 {'ds': 0.175, 'seg': 0.237, 'cls': 0.378, 'special': 0.0, 'embed': 0.013}
[g4_fold2] epoch 45 loss=0.3502 dice_core=0.8949 dice_peri=0.9403 thr=[0.6, 0.5] (211s)
[g4_fold2] ep46 step21/249 loss=0.2718 {'ds': 0.146, 'seg': 0.202, 'cls': 0.277, 'special': 0.0, 'embed': 0.004}
[g4_fold2] ep46 step41/249 loss=0.7772 {'ds': 0.426, 'seg': 0.722, 'cls': 0.218, 'special': 0.0, 'embed': 0.003}
[g4_fold2] ep46 step61/249 loss=0.6740 {'ds': 0.328, 'seg': 0.577, 'cls': 0.389, 'special': 0.0, 'embed': 0.001}
[g4_fold2] ep46 step81/249 loss=0.3487 {'ds': 0.218, 'seg': 0.211, 'cls': 0.55, 'special': 0.0, 'embed': 0.003}
[g4_fold2] ep46 step101/249 loss=0.8502 {'ds': 0.465, 'seg': 0.769, 'cls': 0.325, 'special': 0.0, 'embed': 0.005}
[g4_fold2] ep46 step121/249 loss=0.2918 {'ds': 0.14, 'seg': 0.189, 'cls': 0.407, 'special': 0.0, 'embed': 0.014}
[g4_fold2] ep46 step141/249 loss=0.3667 {'ds': 0.198, 'seg': 0.276, 'cls': 0.363, 'special': 0.0, 'embed': 0.003}
[g4_fold2] ep46 step161/249 loss=0.9766 {'ds': 0.531, 'seg': 0.87, 'cls': 0.425, 'special': 0.0, 'embed': 0.003}
[g4_fold2] ep46 step181/249 loss=0.8185 {'ds': 0.443, 'seg': 0.742, 'cls': 0.301, 'special': 0.0, 'embed': 0.013}
[g4_fold2] ep46 step201/249 loss=0.4036 {'ds': 0.251, 'seg': 0.335, 'cls': 0.269, 'special': 0.0, 'embed': 0.013}
[g4_fold2] ep46 step221/249 loss=0.6661 {'ds': 0.318, 'seg': 0.548, 'cls': 0.472, 'special': 0.0, 'embed': 0.003}
[g4_fold2] ep46 step241/249 loss=0.3397 {'ds': 0.195, 'seg': 0.276, 'cls': 0.253, 'special': 0.0, 'embed': 0.005}
[g4_fold2] epoch 46 loss=0.3652 dice_core=0.8945 dice_peri=0.9407 thr=[0.6, 0.5] (202s)
[g4_fold2] ep47 step21/249 loss=0.8748 {'ds': 0.457, 'seg': 0.763, 'cls': 0.446, 'special': 0.0, 'embed': 0.003}
[g4_fold2] ep47 step41/249 loss=0.4288 {'ds': 0.227, 'seg': 0.307, 'cls': 0.485, 'special': 0.0, 'embed': 0.011}
[g4_fold2] ep47 step61/249 loss=0.1747 {'ds': 0.081, 'seg': 0.108, 'cls': 0.264, 'special': 0.0, 'embed': 0.006}
[g4_fold2] ep47 step81/249 loss=0.1451 {'ds': 0.071, 'seg': 0.092, 'cls': 0.21, 'special': 0.0, 'embed': 0.004}
[g4_fold2] ep47 step101/249 loss=0.2347 {'ds': 0.105, 'seg': 0.14, 'cls': 0.378, 'special': 0.0, 'embed': 0.002}
[g4_fold2] ep47 step121/249 loss=0.3112 {'ds': 0.15, 'seg': 0.201, 'cls': 0.438, 'special': 0.0, 'embed': 0.006}
[g4_fold2] ep47 step141/249 loss=0.2496 {'ds': 0.141, 'seg': 0.193, 'cls': 0.221, 'special': 0.0, 'embed': 0.019}
[g4_fold2] ep47 step161/249 loss=0.3374 {'ds': 0.146, 'seg': 0.196, 'cls': 0.563, 'special': 0.0, 'embed': 0.004}
[g4_fold2] ep47 step181/249 loss=0.2213 {'ds': 0.118, 'seg': 0.157, 'cls': 0.255, 'special': 0.0, 'embed': 0.003}
[g4_fold2] ep47 step201/249 loss=0.4795 {'ds': 0.173, 'seg': 0.363, 'cls': 0.466, 'special': 0.0, 'embed': 0.002}
[g4_fold2] ep47 step221/249 loss=0.2673 {'ds': 0.132, 'seg': 0.18, 'cls': 0.347, 'special': 0.0, 'embed': 0.008}
[g4_fold2] ep47 step241/249 loss=0.2140 {'ds': 0.109, 'seg': 0.142, 'cls': 0.285, 'special': 0.0, 'embed': 0.005}
[g4_fold2] epoch 47 loss=0.3520 dice_core=0.8946 dice_peri=0.9411 thr=[0.6, 0.5] (199s)
[g4_fold2] ep48 step21/249 loss=0.9227 {'ds': 0.463, 'seg': 0.772, 'cls': 0.598, 'special': 0.0, 'embed': 0.009}
[g4_fold2] ep48 step41/249 loss=0.2349 {'ds': 0.092, 'seg': 0.122, 'cls': 0.449, 'special': 0.0, 'embed': 0.001}
[g4_fold2] ep48 step61/249 loss=0.1562 {'ds': 0.054, 'seg': 0.068, 'cls': 0.351, 'special': 0.0, 'embed': 0.013}
[g4_fold2] ep48 step81/249 loss=0.5344 {'ds': 0.329, 'seg': 0.454, 'cls': 0.314, 'special': 0.0, 'embed': 0.022}
[g4_fold2] ep48 step101/249 loss=0.5013 {'ds': 0.213, 'seg': 0.3, 'cls': 0.804, 'special': 0.0, 'embed': 0.006}
[g4_fold2] ep48 step121/249 loss=0.2408 {'ds': 0.098, 'seg': 0.134, 'cls': 0.426, 'special': 0.0, 'embed': 0.002}
[g4_fold2] ep48 step141/249 loss=0.4586 {'ds': 0.29, 'seg': 0.382, 'cls': 0.305, 'special': 0.0, 'embed': 0.003}
[g4_fold2] ep48 step161/249 loss=0.4175 {'ds': 0.244, 'seg': 0.309, 'cls': 0.432, 'special': 0.0, 'embed': 0.006}
[g4_fold2] ep48 step181/249 loss=0.2646 {'ds': 0.105, 'seg': 0.142, 'cls': 0.487, 'special': 0.0, 'embed': 0.005}
[g4_fold2] ep48 step201/249 loss=0.8299 {'ds': 0.418, 'seg': 0.704, 'cls': 0.503, 'special': 0.0, 'embed': 0.006}
[g4_fold2] ep48 step221/249 loss=0.6019 {'ds': 0.345, 'seg': 0.481, 'cls': 0.481, 'special': 0.0, 'embed': 0.007}
[g4_fold2] ep48 step241/249 loss=0.2463 {'ds': 0.125, 'seg': 0.158, 'cls': 0.352, 'special': 0.0, 'embed': 0.006}
[g4_fold2] epoch 48 loss=0.3333 dice_core=0.8947 dice_peri=0.9413 thr=[0.6, 0.45] (215s)
[g4_fold2] ep49 step21/249 loss=0.3406 {'ds': 0.137, 'seg': 0.183, 'cls': 0.622, 'special': 0.0, 'embed': 0.021}
[g4_fold2] ep49 step41/249 loss=1.3810 {'ds': 0.754, 'seg': 1.306, 'cls': 0.3, 'special': 0.0, 'embed': 0.003}
[g4_fold2] ep49 step61/249 loss=0.7423 {'ds': 0.399, 'seg': 0.686, 'cls': 0.226, 'special': 0.0, 'embed': 0.002}
[g4_fold2] ep49 step81/249 loss=0.8630 {'ds': 0.433, 'seg': 0.727, 'cls': 0.544, 'special': 0.0, 'embed': 0.003}
[g4_fold2] ep49 step101/249 loss=0.2365 {'ds': 0.074, 'seg': 0.104, 'cls': 0.529, 'special': 0.0, 'embed': 0.004}
[g4_fold2] ep49 step121/249 loss=0.4220 {'ds': 0.216, 'seg': 0.309, 'cls': 0.452, 'special': 0.0, 'embed': 0.004}
[g4_fold2] ep49 step141/249 loss=0.8675 {'ds': 0.455, 'seg': 0.765, 'cls': 0.41, 'special': 0.0, 'embed': 0.003}
[g4_fold2] ep49 step161/249 loss=0.2068 {'ds': 0.105, 'seg': 0.145, 'cls': 0.247, 'special': 0.0, 'embed': 0.005}
[g4_fold2] ep49 step181/249 loss=0.2891 {'ds': 0.151, 'seg': 0.217, 'cls': 0.285, 'special': 0.0, 'embed': 0.006}
[g4_fold2] ep49 step201/249 loss=0.4297 {'ds': 0.204, 'seg': 0.277, 'cls': 0.608, 'special': 0.0, 'embed': 0.006}
[g4_fold2] ep49 step221/249 loss=0.2243 {'ds': 0.114, 'seg': 0.154, 'cls': 0.279, 'special': 0.0, 'embed': 0.005}
[g4_fold2] ep49 step241/249 loss=0.2391 {'ds': 0.116, 'seg': 0.159, 'cls': 0.318, 'special': 0.0, 'embed': 0.004}
[g4_fold2] epoch 49 loss=0.3423 dice_core=0.8947 dice_peri=0.9415 thr=[0.6, 0.45] (210s)
[g4_fold2] ep50 step21/249 loss=0.1647 {'ds': 0.088, 'seg': 0.115, 'cls': 0.197, 'special': 0.0, 'embed': 0.002}
[g4_fold2] ep50 step41/249 loss=0.5733 {'ds': 0.327, 'seg': 0.458, 'cls': 0.459, 'special': 0.0, 'embed': 0.007}
[g4_fold2] ep50 step61/249 loss=0.4532 {'ds': 0.27, 'seg': 0.36, 'cls': 0.371, 'special': 0.0, 'embed': 0.004}
[g4_fold2] ep50 step81/249 loss=0.2383 {'ds': 0.11, 'seg': 0.15, 'cls': 0.352, 'special': 0.0, 'embed': 0.005}
[g4_fold2] ep50 step101/249 loss=0.4486 {'ds': 0.246, 'seg': 0.341, 'cls': 0.428, 'special': 0.0, 'embed': 0.01}
[g4_fold2] ep50 step121/249 loss=0.8636 {'ds': 0.459, 'seg': 0.764, 'cls': 0.398, 'special': 0.0, 'embed': 0.005}
[g4_fold2] ep50 step141/249 loss=0.3245 {'ds': 0.164, 'seg': 0.239, 'cls': 0.342, 'special': 0.0, 'embed': 0.003}
[g4_fold2] ep50 step161/249 loss=0.3784 {'ds': 0.168, 'seg': 0.247, 'cls': 0.526, 'special': 0.0, 'embed': 0.002}
[g4_fold2] ep50 step181/249 loss=0.2287 {'ds': 0.091, 'seg': 0.128, 'cls': 0.403, 'special': 0.0, 'embed': 0.002}
[g4_fold2] ep50 step201/249 loss=0.2000 {'ds': 0.1, 'seg': 0.135, 'cls': 0.252, 'special': 0.001, 'embed': 0.017}
[g4_fold2] ep50 step221/249 loss=0.4148 {'ds': 0.231, 'seg': 0.319, 'cls': 0.384, 'special': 0.0, 'embed': 0.001}
[g4_fold2] ep50 step241/249 loss=0.7950 {'ds': 0.428, 'seg': 0.728, 'cls': 0.267, 'special': 0.0, 'embed': 0.004}
[g4_fold2] epoch 50 loss=0.3631 dice_core=0.8947 dice_peri=0.9414 thr=[0.6, 0.45] (205s)
[g4_fold2] ep51 step21/249 loss=0.2888 {'ds': 0.152, 'seg': 0.205, 'cls': 0.333, 'special': 0.0, 'embed': 0.005}
[g4_fold2] ep51 step41/249 loss=0.3172 {'ds': 0.167, 'seg': 0.194, 'cls': 0.481, 'special': 0.0, 'embed': 0.033}
[g4_fold2] ep51 step61/249 loss=0.7852 {'ds': 0.437, 'seg': 0.729, 'cls': 0.206, 'special': 0.0, 'embed': 0.065}
[g4_fold2] ep51 step81/249 loss=0.2718 {'ds': 0.231, 'seg': 0.218, 'cls': 0.207, 'special': 0.0, 'embed': 0.032}
[g4_fold2] ep51 step101/249 loss=0.2111 {'ds': 0.117, 'seg': 0.152, 'cls': 0.232, 'special': 0.0, 'embed': 0.012}
[g4_fold2] ep51 step121/249 loss=0.6830 {'ds': 0.405, 'seg': 0.567, 'cls': 0.462, 'special': 0.0, 'embed': 0.007}
[g4_fold2] ep51 step141/249 loss=0.2567 {'ds': 0.147, 'seg': 0.207, 'cls': 0.196, 'special': 0.0, 'embed': 0.007}
[g4_fold2] ep51 step161/249 loss=0.2720 {'ds': 0.137, 'seg': 0.189, 'cls': 0.33, 'special': 0.001, 'embed': 0.006}
[g4_fold2] ep51 step181/249 loss=0.3577 {'ds': 0.205, 'seg': 0.271, 'cls': 0.348, 'special': 0.0, 'embed': 0.002}
[g4_fold2] ep51 step201/249 loss=0.4248 {'ds': 0.232, 'seg': 0.314, 'cls': 0.442, 'special': 0.0, 'embed': 0.003}
[g4_fold2] ep51 step221/249 loss=0.9346 {'ds': 0.522, 'seg': 0.85, 'cls': 0.338, 'special': 0.0, 'embed': 0.007}
[g4_fold2] ep51 step241/249 loss=0.4332 {'ds': 0.241, 'seg': 0.328, 'cls': 0.422, 'special': 0.0, 'embed': 0.001}
[g4_fold2] epoch 51 loss=0.3564 dice_core=0.8957 dice_peri=0.9413 thr=[0.6, 0.45] (201s)
[g4_fold2] ep52 step21/249 loss=0.2845 {'ds': 0.124, 'seg': 0.166, 'cls': 0.471, 'special': 0.0, 'embed': 0.009}
[g4_fold2] ep52 step41/249 loss=0.2410 {'ds': 0.079, 'seg': 0.109, 'cls': 0.526, 'special': 0.0, 'embed': 0.005}
[g4_fold2] ep52 step61/249 loss=0.7815 {'ds': 0.42, 'seg': 0.711, 'cls': 0.28, 'special': 0.0, 'embed': 0.005}
[g4_fold2] ep52 step81/249 loss=0.1664 {'ds': 0.064, 'seg': 0.081, 'cls': 0.339, 'special': 0.0, 'embed': 0.004}
[g4_fold2] ep52 step101/249 loss=0.1847 {'ds': 0.075, 'seg': 0.096, 'cls': 0.352, 'special': 0.001, 'embed': 0.005}
[g4_fold2] ep52 step121/249 loss=0.7837 {'ds': 0.431, 'seg': 0.723, 'cls': 0.242, 'special': 0.0, 'embed': 0.003}
[g4_fold2] ep52 step141/249 loss=0.5522 {'ds': 0.201, 'seg': 0.426, 'cls': 0.504, 'special': 0.0, 'embed': 0.003}
[g4_fold2] ep52 step161/249 loss=0.2026 {'ds': 0.104, 'seg': 0.14, 'cls': 0.25, 'special': 0.0, 'embed': 0.003}
[g4_fold2] ep52 step181/249 loss=0.2327 {'ds': 0.104, 'seg': 0.142, 'cls': 0.363, 'special': 0.0, 'embed': 0.003}
[g4_fold2] ep52 step201/249 loss=0.5784 {'ds': 0.308, 'seg': 0.423, 'cls': 0.62, 'special': 0.0, 'embed': 0.003}
[g4_fold2] ep52 step221/249 loss=0.2782 {'ds': 0.111, 'seg': 0.159, 'cls': 0.458, 'special': 0.0, 'embed': 0.058}
[g4_fold2] ep52 step241/249 loss=0.4221 {'ds': 0.213, 'seg': 0.292, 'cls': 0.518, 'special': 0.0, 'embed': 0.009}
[g4_fold2] epoch 52 loss=0.3621 dice_core=0.8960 dice_peri=0.9412 thr=[0.6, 0.45] (202s)
[g4_fold2] ep53 step21/249 loss=0.5621 {'ds': 0.24, 'seg': 0.457, 'cls': 0.42, 'special': 0.0, 'embed': 0.001}
[g4_fold2] ep53 step41/249 loss=0.1412 {'ds': 0.063, 'seg': 0.081, 'cls': 0.242, 'special': 0.0, 'embed': 0.002}
[g4_fold2] ep53 step61/249 loss=0.1875 {'ds': 0.065, 'seg': 0.085, 'cls': 0.404, 'special': 0.0, 'embed': 0.012}
[g4_fold2] ep53 step81/249 loss=0.8951 {'ds': 0.485, 'seg': 0.805, 'cls': 0.361, 'special': 0.0, 'embed': 0.003}
[g4_fold2] ep53 step101/249 loss=0.3871 {'ds': 0.218, 'seg': 0.3, 'cls': 0.346, 'special': 0.0, 'embed': 0.004}
[g4_fold2] ep53 step121/249 loss=0.2423 {'ds': 0.074, 'seg': 0.102, 'cls': 0.562, 'special': 0.0, 'embed': 0.001}
[g4_fold2] ep53 step141/249 loss=0.2739 {'ds': 0.151, 'seg': 0.205, 'cls': 0.276, 'special': 0.0, 'embed': 0.004}
[g4_fold2] ep53 step161/249 loss=0.2588 {'ds': 0.129, 'seg': 0.177, 'cls': 0.324, 'special': 0.0, 'embed': 0.006}
[g4_fold2] ep53 step181/249 loss=0.4043 {'ds': 0.229, 'seg': 0.312, 'cls': 0.369, 'special': 0.0, 'embed': 0.004}
[g4_fold2] ep53 step201/249 loss=0.3897 {'ds': 0.166, 'seg': 0.286, 'cls': 0.413, 'special': 0.0, 'embed': 0.005}
[g4_fold2] ep53 step221/249 loss=0.3317 {'ds': 0.142, 'seg': 0.193, 'cls': 0.556, 'special': 0.0, 'embed': 0.002}
[g4_fold2] ep53 step241/249 loss=0.2199 {'ds': 0.105, 'seg': 0.141, 'cls': 0.312, 'special': 0.0, 'embed': 0.007}
[g4_fold2] epoch 53 loss=0.3373 dice_core=0.8962 dice_peri=0.9415 thr=[0.6, 0.45] (207s)
[g4_fold2] ep54 step21/249 loss=0.5031 {'ds': 0.373, 'seg': 0.378, 'cls': 0.5, 'special': 0.0, 'embed': 0.003}
[g4_fold2] ep54 step41/249 loss=0.7686 {'ds': 0.429, 'seg': 0.723, 'cls': 0.18, 'special': 0.0, 'embed': 0.003}
[g4_fold2] ep54 step61/249 loss=0.1624 {'ds': 0.093, 'seg': 0.123, 'cls': 0.158, 'special': 0.0, 'embed': 0.001}
[g4_fold2] ep54 step81/249 loss=0.8401 {'ds': 0.44, 'seg': 0.74, 'cls': 0.399, 'special': 0.0, 'embed': 0.004}
[g4_fold2] ep54 step101/249 loss=0.2752 {'ds': 0.138, 'seg': 0.181, 'cls': 0.374, 'special': 0.0, 'embed': 0.006}
[g4_fold2] ep54 step121/249 loss=0.8116 {'ds': 0.44, 'seg': 0.732, 'cls': 0.319, 'special': 0.0, 'embed': 0.003}
[g4_fold2] ep54 step141/249 loss=0.2611 {'ds': 0.12, 'seg': 0.185, 'cls': 0.303, 'special': 0.0, 'embed': 0.004}
[g4_fold2] ep54 step161/249 loss=0.1625 {'ds': 0.073, 'seg': 0.099, 'cls': 0.253, 'special': 0.0, 'embed': 0.002}
[g4_fold2] ep54 step181/249 loss=0.1918 {'ds': 0.102, 'seg': 0.138, 'cls': 0.212, 'special': 0.0, 'embed': 0.005}
[g4_fold2] ep54 step201/249 loss=0.6300 {'ds': 0.356, 'seg': 0.488, 'cls': 0.559, 'special': 0.0, 'embed': 0.029}
[g4_fold2] ep54 step221/249 loss=1.1185 {'ds': 0.662, 'seg': 0.918, 'cls': 0.802, 'special': 0.0, 'embed': 0.003}
[g4_fold2] ep54 step241/249 loss=0.1969 {'ds': 0.079, 'seg': 0.107, 'cls': 0.358, 'special': 0.0, 'embed': 0.005}
[g4_fold2] epoch 54 loss=0.3606 dice_core=0.8963 dice_peri=0.9418 thr=[0.6, 0.45] (212s)
[g4_fold2] ep55 step21/249 loss=0.1648 {'ds': 0.068, 'seg': 0.094, 'cls': 0.282, 'special': 0.0, 'embed': 0.003}
[g4_fold2] ep55 step41/249 loss=0.2674 {'ds': 0.146, 'seg': 0.196, 'cls': 0.286, 'special': 0.0, 'embed': 0.004}
[g4_fold2] ep55 step61/249 loss=0.2269 {'ds': 0.118, 'seg': 0.168, 'cls': 0.233, 'special': 0.0, 'embed': 0.005}
[g4_fold2] ep55 step81/249 loss=0.2859 {'ds': 0.141, 'seg': 0.19, 'cls': 0.382, 'special': 0.0, 'embed': 0.004}
[g4_fold2] ep55 step101/249 loss=0.2470 {'ds': 0.119, 'seg': 0.179, 'cls': 0.272, 'special': 0.0, 'embed': 0.001}
[g4_fold2] ep55 step121/249 loss=0.1652 {'ds': 0.085, 'seg': 0.102, 'cls': 0.25, 'special': 0.0, 'embed': 0.004}
[g4_fold2] ep55 step141/249 loss=0.2056 {'ds': 0.102, 'seg': 0.142, 'cls': 0.25, 'special': 0.0, 'embed': 0.012}
[g4_fold2] ep55 step161/249 loss=0.1962 {'ds': 0.067, 'seg': 0.09, 'cls': 0.423, 'special': 0.0, 'embed': 0.008}
[g4_fold2] ep55 step181/249 loss=0.7791 {'ds': 0.422, 'seg': 0.716, 'cls': 0.25, 'special': 0.0, 'embed': 0.002}
[g4_fold2] ep55 step201/249 loss=0.8961 {'ds': 0.477, 'seg': 0.781, 'cls': 0.46, 'special': 0.0, 'embed': 0.004}
[g4_fold2] ep55 step221/249 loss=0.1951 {'ds': 0.087, 'seg': 0.118, 'cls': 0.306, 'special': 0.0, 'embed': 0.009}
[g4_fold2] ep55 step241/249 loss=0.4350 {'ds': 0.245, 'seg': 0.336, 'cls': 0.393, 'special': 0.0, 'embed': 0.011}
[g4_fold2] epoch 55 loss=0.3419 dice_core=0.8961 dice_peri=0.9421 thr=[0.6, 0.45] (204s)
[g4_fold2] ep56 step21/249 loss=0.3918 {'ds': 0.175, 'seg': 0.237, 'cls': 0.62, 'special': 0.0, 'embed': 0.003}
[g4_fold2] ep56 step41/249 loss=0.8017 {'ds': 0.448, 'seg': 0.748, 'cls': 0.215, 'special': 0.0, 'embed': 0.001}
[g4_fold2] ep56 step61/249 loss=0.4234 {'ds': 0.226, 'seg': 0.32, 'cls': 0.413, 'special': 0.0, 'embed': 0.003}
[g4_fold2] ep56 step81/249 loss=0.4770 {'ds': 0.201, 'seg': 0.387, 'cls': 0.354, 'special': 0.0, 'embed': 0.02}
[g4_fold2] ep56 step101/249 loss=0.3857 {'ds': 0.22, 'seg': 0.313, 'cls': 0.288, 'special': 0.0, 'embed': 0.006}
[g4_fold2] ep56 step121/249 loss=0.3039 {'ds': 0.191, 'seg': 0.243, 'cls': 0.239, 'special': 0.0, 'embed': 0.009}
[g4_fold2] ep56 step141/249 loss=0.3152 {'ds': 0.163, 'seg': 0.221, 'cls': 0.377, 'special': 0.0, 'embed': 0.001}
[g4_fold2] ep56 step161/249 loss=0.1958 {'ds': 0.103, 'seg': 0.144, 'cls': 0.206, 'special': 0.0, 'embed': 0.005}
[g4_fold2] ep56 step181/249 loss=0.2150 {'ds': 0.09, 'seg': 0.124, 'cls': 0.362, 'special': 0.0, 'embed': 0.008}
[g4_fold2] ep56 step201/249 loss=0.2237 {'ds': 0.07, 'seg': 0.095, 'cls': 0.512, 'special': 0.0, 'embed': 0.01}
[g4_fold2] ep56 step221/249 loss=0.2799 {'ds': 0.116, 'seg': 0.158, 'cls': 0.485, 'special': 0.001, 'embed': 0.007}
[g4_fold2] ep56 step241/249 loss=0.6717 {'ds': 0.434, 'seg': 0.588, 'cls': 0.334, 'special': 0.0, 'embed': 0.005}
[g4_fold2] epoch 56 loss=0.3485 dice_core=0.8962 dice_peri=0.9424 thr=[0.6, 0.45] (205s)
[g4_fold2] ep57 step21/249 loss=0.2580 {'ds': 0.136, 'seg': 0.18, 'cls': 0.311, 'special': 0.0, 'embed': 0.008}
[g4_fold2] ep57 step41/249 loss=0.3131 {'ds': 0.176, 'seg': 0.229, 'cls': 0.334, 'special': 0.0, 'embed': 0.004}
[g4_fold2] ep57 step61/249 loss=0.3966 {'ds': 0.219, 'seg': 0.27, 'cls': 0.507, 'special': 0.0, 'embed': 0.002}
[g4_fold2] ep57 step81/249 loss=0.2999 {'ds': 0.138, 'seg': 0.19, 'cls': 0.44, 'special': 0.0, 'embed': 0.003}
[g4_fold2] ep57 step101/249 loss=0.2236 {'ds': 0.12, 'seg': 0.153, 'cls': 0.281, 'special': 0.0, 'embed': 0.005}
[g4_fold2] ep57 step121/249 loss=0.7849 {'ds': 0.424, 'seg': 0.714, 'cls': 0.28, 'special': 0.0, 'embed': 0.011}
[g4_fold2] ep57 step141/249 loss=0.1919 {'ds': 0.105, 'seg': 0.144, 'cls': 0.193, 'special': 0.0, 'embed': 0.002}
[g4_fold2] ep57 step161/249 loss=0.2156 {'ds': 0.101, 'seg': 0.134, 'cls': 0.32, 'special': 0.0, 'embed': 0.015}
[g4_fold2] ep57 step181/249 loss=0.2114 {'ds': 0.066, 'seg': 0.09, 'cls': 0.485, 'special': 0.0, 'embed': 0.007}
[g4_fold2] ep57 step201/249 loss=0.7474 {'ds': 0.407, 'seg': 0.689, 'cls': 0.232, 'special': 0.0, 'embed': 0.005}
[g4_fold2] ep57 step221/249 loss=0.2487 {'ds': 0.125, 'seg': 0.178, 'cls': 0.281, 'special': 0.0, 'embed': 0.006}
[g4_fold2] ep57 step241/249 loss=0.3211 {'ds': 0.158, 'seg': 0.219, 'cls': 0.406, 'special': 0.0, 'embed': 0.002}
[g4_fold2] epoch 57 loss=0.3069 dice_core=0.8962 dice_peri=0.9428 thr=[0.6, 0.45] (237s)
[g4_fold2] ep58 step21/249 loss=0.9983 {'ds': 0.517, 'seg': 0.885, 'cls': 0.452, 'special': 0.0, 'embed': 0.003}
[g4_fold2] ep58 step41/249 loss=0.2147 {'ds': 0.086, 'seg': 0.113, 'cls': 0.405, 'special': 0.0, 'embed': 0.002}
[g4_fold2] ep58 step61/249 loss=0.1860 {'ds': 0.099, 'seg': 0.126, 'cls': 0.24, 'special': 0.0, 'embed': 0.005}
[g4_fold2] ep58 step81/249 loss=0.3004 {'ds': 0.157, 'seg': 0.226, 'cls': 0.295, 'special': 0.0, 'embed': 0.003}
[g4_fold2] ep58 step101/249 loss=0.2573 {'ds': 0.115, 'seg': 0.159, 'cls': 0.39, 'special': 0.0, 'embed': 0.006}
[g4_fold2] ep58 step121/249 loss=1.3778 {'ds': 0.75, 'seg': 1.3, 'cls': 0.31, 'special': 0.0, 'embed': 0.004}
[g4_fold2] ep58 step141/249 loss=0.6740 {'ds': 0.365, 'seg': 0.518, 'cls': 0.621, 'special': 0.0, 'embed': 0.004}
[g4_fold2] ep58 step161/249 loss=0.3087 {'ds': 0.186, 'seg': 0.255, 'cls': 0.213, 'special': 0.0, 'embed': 0.004}
[g4_fold2] ep58 step181/249 loss=0.8033 {'ds': 0.444, 'seg': 0.749, 'cls': 0.216, 'special': 0.0, 'embed': 0.002}
[g4_fold2] ep58 step201/249 loss=0.2099 {'ds': 0.067, 'seg': 0.093, 'cls': 0.466, 'special': 0.0, 'embed': 0.001}
[g4_fold2] ep58 step221/249 loss=0.2033 {'ds': 0.083, 'seg': 0.106, 'cls': 0.387, 'special': 0.0, 'embed': 0.001}
[g4_fold2] ep58 step241/249 loss=0.2529 {'ds': 0.131, 'seg': 0.178, 'cls': 0.299, 'special': 0.0, 'embed': 0.002}
[g4_fold2] epoch 58 loss=0.3373 dice_core=0.8963 dice_peri=0.9429 thr=[0.55, 0.45] (209s)
[g4_fold2] ep59 step21/249 loss=0.3229 {'ds': 0.159, 'seg': 0.22, 'cls': 0.411, 'special': 0.001, 'embed': 0.004}
[g4_fold2] ep59 step41/249 loss=0.5038 {'ds': 0.183, 'seg': 0.375, 'cls': 0.511, 'special': 0.0, 'embed': 0.008}
[g4_fold2] ep59 step61/249 loss=0.2692 {'ds': 0.144, 'seg': 0.195, 'cls': 0.295, 'special': 0.0, 'embed': 0.003}
[g4_fold2] ep59 step81/249 loss=0.1874 {'ds': 0.069, 'seg': 0.089, 'cls': 0.391, 'special': 0.0, 'embed': 0.005}
[g4_fold2] ep59 step101/249 loss=0.1881 {'ds': 0.099, 'seg': 0.135, 'cls': 0.212, 'special': 0.0, 'embed': 0.004}
[g4_fold2] ep59 step121/249 loss=0.9476 {'ds': 0.515, 'seg': 0.852, 'cls': 0.383, 'special': 0.0, 'embed': 0.001}
[g4_fold2] ep59 step141/249 loss=0.8643 {'ds': 0.492, 'seg': 0.813, 'cls': 0.204, 'special': 0.0, 'embed': 0.001}
[g4_fold2] ep59 step161/249 loss=0.2695 {'ds': 0.146, 'seg': 0.194, 'cls': 0.302, 'special': 0.0, 'embed': 0.001}
[g4_fold2] ep59 step181/249 loss=0.4684 {'ds': 0.203, 'seg': 0.408, 'cls': 0.243, 'special': 0.0, 'embed': 0.001}
[g4_fold2] ep59 step201/249 loss=0.2052 {'ds': 0.106, 'seg': 0.14, 'cls': 0.262, 'special': 0.0, 'embed': 0.002}
[g4_fold2] ep59 step221/249 loss=0.1723 {'ds': 0.096, 'seg': 0.129, 'cls': 0.174, 'special': 0.0, 'embed': 0.002}
[g4_fold2] ep59 step241/249 loss=0.1653 {'ds': 0.082, 'seg': 0.113, 'cls': 0.21, 'special': 0.0, 'embed': 0.001}
[g4_fold2] epoch 59 loss=0.3021 dice_core=0.8964 dice_peri=0.9430 thr=[0.55, 0.45] (204s)
[g4_fold2] ep60 step21/249 loss=0.1621 {'ds': 0.086, 'seg': 0.11, 'cls': 0.207, 'special': 0.0, 'embed': 0.004}
[g4_fold2] ep60 step41/249 loss=0.1957 {'ds': 0.081, 'seg': 0.109, 'cls': 0.344, 'special': 0.0, 'embed': 0.008}
[g4_fold2] ep60 step61/249 loss=0.1981 {'ds': 0.102, 'seg': 0.14, 'cls': 0.231, 'special': 0.0, 'embed': 0.002}
[g4_fold2] ep60 step81/249 loss=0.5953 {'ds': 0.426, 'seg': 0.502, 'cls': 0.372, 'special': 0.0, 'embed': 0.001}
[g4_fold2] ep60 step101/249 loss=0.2287 {'ds': 0.082, 'seg': 0.115, 'cls': 0.453, 'special': 0.0, 'embed': 0.001}
[g4_fold2] ep60 step121/249 loss=0.1989 {'ds': 0.096, 'seg': 0.133, 'cls': 0.263, 'special': 0.0, 'embed': 0.006}
[g4_fold2] ep60 step141/249 loss=0.2585 {'ds': 0.139, 'seg': 0.172, 'cls': 0.347, 'special': 0.0, 'embed': 0.003}
[g4_fold2] ep60 step161/249 loss=0.1625 {'ds': 0.058, 'seg': 0.077, 'cls': 0.34, 'special': 0.0, 'embed': 0.002}
[g4_fold2] ep60 step181/249 loss=0.2763 {'ds': 0.162, 'seg': 0.223, 'cls': 0.215, 'special': 0.0, 'embed': 0.001}
[g4_fold2] ep60 step201/249 loss=0.1488 {'ds': 0.057, 'seg': 0.076, 'cls': 0.288, 'special': 0.0, 'embed': 0.007}
[g4_fold2] ep60 step221/249 loss=0.2438 {'ds': 0.115, 'seg': 0.167, 'cls': 0.304, 'special': 0.0, 'embed': 0.003}
[g4_fold2] ep60 step241/249 loss=0.2987 {'ds': 0.264, 'seg': 0.214, 'cls': 0.34, 'special': 0.0, 'embed': 0.003}
[g4_fold2] epoch 60 loss=0.2922 dice_core=0.8966 dice_peri=0.9432 thr=[0.6, 0.45] (212s)
[g4_fold2] ep61 step21/249 loss=0.8066 {'ds': 0.421, 'seg': 0.719, 'cls': 0.35, 'special': 0.0, 'embed': 0.001}
[g4_fold2] ep61 step41/249 loss=0.2472 {'ds': 0.116, 'seg': 0.161, 'cls': 0.343, 'special': 0.0, 'embed': 0.002}
[g4_fold2] ep61 step61/249 loss=0.1306 {'ds': 0.054, 'seg': 0.073, 'cls': 0.228, 'special': 0.0, 'embed': 0.007}
[g4_fold2] ep61 step81/249 loss=0.2556 {'ds': 0.121, 'seg': 0.172, 'cls': 0.335, 'special': 0.0, 'embed': 0.002}
[g4_fold2] ep61 step101/249 loss=0.2303 {'ds': 0.112, 'seg': 0.155, 'cls': 0.302, 'special': 0.0, 'embed': 0.002}
[g4_fold2] ep61 step121/249 loss=0.2941 {'ds': 0.152, 'seg': 0.2, 'cls': 0.378, 'special': 0.0, 'embed': 0.002}
[g4_fold2] ep61 step141/249 loss=0.2797 {'ds': 0.124, 'seg': 0.175, 'cls': 0.417, 'special': 0.0, 'embed': 0.012}
[g4_fold2] ep61 step161/249 loss=0.7545 {'ds': 0.405, 'seg': 0.695, 'cls': 0.237, 'special': 0.0, 'embed': 0.003}
[g4_fold2] ep61 step181/249 loss=0.1557 {'ds': 0.077, 'seg': 0.1, 'cls': 0.222, 'special': 0.0, 'embed': 0.003}
[g4_fold2] ep61 step201/249 loss=0.1631 {'ds': 0.07, 'seg': 0.095, 'cls': 0.273, 'special': 0.0, 'embed': 0.004}
[g4_fold2] ep61 step221/249 loss=0.2123 {'ds': 0.108, 'seg': 0.149, 'cls': 0.254, 'special': 0.0, 'embed': 0.001}
[g4_fold2] ep61 step241/249 loss=0.4499 {'ds': 0.201, 'seg': 0.263, 'cls': 0.747, 'special': 0.001, 'embed': 0.003}
[g4_fold2] epoch 61 loss=0.3313 dice_core=0.8970 dice_peri=0.9433 thr=[0.55, 0.45] (215s)
[g4_fold2] ep62 step21/249 loss=0.9847 {'ds': 0.577, 'seg': 0.789, 'cls': 0.782, 'special': 0.0, 'embed': 0.002}
[g4_fold2] ep62 step41/249 loss=0.6420 {'ds': 0.318, 'seg': 0.542, 'cls': 0.398, 'special': 0.0, 'embed': 0.001}
[g4_fold2] ep62 step61/249 loss=0.8387 {'ds': 0.444, 'seg': 0.744, 'cls': 0.378, 'special': 0.0, 'embed': 0.001}
[g4_fold2] ep62 step81/249 loss=0.7907 {'ds': 0.445, 'seg': 0.745, 'cls': 0.182, 'special': 0.0, 'embed': 0.007}
[g4_fold2] ep62 step101/249 loss=0.2099 {'ds': 0.124, 'seg': 0.163, 'cls': 0.186, 'special': 0.0, 'embed': 0.004}
[g4_fold2] ep62 step121/249 loss=0.2760 {'ds': 0.14, 'seg': 0.201, 'cls': 0.297, 'special': 0.0, 'embed': 0.003}
[g4_fold2] ep62 step141/249 loss=0.1664 {'ds': 0.067, 'seg': 0.094, 'cls': 0.291, 'special': 0.0, 'embed': 0.003}
[g4_fold2] ep62 step161/249 loss=0.3244 {'ds': 0.167, 'seg': 0.232, 'cls': 0.37, 'special': 0.0, 'embed': 0.001}
[g4_fold2] ep62 step181/249 loss=0.2214 {'ds': 0.119, 'seg': 0.151, 'cls': 0.281, 'special': 0.0, 'embed': 0.003}
[g4_fold2] ep62 step201/249 loss=0.2342 {'ds': 0.123, 'seg': 0.164, 'cls': 0.274, 'special': 0.0, 'embed': 0.015}
[g4_fold2] ep62 step221/249 loss=0.2354 {'ds': 0.124, 'seg': 0.174, 'cls': 0.246, 'special': 0.0, 'embed': 0.004}
[g4_fold2] ep62 step241/249 loss=0.1796 {'ds': 0.082, 'seg': 0.103, 'cls': 0.306, 'special': 0.0, 'embed': 0.002}
[g4_fold2] epoch 62 loss=0.3191 dice_core=0.8972 dice_peri=0.9437 thr=[0.55, 0.45] (199s)
[g4_fold2] ep63 step21/249 loss=0.7366 {'ds': 0.408, 'seg': 0.691, 'cls': 0.181, 'special': 0.0, 'embed': 0.002}
[g4_fold2] ep63 step41/249 loss=0.7447 {'ds': 0.388, 'seg': 0.668, 'cls': 0.303, 'special': 0.0, 'embed': 0.005}
[g4_fold2] ep63 step61/249 loss=0.6372 {'ds': 0.378, 'seg': 0.522, 'cls': 0.459, 'special': 0.0, 'embed': 0.003}
[g4_fold2] ep63 step81/249 loss=0.3280 {'ds': 0.165, 'seg': 0.223, 'cls': 0.419, 'special': 0.0, 'embed': 0.002}
[g4_fold2] ep63 step101/249 loss=0.3991 {'ds': 0.218, 'seg': 0.293, 'cls': 0.422, 'special': 0.0, 'embed': 0.001}
[g4_fold2] ep63 step121/249 loss=0.2895 {'ds': 0.155, 'seg': 0.2, 'cls': 0.356, 'special': 0.0, 'embed': 0.002}
[g4_fold2] ep63 step141/249 loss=0.2210 {'ds': 0.107, 'seg': 0.134, 'cls': 0.346, 'special': 0.0, 'embed': 0.013}
[g4_fold2] ep63 step161/249 loss=0.6247 {'ds': 0.349, 'seg': 0.482, 'cls': 0.569, 'special': 0.0, 'embed': 0.002}
[g4_fold2] ep63 step181/249 loss=0.2172 {'ds': 0.104, 'seg': 0.139, 'cls': 0.311, 'special': 0.0, 'embed': 0.001}
[g4_fold2] ep63 step201/249 loss=0.2580 {'ds': 0.133, 'seg': 0.17, 'cls': 0.351, 'special': 0.0, 'embed': 0.001}
[g4_fold2] ep63 step221/249 loss=0.2091 {'ds': 0.089, 'seg': 0.115, 'cls': 0.375, 'special': 0.0, 'embed': 0.002}
[g4_fold2] ep63 step241/249 loss=0.3740 {'ds': 0.121, 'seg': 0.173, 'cls': 0.802, 'special': 0.0, 'embed': 0.005}
[g4_fold2] epoch 63 loss=0.3342 dice_core=0.8975 dice_peri=0.9441 thr=[0.55, 0.45] (191s)
[g4_fold2] ep64 step21/249 loss=0.2003 {'ds': 0.088, 'seg': 0.12, 'cls': 0.32, 'special': 0.0, 'embed': 0.002}
[g4_fold2] ep64 step41/249 loss=0.7952 {'ds': 0.427, 'seg': 0.719, 'cls': 0.306, 'special': 0.0, 'embed': 0.001}
[g4_fold2] ep64 step61/249 loss=0.2710 {'ds': 0.146, 'seg': 0.202, 'cls': 0.275, 'special': 0.0, 'embed': 0.003}
[g4_fold2] ep64 step81/249 loss=0.1429 {'ds': 0.055, 'seg': 0.07, 'cls': 0.288, 'special': 0.0, 'embed': 0.011}
[g4_fold2] ep64 step101/249 loss=0.4769 {'ds': 0.178, 'seg': 0.37, 'cls': 0.428, 'special': 0.0, 'embed': 0.001}
[g4_fold2] ep64 step121/249 loss=0.7726 {'ds': 0.423, 'seg': 0.714, 'cls': 0.233, 'special': 0.0, 'embed': 0.002}
[g4_fold2] ep64 step141/249 loss=0.2283 {'ds': 0.085, 'seg': 0.122, 'cls': 0.423, 'special': 0.0, 'embed': 0.002}
[g4_fold2] ep64 step161/249 loss=0.1495 {'ds': 0.072, 'seg': 0.094, 'cls': 0.221, 'special': 0.0, 'embed': 0.003}
[g4_fold2] ep64 step181/249 loss=0.1594 {'ds': 0.055, 'seg': 0.069, 'cls': 0.362, 'special': 0.0, 'embed': 0.004}
[g4_fold2] ep64 step201/249 loss=0.5653 {'ds': 0.246, 'seg': 0.461, 'cls': 0.414, 'special': 0.0, 'embed': 0.011}
[g4_fold2] ep64 step221/249 loss=0.5464 {'ds': 0.324, 'seg': 0.45, 'cls': 0.384, 'special': 0.0, 'embed': 0.004}
[g4_fold2] ep64 step241/249 loss=0.3075 {'ds': 0.19, 'seg': 0.235, 'cls': 0.289, 'special': 0.0, 'embed': 0.004}
[g4_fold2] epoch 64 loss=0.3448 dice_core=0.8981 dice_peri=0.9442 thr=[0.55, 0.45] (203s)
[g4_fold2] ep65 step21/249 loss=0.1493 {'ds': 0.055, 'seg': 0.077, 'cls': 0.286, 'special': 0.0, 'embed': 0.008}
[g4_fold2] ep65 step41/249 loss=1.1606 {'ds': 0.661, 'seg': 1.051, 'cls': 0.438, 'special': 0.0, 'embed': 0.002}
[g4_fold2] ep65 step61/249 loss=0.2309 {'ds': 0.104, 'seg': 0.138, 'cls': 0.372, 'special': 0.0, 'embed': 0.002}
[g4_fold2] ep65 step81/249 loss=0.3339 {'ds': 0.179, 'seg': 0.253, 'cls': 0.321, 'special': 0.0, 'embed': 0.001}
[g4_fold2] ep65 step101/249 loss=0.7847 {'ds': 0.414, 'seg': 0.704, 'cls': 0.324, 'special': 0.0, 'embed': 0.003}
[g4_fold2] ep65 step121/249 loss=0.2378 {'ds': 0.138, 'seg': 0.189, 'cls': 0.194, 'special': 0.0, 'embed': 0.008}
[g4_fold2] ep65 step141/249 loss=0.2328 {'ds': 0.185, 'seg': 0.161, 'cls': 0.281, 'special': 0.0, 'embed': 0.026}
[g4_fold2] ep65 step161/249 loss=0.9058 {'ds': 0.475, 'seg': 0.778, 'cls': 0.51, 'special': 0.0, 'embed': 0.007}
[g4_fold2] ep65 step181/249 loss=0.1579 {'ds': 0.077, 'seg': 0.097, 'cls': 0.241, 'special': 0.0, 'embed': 0.005}
[g4_fold2] ep65 step201/249 loss=0.2062 {'ds': 0.104, 'seg': 0.141, 'cls': 0.261, 'special': 0.0, 'embed': 0.001}
[g4_fold2] ep65 step221/249 loss=0.3389 {'ds': 0.197, 'seg': 0.272, 'cls': 0.268, 'special': 0.0, 'embed': 0.002}
[g4_fold2] ep65 step241/249 loss=0.3463 {'ds': 0.182, 'seg': 0.269, 'cls': 0.309, 'special': 0.0, 'embed': 0.001}
[g4_fold2] epoch 65 loss=0.3335 dice_core=0.8981 dice_peri=0.9441 thr=[0.55, 0.45] (216s)
[g4_fold2] ep66 step21/249 loss=0.2349 {'ds': 0.117, 'seg': 0.153, 'cls': 0.329, 'special': 0.0, 'embed': 0.001}
[g4_fold2] ep66 step41/249 loss=0.2971 {'ds': 0.157, 'seg': 0.217, 'cls': 0.318, 'special': 0.0, 'embed': 0.004}
[g4_fold2] ep66 step61/249 loss=0.1835 {'ds': 0.078, 'seg': 0.102, 'cls': 0.315, 'special': 0.0, 'embed': 0.036}
[g4_fold2] ep66 step81/249 loss=0.8414 {'ds': 0.48, 'seg': 0.782, 'cls': 0.233, 'special': 0.0, 'embed': 0.016}
[g4_fold2] ep66 step101/249 loss=0.6271 {'ds': 0.291, 'seg': 0.541, 'cls': 0.34, 'special': 0.0, 'embed': 0.016}
[g4_fold2] ep66 step121/249 loss=0.2477 {'ds': 0.155, 'seg': 0.207, 'cls': 0.159, 'special': 0.0, 'embed': 0.01}
[g4_fold2] ep66 step141/249 loss=0.3837 {'ds': 0.198, 'seg': 0.26, 'cls': 0.494, 'special': 0.0, 'embed': 0.002}
[g4_fold2] ep66 step161/249 loss=0.4613 {'ds': 0.139, 'seg': 0.191, 'cls': 1.079, 'special': 0.0, 'embed': 0.005}
[g4_fold2] ep66 step181/249 loss=0.1781 {'ds': 0.077, 'seg': 0.104, 'cls': 0.295, 'special': 0.0, 'embed': 0.001}
[g4_fold2] ep66 step201/249 loss=0.7834 {'ds': 0.422, 'seg': 0.71, 'cls': 0.292, 'special': 0.0, 'embed': 0.001}
[g4_fold2] ep66 step221/249 loss=0.8290 {'ds': 0.542, 'seg': 0.763, 'cls': 0.263, 'special': 0.0, 'embed': 0.0}
[g4_fold2] ep66 step241/249 loss=0.2136 {'ds': 0.114, 'seg': 0.158, 'cls': 0.223, 'special': 0.0, 'embed': 0.003}
[g4_fold2] epoch 66 loss=0.3652 dice_core=0.8980 dice_peri=0.9439 thr=[0.55, 0.45] (200s)
[g4_fold2] ep67 step21/249 loss=0.3750 {'ds': 0.205, 'seg': 0.281, 'cls': 0.372, 'special': 0.0, 'embed': 0.006}
[g4_fold2] ep67 step41/249 loss=0.2736 {'ds': 0.129, 'seg': 0.179, 'cls': 0.376, 'special': 0.0, 'embed': 0.004}
[g4_fold2] ep67 step61/249 loss=0.6448 {'ds': 0.285, 'seg': 0.526, 'cls': 0.474, 'special': 0.0, 'embed': 0.003}
[g4_fold2] ep67 step81/249 loss=0.1580 {'ds': 0.083, 'seg': 0.113, 'cls': 0.179, 'special': 0.0, 'embed': 0.001}
[g4_fold2] ep67 step101/249 loss=0.2096 {'ds': 0.066, 'seg': 0.092, 'cls': 0.471, 'special': 0.0, 'embed': 0.003}
[g4_fold2] ep67 step121/249 loss=0.1744 {'ds': 0.099, 'seg': 0.124, 'cls': 0.199, 'special': 0.0, 'embed': 0.001}
[g4_fold2] ep67 step141/249 loss=0.2381 {'ds': 0.127, 'seg': 0.168, 'cls': 0.28, 'special': 0.0, 'embed': 0.001}
[g4_fold2] ep67 step161/249 loss=0.2349 {'ds': 0.141, 'seg': 0.187, 'cls': 0.192, 'special': 0.0, 'embed': 0.0}
[g4_fold2] ep67 step181/249 loss=0.3649 {'ds': 0.178, 'seg': 0.25, 'cls': 0.459, 'special': 0.0, 'embed': 0.002}
[g4_fold2] ep67 step201/249 loss=0.1618 {'ds': 0.067, 'seg': 0.088, 'cls': 0.293, 'special': 0.0, 'embed': 0.003}
[g4_fold2] ep67 step221/249 loss=0.2647 {'ds': 0.153, 'seg': 0.206, 'cls': 0.234, 'special': 0.0, 'embed': 0.001}
[g4_fold2] ep67 step241/249 loss=0.2216 {'ds': 0.091, 'seg': 0.124, 'cls': 0.39, 'special': 0.0, 'embed': 0.001}
[g4_fold2] epoch 67 loss=0.3363 dice_core=0.8979 dice_peri=0.9440 thr=[0.55, 0.45] (213s)
[g4_fold2] ep68 step21/249 loss=0.1586 {'ds': 0.067, 'seg': 0.093, 'cls': 0.262, 'special': 0.0, 'embed': 0.001}
[g4_fold2] ep68 step41/249 loss=0.1526 {'ds': 0.061, 'seg': 0.085, 'cls': 0.27, 'special': 0.0, 'embed': 0.008}
[g4_fold2] ep68 step61/249 loss=0.1552 {'ds': 0.079, 'seg': 0.105, 'cls': 0.199, 'special': 0.0, 'embed': 0.002}
[g4_fold2] ep68 step81/249 loss=0.1267 {'ds': 0.056, 'seg': 0.07, 'cls': 0.227, 'special': 0.0, 'embed': 0.001}
[g4_fold2] ep68 step101/249 loss=0.1736 {'ds': 0.079, 'seg': 0.11, 'cls': 0.255, 'special': 0.0, 'embed': 0.0}
[g4_fold2] ep68 step121/249 loss=0.5310 {'ds': 0.23, 'seg': 0.303, 'cls': 0.912, 'special': 0.0, 'embed': 0.002}
[g4_fold2] ep68 step141/249 loss=0.2861 {'ds': 0.159, 'seg': 0.215, 'cls': 0.282, 'special': 0.0, 'embed': 0.002}
[g4_fold2] ep68 step161/249 loss=0.5574 {'ds': 0.248, 'seg': 0.477, 'cls': 0.32, 'special': 0.0, 'embed': 0.002}
[g4_fold2] ep68 step181/249 loss=0.2406 {'ds': 0.134, 'seg': 0.179, 'cls': 0.247, 'special': 0.0, 'embed': 0.005}
[g4_fold2] ep68 step201/249 loss=0.2335 {'ds': 0.111, 'seg': 0.146, 'cls': 0.351, 'special': 0.0, 'embed': 0.002}
[g4_fold2] ep68 step221/249 loss=0.2317 {'ds': 0.094, 'seg': 0.127, 'cls': 0.417, 'special': 0.0, 'embed': 0.002}
[g4_fold2] ep68 step241/249 loss=0.1278 {'ds': 0.052, 'seg': 0.07, 'cls': 0.229, 'special': 0.0, 'embed': 0.003}
[g4_fold2] epoch 68 loss=0.3281 dice_core=0.8979 dice_peri=0.9440 thr=[0.6, 0.45] (224s)
[g4_fold2] ep69 step21/249 loss=0.3729 {'ds': 0.218, 'seg': 0.29, 'cls': 0.331, 'special': 0.0, 'embed': 0.001}
[g4_fold2] ep69 step41/249 loss=0.1887 {'ds': 0.077, 'seg': 0.104, 'cls': 0.34, 'special': 0.0, 'embed': 0.0}
[g4_fold2] ep69 step61/249 loss=0.1881 {'ds': 0.099, 'seg': 0.128, 'cls': 0.24, 'special': 0.0, 'embed': 0.006}
[g4_fold2] ep69 step81/249 loss=0.1815 {'ds': 0.09, 'seg': 0.122, 'cls': 0.236, 'special': 0.0, 'embed': 0.003}
[g4_fold2] ep69 step101/249 loss=0.7467 {'ds': 0.414, 'seg': 0.704, 'cls': 0.17, 'special': 0.0, 'embed': 0.001}
[g4_fold2] ep69 step121/249 loss=0.2869 {'ds': 0.18, 'seg': 0.239, 'cls': 0.19, 'special': 0.0, 'embed': 0.001}
[g4_fold2] ep69 step141/249 loss=0.5075 {'ds': 0.215, 'seg': 0.422, 'cls': 0.342, 'special': 0.0, 'embed': 0.002}
[g4_fold2] ep69 step161/249 loss=0.3977 {'ds': 0.199, 'seg': 0.284, 'cls': 0.452, 'special': 0.0, 'embed': 0.003}
[g4_fold2] ep69 step181/249 loss=0.2260 {'ds': 0.09, 'seg': 0.125, 'cls': 0.405, 'special': 0.0, 'embed': 0.003}
[g4_fold2] ep69 step201/249 loss=0.2092 {'ds': 0.088, 'seg': 0.125, 'cls': 0.335, 'special': 0.0, 'embed': 0.003}
[g4_fold2] ep69 step221/249 loss=0.8615 {'ds': 0.376, 'seg': 0.785, 'cls': 0.305, 'special': 0.0, 'embed': 0.0}
[g4_fold2] ep69 step241/249 loss=0.2181 {'ds': 0.095, 'seg': 0.13, 'cls': 0.351, 'special': 0.0, 'embed': 0.003}
[g4_fold2] epoch 69 loss=0.3349 dice_core=0.8979 dice_peri=0.9439 thr=[0.6, 0.45] (216s)
[g4_fold2] ep70 step21/249 loss=0.1862 {'ds': 0.098, 'seg': 0.137, 'cls': 0.196, 'special': 0.0, 'embed': 0.002}
[g4_fold2] ep70 step41/249 loss=0.2441 {'ds': 0.142, 'seg': 0.185, 'cls': 0.237, 'special': 0.0, 'embed': 0.003}
[g4_fold2] ep70 step61/249 loss=0.1982 {'ds': 0.073, 'seg': 0.106, 'cls': 0.368, 'special': 0.0, 'embed': 0.001}
[g4_fold2] ep70 step81/249 loss=0.2246 {'ds': 0.101, 'seg': 0.128, 'cls': 0.385, 'special': 0.0, 'embed': 0.001}
[g4_fold2] ep70 step101/249 loss=0.2087 {'ds': 0.096, 'seg': 0.128, 'cls': 0.323, 'special': 0.0, 'embed': 0.004}
[g4_fold2] ep70 step121/249 loss=0.2342 {'ds': 0.119, 'seg': 0.153, 'cls': 0.325, 'special': 0.0, 'embed': 0.002}
[g4_fold2] ep70 step141/249 loss=0.2607 {'ds': 0.128, 'seg': 0.172, 'cls': 0.346, 'special': 0.0, 'embed': 0.033}
[g4_fold2] ep70 step161/249 loss=0.2537 {'ds': 0.129, 'seg': 0.173, 'cls': 0.323, 'special': 0.0, 'embed': 0.001}
[g4_fold2] ep70 step181/249 loss=0.8605 {'ds': 0.46, 'seg': 0.771, 'cls': 0.358, 'special': 0.0, 'embed': 0.002}
[g4_fold2] ep70 step201/249 loss=0.8710 {'ds': 0.461, 'seg': 0.766, 'cls': 0.416, 'special': 0.0, 'embed': 0.007}
[g4_fold2] ep70 step221/249 loss=0.2181 {'ds': 0.097, 'seg': 0.128, 'cls': 0.359, 'special': 0.0, 'embed': 0.002}
[g4_fold2] ep70 step241/249 loss=0.1272 {'ds': 0.061, 'seg': 0.077, 'cls': 0.199, 'special': 0.0, 'embed': 0.001}
[g4_fold2] epoch 70 loss=0.3193 dice_core=0.8979 dice_peri=0.9440 thr=[0.6, 0.45] (199s)
[g4_fold2] ep71 step21/249 loss=0.2306 {'ds': 0.125, 'seg': 0.163, 'cls': 0.269, 'special': 0.0, 'embed': 0.001}
[g4_fold2] ep71 step41/249 loss=0.1919 {'ds': 0.056, 'seg': 0.081, 'cls': 0.444, 'special': 0.0, 'embed': 0.004}
[g4_fold2] ep71 step61/249 loss=0.1591 {'ds': 0.063, 'seg': 0.082, 'cls': 0.306, 'special': 0.0, 'embed': 0.003}
[g4_fold2] ep71 step81/249 loss=0.2575 {'ds': 0.13, 'seg': 0.172, 'cls': 0.341, 'special': 0.0, 'embed': 0.003}
[g4_fold2] ep71 step101/249 loss=0.3515 {'ds': 0.131, 'seg': 0.18, 'cls': 0.687, 'special': 0.0, 'embed': 0.001}
[g4_fold2] ep71 step121/249 loss=0.2717 {'ds': 0.125, 'seg': 0.176, 'cls': 0.38, 'special': 0.0, 'embed': 0.003}
[g4_fold2] ep71 step141/249 loss=0.7996 {'ds': 0.429, 'seg': 0.722, 'cls': 0.308, 'special': 0.0, 'embed': 0.004}
[g4_fold2] ep71 step161/249 loss=0.1933 {'ds': 0.094, 'seg': 0.13, 'cls': 0.253, 'special': 0.0, 'embed': 0.002}
[g4_fold2] ep71 step181/249 loss=0.2628 {'ds': 0.125, 'seg': 0.176, 'cls': 0.344, 'special': 0.0, 'embed': 0.003}
[g4_fold2] ep71 step201/249 loss=0.2437 {'ds': 0.108, 'seg': 0.138, 'cls': 0.421, 'special': 0.0, 'embed': 0.001}
[g4_fold2] ep71 step221/249 loss=0.6106 {'ds': 0.28, 'seg': 0.52, 'cls': 0.359, 'special': 0.0, 'embed': 0.005}
[g4_fold2] ep71 step241/249 loss=0.1865 {'ds': 0.092, 'seg': 0.128, 'cls': 0.229, 'special': 0.0, 'embed': 0.014}
[g4_fold2] epoch 71 loss=0.3331 dice_core=0.8975 dice_peri=0.9440 thr=[0.6, 0.45] (238s)
[g4_fold2] ep72 step21/249 loss=0.1582 {'ds': 0.074, 'seg': 0.102, 'cls': 0.223, 'special': 0.0, 'embed': 0.007}
[g4_fold2] ep72 step41/249 loss=0.1690 {'ds': 0.092, 'seg': 0.121, 'cls': 0.191, 'special': 0.0, 'embed': 0.0}
[g4_fold2] ep72 step61/249 loss=0.1887 {'ds': 0.079, 'seg': 0.1, 'cls': 0.352, 'special': 0.0, 'embed': 0.002}
[g4_fold2] ep72 step81/249 loss=0.8173 {'ds': 0.544, 'seg': 0.758, 'cls': 0.236, 'special': 0.0, 'embed': 0.005}
[g4_fold2] ep72 step101/249 loss=0.2143 {'ds': 0.098, 'seg': 0.13, 'cls': 0.337, 'special': 0.0, 'embed': 0.003}
[g4_fold2] ep72 step121/249 loss=0.2166 {'ds': 0.11, 'seg': 0.148, 'cls': 0.273, 'special': 0.0, 'embed': 0.001}
[g4_fold2] ep72 step141/249 loss=0.3320 {'ds': 0.199, 'seg': 0.273, 'cls': 0.234, 'special': 0.0, 'embed': 0.001}
[g4_fold2] ep72 step161/249 loss=0.3114 {'ds': 0.17, 'seg': 0.25, 'cls': 0.245, 'special': 0.0, 'embed': 0.006}
[g4_fold2] ep72 step181/249 loss=0.3548 {'ds': 0.2, 'seg': 0.278, 'cls': 0.303, 'special': 0.0, 'embed': 0.006}
[g4_fold2] ep72 step201/249 loss=0.8305 {'ds': 0.457, 'seg': 0.763, 'cls': 0.27, 'special': 0.0, 'embed': 0.002}
[g4_fold2] ep72 step221/249 loss=0.2005 {'ds': 0.083, 'seg': 0.111, 'cls': 0.355, 'special': 0.0, 'embed': 0.004}
[g4_fold2] ep72 step241/249 loss=0.9043 {'ds': 0.504, 'seg': 0.834, 'cls': 0.281, 'special': 0.0, 'embed': 0.004}
[g4_fold2] epoch 72 loss=0.3302 dice_core=0.8973 dice_peri=0.9441 thr=[0.6, 0.45] (235s)
[g4_fold2] ep73 step21/249 loss=0.5320 {'ds': 0.313, 'seg': 0.431, 'cls': 0.401, 'special': 0.0, 'embed': 0.005}
[g4_fold2] ep73 step41/249 loss=0.2313 {'ds': 0.117, 'seg': 0.165, 'cls': 0.265, 'special': 0.0, 'embed': 0.003}
[g4_fold2] ep73 step61/249 loss=0.1906 {'ds': 0.084, 'seg': 0.104, 'cls': 0.345, 'special': 0.0, 'embed': 0.001}
[g4_fold2] ep73 step81/249 loss=0.2956 {'ds': 0.167, 'seg': 0.222, 'cls': 0.294, 'special': 0.0, 'embed': 0.001}
[g4_fold2] ep73 step101/249 loss=0.3292 {'ds': 0.177, 'seg': 0.249, 'cls': 0.32, 'special': 0.0, 'embed': 0.005}
[g4_fold2] ep73 step121/249 loss=0.5194 {'ds': 0.283, 'seg': 0.384, 'cls': 0.54, 'special': 0.0, 'embed': 0.009}
[g4_fold2] ep73 step141/249 loss=0.3187 {'ds': 0.165, 'seg': 0.223, 'cls': 0.381, 'special': 0.0, 'embed': 0.003}
[g4_fold2] ep73 step161/249 loss=0.1993 {'ds': 0.105, 'seg': 0.137, 'cls': 0.247, 'special': 0.0, 'embed': 0.003}
[g4_fold2] ep73 step181/249 loss=0.1318 {'ds': 0.06, 'seg': 0.077, 'cls': 0.219, 'special': 0.0, 'embed': 0.004}
[g4_fold2] ep73 step201/249 loss=0.8873 {'ds': 0.5, 'seg': 0.811, 'cls': 0.306, 'special': 0.0, 'embed': 0.001}
[g4_fold2] ep73 step221/249 loss=0.2079 {'ds': 0.106, 'seg': 0.152, 'cls': 0.225, 'special': 0.0, 'embed': 0.002}
[g4_fold2] ep73 step241/249 loss=0.2814 {'ds': 0.161, 'seg': 0.219, 'cls': 0.25, 'special': 0.0, 'embed': 0.001}
[g4_fold2] epoch 73 loss=0.3214 dice_core=0.8970 dice_peri=0.9442 thr=[0.55, 0.45] (200s)
[g4_fold2] ep74 step21/249 loss=0.2606 {'ds': 0.153, 'seg': 0.205, 'cls': 0.222, 'special': 0.0, 'embed': 0.001}
[g4_fold2] ep74 step41/249 loss=0.2073 {'ds': 0.099, 'seg': 0.148, 'cls': 0.233, 'special': 0.0, 'embed': 0.019}
[g4_fold2] ep74 step61/249 loss=0.2784 {'ds': 0.147, 'seg': 0.2, 'cls': 0.31, 'special': 0.0, 'embed': 0.008}
[g4_fold2] ep74 step81/249 loss=0.4325 {'ds': 0.26, 'seg': 0.346, 'cls': 0.346, 'special': 0.0, 'embed': 0.002}
[g4_fold2] ep74 step101/249 loss=0.1801 {'ds': 0.066, 'seg': 0.09, 'cls': 0.361, 'special': 0.0, 'embed': 0.004}
[g4_fold2] ep74 step121/249 loss=0.3650 {'ds': 0.211, 'seg': 0.283, 'cls': 0.327, 'special': 0.0, 'embed': 0.003}
[g4_fold2] ep74 step141/249 loss=0.1478 {'ds': 0.07, 'seg': 0.091, 'cls': 0.225, 'special': 0.0, 'embed': 0.001}
[g4_fold2] ep74 step161/249 loss=0.3062 {'ds': 0.179, 'seg': 0.251, 'cls': 0.219, 'special': 0.0, 'embed': 0.002}
[g4_fold2] ep74 step181/249 loss=0.1673 {'ds': 0.09, 'seg': 0.114, 'cls': 0.212, 'special': 0.0, 'embed': 0.001}
[g4_fold2] ep74 step201/249 loss=0.1954 {'ds': 0.094, 'seg': 0.124, 'cls': 0.287, 'special': 0.0, 'embed': 0.001}
[g4_fold2] ep74 step221/249 loss=0.1961 {'ds': 0.09, 'seg': 0.127, 'cls': 0.276, 'special': 0.0, 'embed': 0.0}
[g4_fold2] ep74 step241/249 loss=0.3381 {'ds': 0.11, 'seg': 0.144, 'cls': 0.776, 'special': 0.0, 'embed': 0.003}
[g4_fold2] epoch 74 loss=0.3209 dice_core=0.8970 dice_peri=0.9443 thr=[0.55, 0.45] (237s)
[g4_fold2] ep75 step21/249 loss=0.1817 {'ds': 0.056, 'seg': 0.075, 'cls': 0.425, 'special': 0.0, 'embed': 0.004}
[g4_fold2] ep75 step41/249 loss=0.1771 {'ds': 0.072, 'seg': 0.1, 'cls': 0.306, 'special': 0.0, 'embed': 0.004}
[g4_fold2] ep75 step61/249 loss=0.2735 {'ds': 0.142, 'seg': 0.19, 'cls': 0.332, 'special': 0.0, 'embed': 0.005}
[g4_fold2] ep75 step81/249 loss=0.3953 {'ds': 0.223, 'seg': 0.293, 'cls': 0.407, 'special': 0.0, 'embed': 0.002}
[g4_fold2] ep75 step101/249 loss=0.7806 {'ds': 0.423, 'seg': 0.708, 'cls': 0.29, 'special': 0.0, 'embed': 0.001}
[g4_fold2] ep75 step121/249 loss=0.1488 {'ds': 0.059, 'seg': 0.08, 'cls': 0.277, 'special': 0.0, 'embed': 0.001}
[g4_fold2] ep75 step141/249 loss=0.4961 {'ds': 0.221, 'seg': 0.308, 'cls': 0.75, 'special': 0.0, 'embed': 0.001}
[g4_fold2] ep75 step161/249 loss=0.2022 {'ds': 0.094, 'seg': 0.125, 'cls': 0.31, 'special': 0.0, 'embed': 0.0}
[g4_fold2] ep75 step181/249 loss=0.3356 {'ds': 0.188, 'seg': 0.258, 'cls': 0.31, 'special': 0.0, 'embed': 0.002}
[g4_fold2] ep75 step201/249 loss=0.1924 {'ds': 0.082, 'seg': 0.124, 'cls': 0.272, 'special': 0.0, 'embed': 0.002}
[g4_fold2] ep75 step221/249 loss=0.2217 {'ds': 0.132, 'seg': 0.166, 'cls': 0.222, 'special': 0.0, 'embed': 0.002}
[g4_fold2] ep75 step241/249 loss=0.2229 {'ds': 0.119, 'seg': 0.161, 'cls': 0.249, 'special': 0.0, 'embed': 0.001}
[g4_fold2] epoch 75 loss=0.3344 dice_core=0.8973 dice_peri=0.9444 thr=[0.55, 0.45] (317s)
[g4_fold2] ep76 step21/249 loss=0.2222 {'ds': 0.116, 'seg': 0.157, 'cls': 0.261, 'special': 0.0, 'embed': 0.002}
[g4_fold2] ep76 step41/249 loss=0.7705 {'ds': 0.406, 'seg': 0.694, 'cls': 0.306, 'special': 0.0, 'embed': 0.002}
[g4_fold2] ep76 step61/249 loss=0.3033 {'ds': 0.161, 'seg': 0.218, 'cls': 0.34, 'special': 0.0, 'embed': 0.001}
[g4_fold2] ep76 step81/249 loss=0.2166 {'ds': 0.074, 'seg': 0.099, 'cls': 0.47, 'special': 0.0, 'embed': 0.001}
[g4_fold2] ep76 step101/249 loss=0.5763 {'ds': 0.261, 'seg': 0.48, 'cls': 0.386, 'special': 0.0, 'embed': 0.0}
[g4_fold2] ep76 step121/249 loss=0.2371 {'ds': 0.092, 'seg': 0.134, 'cls': 0.411, 'special': 0.0, 'embed': 0.002}
[g4_fold2] ep76 step141/249 loss=0.4803 {'ds': 0.177, 'seg': 0.372, 'cls': 0.433, 'special': 0.001, 'embed': 0.001}
[g4_fold2] ep76 step161/249 loss=0.1487 {'ds': 0.062, 'seg': 0.079, 'cls': 0.278, 'special': 0.0, 'embed': 0.002}
[g4_fold2] ep76 step181/249 loss=0.2844 {'ds': 0.131, 'seg': 0.168, 'cls': 0.463, 'special': 0.0, 'embed': 0.001}
[g4_fold2] ep76 step201/249 loss=0.2806 {'ds': 0.14, 'seg': 0.188, 'cls': 0.369, 'special': 0.0, 'embed': 0.002}
[g4_fold2] ep76 step221/249 loss=0.1900 {'ds': 0.097, 'seg': 0.135, 'cls': 0.219, 'special': 0.0, 'embed': 0.003}
[g4_fold2] ep76 step241/249 loss=0.1840 {'ds': 0.078, 'seg': 0.102, 'cls': 0.327, 'special': 0.0, 'embed': 0.003}
[g4_fold2] epoch 76 loss=0.3155 dice_core=0.8976 dice_peri=0.9445 thr=[0.55, 0.45] (788s)
[g4_fold2] ep77 step21/249 loss=0.3713 {'ds': 0.209, 'seg': 0.275, 'cls': 0.385, 'special': 0.0, 'embed': 0.001}
[g4_fold2] ep77 step41/249 loss=0.1787 {'ds': 0.094, 'seg': 0.126, 'cls': 0.212, 'special': 0.0, 'embed': 0.001}
[g4_fold2] ep77 step61/249 loss=0.2283 {'ds': 0.11, 'seg': 0.148, 'cls': 0.32, 'special': 0.0, 'embed': 0.004}
[g4_fold2] ep77 step81/249 loss=0.1990 {'ds': 0.098, 'seg': 0.133, 'cls': 0.265, 'special': 0.0, 'embed': 0.002}
[g4_fold2] ep77 step101/249 loss=0.1804 {'ds': 0.078, 'seg': 0.104, 'cls': 0.304, 'special': 0.0, 'embed': 0.001}
[g4_fold2] ep77 step121/249 loss=0.3712 {'ds': 0.198, 'seg': 0.264, 'cls': 0.428, 'special': 0.0, 'embed': 0.004}
[g4_fold2] ep77 step141/249 loss=0.2337 {'ds': 0.115, 'seg': 0.151, 'cls': 0.331, 'special': 0.0, 'embed': 0.002}
[g4_fold2] ep77 step161/249 loss=0.1607 {'ds': 0.075, 'seg': 0.098, 'cls': 0.248, 'special': 0.0, 'embed': 0.004}
[g4_fold2] ep77 step181/249 loss=0.2410 {'ds': 0.136, 'seg': 0.181, 'cls': 0.239, 'special': 0.0, 'embed': 0.003}
[g4_fold2] ep77 step201/249 loss=0.3734 {'ds': 0.177, 'seg': 0.241, 'cls': 0.528, 'special': 0.0, 'embed': 0.004}
[g4_fold2] ep77 step221/249 loss=0.9292 {'ds': 0.504, 'seg': 0.807, 'cls': 0.487, 'special': 0.0, 'embed': 0.001}
[g4_fold2] ep77 step241/249 loss=0.4252 {'ds': 0.286, 'seg': 0.32, 'cls': 0.419, 'special': 0.0, 'embed': 0.003}
[g4_fold2] epoch 77 loss=0.3156 dice_core=0.8977 dice_peri=0.9445 thr=[0.55, 0.45] (193s)
[g4_fold2] ep78 step21/249 loss=0.7573 {'ds': 0.412, 'seg': 0.7, 'cls': 0.231, 'special': 0.0, 'embed': 0.001}
[g4_fold2] ep78 step41/249 loss=0.2261 {'ds': 0.11, 'seg': 0.167, 'cls': 0.234, 'special': 0.0, 'embed': 0.001}
[g4_fold2] ep78 step61/249 loss=0.1762 {'ds': 0.07, 'seg': 0.094, 'cls': 0.327, 'special': 0.0, 'embed': 0.001}
[g4_fold2] ep78 step81/249 loss=0.1796 {'ds': 0.099, 'seg': 0.132, 'cls': 0.191, 'special': 0.0, 'embed': 0.002}
[g4_fold2] ep78 step101/249 loss=0.8513 {'ds': 0.47, 'seg': 0.774, 'cls': 0.309, 'special': 0.0, 'embed': 0.004}
[g4_fold2] ep78 step121/249 loss=0.2178 {'ds': 0.113, 'seg': 0.15, 'cls': 0.272, 'special': 0.0, 'embed': 0.003}
[g4_fold2] ep78 step141/249 loss=0.2773 {'ds': 0.127, 'seg': 0.164, 'cls': 0.45, 'special': 0.0, 'embed': 0.01}
[g4_fold2] ep78 step161/249 loss=0.3604 {'ds': 0.204, 'seg': 0.281, 'cls': 0.318, 'special': 0.0, 'embed': 0.001}
[g4_fold2] ep78 step181/249 loss=0.2019 {'ds': 0.085, 'seg': 0.12, 'cls': 0.329, 'special': 0.0, 'embed': 0.002}
[g4_fold2] ep78 step201/249 loss=0.1861 {'ds': 0.068, 'seg': 0.098, 'cls': 0.352, 'special': 0.0, 'embed': 0.006}
[g4_fold2] ep78 step221/249 loss=0.2077 {'ds': 0.087, 'seg': 0.105, 'cls': 0.41, 'special': 0.0, 'embed': 0.002}
[g4_fold2] ep78 step241/249 loss=0.2683 {'ds': 0.138, 'seg': 0.192, 'cls': 0.306, 'special': 0.0, 'embed': 0.003}
[g4_fold2] epoch 78 loss=0.3163 dice_core=0.8978 dice_peri=0.9447 thr=[0.6, 0.45] (199s)
[g4_fold2] ep79 step21/249 loss=0.3277 {'ds': 0.166, 'seg': 0.228, 'cls': 0.4, 'special': 0.0, 'embed': 0.002}
[g4_fold2] ep79 step41/249 loss=0.1465 {'ds': 0.058, 'seg': 0.075, 'cls': 0.286, 'special': 0.0, 'embed': 0.003}
[g4_fold2] ep79 step61/249 loss=0.9502 {'ds': 0.446, 'seg': 0.75, 'cls': 0.801, 'special': 0.0, 'embed': 0.003}
[g4_fold2] ep79 step81/249 loss=0.2960 {'ds': 0.183, 'seg': 0.221, 'cls': 0.298, 'special': 0.0, 'embed': 0.002}
[g4_fold2] ep79 step101/249 loss=0.4174 {'ds': 0.143, 'seg': 0.197, 'cls': 0.88, 'special': 0.0, 'embed': 0.001}
[g4_fold2] ep79 step121/249 loss=0.1864 {'ds': 0.104, 'seg': 0.143, 'cls': 0.175, 'special': 0.0, 'embed': 0.002}
[g4_fold2] ep79 step141/249 loss=0.2471 {'ds': 0.121, 'seg': 0.178, 'cls': 0.275, 'special': 0.0, 'embed': 0.004}
[g4_fold2] ep79 step161/249 loss=0.8219 {'ds': 0.54, 'seg': 0.751, 'cls': 0.285, 'special': 0.0, 'embed': 0.002}
[g4_fold2] ep79 step181/249 loss=0.3133 {'ds': 0.183, 'seg': 0.241, 'cls': 0.286, 'special': 0.0, 'embed': 0.005}
[g4_fold2] ep79 step201/249 loss=0.1366 {'ds': 0.057, 'seg': 0.073, 'cls': 0.254, 'special': 0.0, 'embed': 0.001}
[g4_fold2] ep79 step221/249 loss=0.2159 {'ds': 0.123, 'seg': 0.163, 'cls': 0.213, 'special': 0.0, 'embed': 0.002}
[g4_fold2] ep79 step241/249 loss=0.5444 {'ds': 0.327, 'seg': 0.457, 'cls': 0.35, 'special': 0.0, 'embed': 0.004}
[g4_fold2] epoch 79 loss=0.3350 dice_core=0.8979 dice_peri=0.9447 thr=[0.6, 0.45] (195s)
[g4_fold2] ep80 step21/249 loss=0.3799 {'ds': 0.152, 'seg': 0.209, 'cls': 0.685, 'special': 0.0, 'embed': 0.003}
[g4_fold2] ep80 step41/249 loss=0.6043 {'ds': 0.261, 'seg': 0.358, 'cls': 0.986, 'special': 0.0, 'embed': 0.001}
[g4_fold2] ep80 step61/249 loss=0.3134 {'ds': 0.163, 'seg': 0.229, 'cls': 0.339, 'special': 0.0, 'embed': 0.002}
[g4_fold2] ep80 step81/249 loss=0.5199 {'ds': 0.412, 'seg': 0.45, 'cls': 0.28, 'special': 0.0, 'embed': 0.005}
[g4_fold2] ep80 step101/249 loss=0.1387 {'ds': 0.076, 'seg': 0.089, 'cls': 0.198, 'special': 0.0, 'embed': 0.001}
[g4_fold2] ep80 step121/249 loss=0.2130 {'ds': 0.112, 'seg': 0.145, 'cls': 0.27, 'special': 0.0, 'embed': 0.008}
[g4_fold2] ep80 step141/249 loss=0.2187 {'ds': 0.075, 'seg': 0.101, 'cls': 0.472, 'special': 0.0, 'embed': 0.001}
[g4_fold2] ep80 step161/249 loss=0.8231 {'ds': 0.43, 'seg': 0.722, 'cls': 0.405, 'special': 0.0, 'embed': 0.002}
[g4_fold2] ep80 step181/249 loss=0.5920 {'ds': 0.275, 'seg': 0.519, 'cls': 0.289, 'special': 0.0, 'embed': 0.005}
[g4_fold2] ep80 step201/249 loss=0.4280 {'ds': 0.186, 'seg': 0.373, 'cls': 0.219, 'special': 0.0, 'embed': 0.004}
[g4_fold2] ep80 step221/249 loss=0.2137 {'ds': 0.094, 'seg': 0.134, 'cls': 0.319, 'special': 0.0, 'embed': 0.004}
[g4_fold2] ep80 step241/249 loss=0.2597 {'ds': 0.155, 'seg': 0.214, 'cls': 0.18, 'special': 0.0, 'embed': 0.004}
[g4_fold2] epoch 80 loss=0.3209 dice_core=0.8981 dice_peri=0.9447 thr=[0.6, 0.45] (224s)
[g4_fold2] ep81 step21/249 loss=0.3476 {'ds': 0.155, 'seg': 0.213, 'cls': 0.535, 'special': 0.0, 'embed': 0.006}
[g4_fold2] ep81 step41/249 loss=0.2354 {'ds': 0.122, 'seg': 0.167, 'cls': 0.272, 'special': 0.0, 'embed': 0.002}
[g4_fold2] ep81 step61/249 loss=1.0077 {'ds': 0.46, 'seg': 0.766, 'cls': 0.967, 'special': 0.0, 'embed': 0.002}
[g4_fold2] ep81 step81/249 loss=0.2633 {'ds': 0.144, 'seg': 0.195, 'cls': 0.273, 'special': 0.0, 'embed': 0.001}
[g4_fold2] ep81 step101/249 loss=0.2336 {'ds': 0.103, 'seg': 0.146, 'cls': 0.35, 'special': 0.0, 'embed': 0.002}
[g4_fold2] ep81 step121/249 loss=0.3089 {'ds': 0.163, 'seg': 0.218, 'cls': 0.361, 'special': 0.0, 'embed': 0.006}
[g4_fold2] ep81 step141/249 loss=0.2715 {'ds': 0.138, 'seg': 0.178, 'cls': 0.374, 'special': 0.0, 'embed': 0.003}
[g4_fold2] ep81 step161/249 loss=0.5916 {'ds': 0.335, 'seg': 0.468, 'cls': 0.492, 'special': 0.0, 'embed': 0.005}
[g4_fold2] ep81 step181/249 loss=0.1994 {'ds': 0.07, 'seg': 0.085, 'cls': 0.458, 'special': 0.0, 'embed': 0.004}
[g4_fold2] ep81 step201/249 loss=0.1604 {'ds': 0.067, 'seg': 0.093, 'cls': 0.269, 'special': 0.0, 'embed': 0.002}
[g4_fold2] ep81 step221/249 loss=0.7281 {'ds': 0.374, 'seg': 0.644, 'cls': 0.334, 'special': 0.0, 'embed': 0.002}
[g4_fold2] ep81 step241/249 loss=0.4000 {'ds': 0.252, 'seg': 0.346, 'cls': 0.215, 'special': 0.0, 'embed': 0.001}
[g4_fold2] epoch 81 loss=0.3208 dice_core=0.8983 dice_peri=0.9447 thr=[0.55, 0.45] (201s)
[g4_fold2] ep82 step21/249 loss=0.1703 {'ds': 0.062, 'seg': 0.078, 'cls': 0.368, 'special': 0.0, 'embed': 0.001}
[g4_fold2] ep82 step41/249 loss=0.6850 {'ds': 0.296, 'seg': 0.537, 'cls': 0.593, 'special': 0.0, 'embed': 0.003}
[g4_fold2] ep82 step61/249 loss=0.2467 {'ds': 0.146, 'seg': 0.192, 'cls': 0.216, 'special': 0.0, 'embed': 0.005}
[g4_fold2] ep82 step81/249 loss=0.2648 {'ds': 0.145, 'seg': 0.202, 'cls': 0.249, 'special': 0.0, 'embed': 0.003}
[g4_fold2] ep82 step101/249 loss=0.4758 {'ds': 0.182, 'seg': 0.376, 'cls': 0.396, 'special': 0.0, 'embed': 0.004}
[g4_fold2] ep82 step121/249 loss=0.7720 {'ds': 0.414, 'seg': 0.7, 'cls': 0.288, 'special': 0.0, 'embed': 0.004}
[g4_fold2] ep82 step141/249 loss=0.2290 {'ds': 0.117, 'seg': 0.152, 'cls': 0.307, 'special': 0.0, 'embed': 0.002}
[g4_fold2] ep82 step161/249 loss=0.3293 {'ds': 0.25, 'seg': 0.238, 'cls': 0.363, 'special': 0.0, 'embed': 0.002}
[g4_fold2] ep82 step181/249 loss=0.4050 {'ds': 0.232, 'seg': 0.319, 'cls': 0.344, 'special': 0.0, 'embed': 0.001}
[g4_fold2] ep82 step201/249 loss=0.2584 {'ds': 0.148, 'seg': 0.191, 'cls': 0.268, 'special': 0.0, 'embed': 0.001}
[g4_fold2] ep82 step221/249 loss=0.2218 {'ds': 0.13, 'seg': 0.172, 'cls': 0.199, 'special': 0.0, 'embed': 0.0}
[g4_fold2] ep82 step241/249 loss=0.7120 {'ds': 0.386, 'seg': 0.666, 'cls': 0.184, 'special': 0.0, 'embed': 0.003}
[g4_fold2] epoch 82 loss=0.3317 dice_core=0.8985 dice_peri=0.9447 thr=[0.55, 0.45] (212s)
[g4_fold2] ep83 step21/249 loss=0.5179 {'ds': 0.227, 'seg': 0.448, 'cls': 0.278, 'special': 0.0, 'embed': 0.004}
[g4_fold2] ep83 step41/249 loss=0.8324 {'ds': 0.443, 'seg': 0.743, 'cls': 0.356, 'special': 0.0, 'embed': 0.004}
[g4_fold2] ep83 step61/249 loss=0.1679 {'ds': 0.07, 'seg': 0.086, 'cls': 0.328, 'special': 0.0, 'embed': 0.004}
[g4_fold2] ep83 step81/249 loss=0.3011 {'ds': 0.18, 'seg': 0.25, 'cls': 0.205, 'special': 0.0, 'embed': 0.001}
[g4_fold2] ep83 step101/249 loss=0.8774 {'ds': 0.443, 'seg': 0.742, 'cls': 0.54, 'special': 0.0, 'embed': 0.001}
[g4_fold2] ep83 step121/249 loss=0.9299 {'ds': 0.459, 'seg': 0.751, 'cls': 0.715, 'special': 0.0, 'embed': 0.001}
[g4_fold2] ep83 step141/249 loss=0.8573 {'ds': 0.465, 'seg': 0.771, 'cls': 0.346, 'special': 0.0, 'embed': 0.001}
[g4_fold2] ep83 step161/249 loss=0.3538 {'ds': 0.228, 'seg': 0.303, 'cls': 0.202, 'special': 0.0, 'embed': 0.0}
[g4_fold2] ep83 step181/249 loss=0.2707 {'ds': 0.118, 'seg': 0.169, 'cls': 0.408, 'special': 0.0, 'embed': 0.003}
[g4_fold2] ep83 step201/249 loss=0.1695 {'ds': 0.077, 'seg': 0.101, 'cls': 0.273, 'special': 0.0, 'embed': 0.003}
[g4_fold2] ep83 step221/249 loss=0.2051 {'ds': 0.101, 'seg': 0.139, 'cls': 0.266, 'special': 0.0, 'embed': 0.001}
[g4_fold2] ep83 step241/249 loss=0.1791 {'ds': 0.096, 'seg': 0.129, 'cls': 0.199, 'special': 0.0, 'embed': 0.001}
[g4_fold2] epoch 83 loss=0.3501 dice_core=0.8985 dice_peri=0.9448 thr=[0.55, 0.45] (196s)
[g4_fold2] ep84 step21/249 loss=0.2600 {'ds': 0.128, 'seg': 0.177, 'cls': 0.332, 'special': 0.0, 'embed': 0.002}
[g4_fold2] ep84 step41/249 loss=0.1755 {'ds': 0.093, 'seg': 0.124, 'cls': 0.207, 'special': 0.0, 'embed': 0.002}
[g4_fold2] ep84 step61/249 loss=0.2096 {'ds': 0.108, 'seg': 0.146, 'cls': 0.253, 'special': 0.0, 'embed': 0.001}
[g4_fold2] ep84 step81/249 loss=0.2253 {'ds': 0.073, 'seg': 0.102, 'cls': 0.492, 'special': 0.0, 'embed': 0.001}
[g4_fold2] ep84 step101/249 loss=0.2333 {'ds': 0.106, 'seg': 0.143, 'cls': 0.361, 'special': 0.0, 'embed': 0.001}
[g4_fold2] ep84 step121/249 loss=0.7547 {'ds': 0.418, 'seg': 0.705, 'cls': 0.199, 'special': 0.0, 'embed': 0.002}
[g4_fold2] ep84 step141/249 loss=0.2767 {'ds': 0.128, 'seg': 0.173, 'cls': 0.413, 'special': 0.0, 'embed': 0.002}
[g4_fold2] ep84 step161/249 loss=0.1860 {'ds': 0.102, 'seg': 0.138, 'cls': 0.19, 'special': 0.0, 'embed': 0.001}
[g4_fold2] ep84 step181/249 loss=0.3093 {'ds': 0.173, 'seg': 0.232, 'cls': 0.309, 'special': 0.0, 'embed': 0.001}
[g4_fold2] ep84 step201/249 loss=0.8092 {'ds': 0.428, 'seg': 0.723, 'cls': 0.345, 'special': 0.0, 'embed': 0.001}
[g4_fold2] ep84 step221/249 loss=0.1881 {'ds': 0.088, 'seg': 0.117, 'cls': 0.284, 'special': 0.0, 'embed': 0.002}
[g4_fold2] ep84 step241/249 loss=0.3618 {'ds': 0.22, 'seg': 0.301, 'cls': 0.241, 'special': 0.0, 'embed': 0.002}
[g4_fold2] epoch 84 loss=0.3245 dice_core=0.8985 dice_peri=0.9449 thr=[0.55, 0.4] (222s)
[g4_fold2] ep85 step21/249 loss=0.1701 {'ds': 0.077, 'seg': 0.102, 'cls': 0.27, 'special': 0.0, 'embed': 0.001}
[g4_fold2] ep85 step41/249 loss=0.6401 {'ds': 0.387, 'seg': 0.533, 'cls': 0.427, 'special': 0.0, 'embed': 0.0}
[g4_fold2] ep85 step61/249 loss=0.2832 {'ds': 0.229, 'seg': 0.229, 'cls': 0.218, 'special': 0.0, 'embed': 0.002}
[g4_fold2] ep85 step81/249 loss=0.2543 {'ds': 0.141, 'seg': 0.179, 'cls': 0.301, 'special': 0.0, 'embed': 0.002}
[g4_fold2] ep85 step101/249 loss=0.8371 {'ds': 0.442, 'seg': 0.747, 'cls': 0.361, 'special': 0.0, 'embed': 0.001}
[g4_fold2] ep85 step121/249 loss=0.5532 {'ds': 0.326, 'seg': 0.453, 'cls': 0.401, 'special': 0.0, 'embed': 0.001}
[g4_fold2] ep85 step141/249 loss=0.6696 {'ds': 0.343, 'seg': 0.57, 'cls': 0.397, 'special': 0.0, 'embed': 0.001}
[g4_fold2] ep85 step161/249 loss=0.5708 {'ds': 0.277, 'seg': 0.499, 'cls': 0.285, 'special': 0.0, 'embed': 0.003}
[g4_fold2] ep85 step181/249 loss=0.2197 {'ds': 0.119, 'seg': 0.159, 'cls': 0.241, 'special': 0.0, 'embed': 0.002}
[g4_fold2] ep85 step201/249 loss=0.1440 {'ds': 0.057, 'seg': 0.072, 'cls': 0.288, 'special': 0.0, 'embed': 0.005}
[g4_fold2] ep85 step221/249 loss=0.2066 {'ds': 0.082, 'seg': 0.116, 'cls': 0.361, 'special': 0.0, 'embed': 0.0}
[g4_fold2] ep85 step241/249 loss=0.1710 {'ds': 0.086, 'seg': 0.111, 'cls': 0.24, 'special': 0.0, 'embed': 0.002}
[g4_fold2] epoch 85 loss=0.2956 dice_core=0.8983 dice_peri=0.9450 thr=[0.55, 0.4] (225s)
[g4_fold2] ep86 step21/249 loss=0.1496 {'ds': 0.067, 'seg': 0.091, 'cls': 0.234, 'special': 0.0, 'embed': 0.002}
[g4_fold2] ep86 step41/249 loss=0.2818 {'ds': 0.143, 'seg': 0.198, 'cls': 0.335, 'special': 0.0, 'embed': 0.001}
[g4_fold2] ep86 step61/249 loss=0.1594 {'ds': 0.054, 'seg': 0.067, 'cls': 0.369, 'special': 0.0, 'embed': 0.001}
[g4_fold2] ep86 step81/249 loss=0.8044 {'ds': 0.434, 'seg': 0.73, 'cls': 0.296, 'special': 0.0, 'embed': 0.002}
[g4_fold2] ep86 step101/249 loss=0.7408 {'ds': 0.391, 'seg': 0.672, 'cls': 0.273, 'special': 0.0, 'embed': 0.002}
[g4_fold2] ep86 step121/249 loss=0.1703 {'ds': 0.093, 'seg': 0.123, 'cls': 0.188, 'special': 0.0, 'embed': 0.002}
[g4_fold2] ep86 step141/249 loss=0.2164 {'ds': 0.126, 'seg': 0.166, 'cls': 0.201, 'special': 0.0, 'embed': 0.003}
[g4_fold2] ep86 step161/249 loss=0.7609 {'ds': 0.411, 'seg': 0.7, 'cls': 0.244, 'special': 0.0, 'embed': 0.0}
[g4_fold2] ep86 step181/249 loss=0.2859 {'ds': 0.14, 'seg': 0.175, 'cls': 0.444, 'special': 0.0, 'embed': 0.002}
[g4_fold2] ep86 step201/249 loss=0.6208 {'ds': 0.378, 'seg': 0.495, 'cls': 0.501, 'special': 0.0, 'embed': 0.006}
[g4_fold2] ep86 step221/249 loss=0.3148 {'ds': 0.161, 'seg': 0.224, 'cls': 0.361, 'special': 0.0, 'embed': 0.003}
[g4_fold2] ep86 step241/249 loss=0.2414 {'ds': 0.144, 'seg': 0.186, 'cls': 0.22, 'special': 0.0, 'embed': 0.001}
[g4_fold2] epoch 86 loss=0.3175 dice_core=0.8983 dice_peri=0.9450 thr=[0.55, 0.4] (205s)
[g4_fold2] ep87 step21/249 loss=0.9313 {'ds': 0.574, 'seg': 0.8, 'cls': 0.523, 'special': 0.0, 'embed': 0.001}
[g4_fold2] ep87 step41/249 loss=0.3952 {'ds': 0.208, 'seg': 0.271, 'cls': 0.497, 'special': 0.0, 'embed': 0.003}
[g4_fold2] ep87 step61/249 loss=0.3008 {'ds': 0.149, 'seg': 0.204, 'cls': 0.385, 'special': 0.0, 'embed': 0.002}
[g4_fold2] ep87 step81/249 loss=0.2894 {'ds': 0.158, 'seg': 0.213, 'cls': 0.305, 'special': 0.0, 'embed': 0.003}
[g4_fold2] ep87 step101/249 loss=0.7875 {'ds': 0.428, 'seg': 0.721, 'cls': 0.265, 'special': 0.0, 'embed': 0.0}
[g4_fold2] ep87 step121/249 loss=0.7140 {'ds': 0.343, 'seg': 0.66, 'cls': 0.215, 'special': 0.0, 'embed': 0.002}
[g4_fold2] ep87 step141/249 loss=0.7604 {'ds': 0.391, 'seg': 0.696, 'cls': 0.257, 'special': 0.0, 'embed': 0.006}
[g4_fold2] ep87 step161/249 loss=0.2769 {'ds': 0.144, 'seg': 0.195, 'cls': 0.327, 'special': 0.0, 'embed': 0.002}
[g4_fold2] ep87 step181/249 loss=0.3868 {'ds': 0.216, 'seg': 0.294, 'cls': 0.37, 'special': 0.0, 'embed': 0.002}
[g4_fold2] ep87 step201/249 loss=0.2338 {'ds': 0.119, 'seg': 0.155, 'cls': 0.314, 'special': 0.0, 'embed': 0.001}
[g4_fold2] ep87 step221/249 loss=0.1923 {'ds': 0.106, 'seg': 0.139, 'cls': 0.211, 'special': 0.0, 'embed': 0.003}
[g4_fold2] ep87 step241/249 loss=0.2410 {'ds': 0.134, 'seg': 0.188, 'cls': 0.212, 'special': 0.0, 'embed': 0.005}
[g4_fold2] epoch 87 loss=0.3079 dice_core=0.8983 dice_peri=0.9451 thr=[0.55, 0.45] (211s)
[g4_fold2] ep88 step21/249 loss=0.5242 {'ds': 0.244, 'seg': 0.467, 'cls': 0.228, 'special': 0.0, 'embed': 0.004}
[g4_fold2] ep88 step41/249 loss=0.2308 {'ds': 0.108, 'seg': 0.15, 'cls': 0.324, 'special': 0.0, 'embed': 0.0}
[g4_fold2] ep88 step61/249 loss=0.6568 {'ds': 0.363, 'seg': 0.599, 'cls': 0.229, 'special': 0.0, 'embed': 0.002}
[g4_fold2] ep88 step81/249 loss=0.2550 {'ds': 0.137, 'seg': 0.186, 'cls': 0.276, 'special': 0.0, 'embed': 0.006}
[g4_fold2] ep88 step101/249 loss=0.7945 {'ds': 0.42, 'seg': 0.71, 'cls': 0.338, 'special': 0.0, 'embed': 0.002}
[g4_fold2] ep88 step121/249 loss=0.2711 {'ds': 0.144, 'seg': 0.197, 'cls': 0.297, 'special': 0.0, 'embed': 0.003}
[g4_fold2] ep88 step141/249 loss=0.1528 {'ds': 0.053, 'seg': 0.068, 'cls': 0.337, 'special': 0.0, 'embed': 0.001}
[g4_fold2] ep88 step161/249 loss=0.1810 {'ds': 0.099, 'seg': 0.134, 'cls': 0.187, 'special': 0.0, 'embed': 0.003}
[g4_fold2] ep88 step181/249 loss=1.0942 {'ds': 0.542, 'seg': 0.989, 'cls': 0.42, 'special': 0.0, 'embed': 0.006}
[g4_fold2] ep88 step201/249 loss=0.1865 {'ds': 0.097, 'seg': 0.135, 'cls': 0.206, 'special': 0.0, 'embed': 0.004}
[g4_fold2] ep88 step221/249 loss=0.2656 {'ds': 0.163, 'seg': 0.207, 'cls': 0.232, 'special': 0.0, 'embed': 0.003}
[g4_fold2] ep88 step241/249 loss=0.1272 {'ds': 0.052, 'seg': 0.074, 'cls': 0.21, 'special': 0.0, 'embed': 0.003}
[g4_fold2] epoch 88 loss=0.3250 dice_core=0.8983 dice_peri=0.9452 thr=[0.55, 0.45] (216s)
[g4_fold2] ep89 step21/249 loss=0.1484 {'ds': 0.063, 'seg': 0.09, 'cls': 0.231, 'special': 0.0, 'embed': 0.004}
[g4_fold2] ep89 step41/249 loss=0.3239 {'ds': 0.19, 'seg': 0.253, 'cls': 0.283, 'special': 0.0, 'embed': 0.002}
[g4_fold2] ep89 step61/249 loss=0.2659 {'ds': 0.123, 'seg': 0.17, 'cls': 0.38, 'special': 0.0, 'embed': 0.011}
[g4_fold2] ep89 step81/249 loss=0.3733 {'ds': 0.22, 'seg': 0.277, 'cls': 0.384, 'special': 0.0, 'embed': 0.001}
[g4_fold2] ep89 step101/249 loss=0.3183 {'ds': 0.141, 'seg': 0.19, 'cls': 0.514, 'special': 0.0, 'embed': 0.002}
[g4_fold2] ep89 step121/249 loss=0.1858 {'ds': 0.1, 'seg': 0.129, 'cls': 0.227, 'special': 0.0, 'embed': 0.007}
[g4_fold2] ep89 step141/249 loss=0.2079 {'ds': 0.121, 'seg': 0.164, 'cls': 0.176, 'special': 0.0, 'embed': 0.005}
[g4_fold2] ep89 step161/249 loss=0.1297 {'ds': 0.068, 'seg': 0.09, 'cls': 0.157, 'special': 0.0, 'embed': 0.003}
[g4_fold2] ep89 step181/249 loss=0.1785 {'ds': 0.092, 'seg': 0.114, 'cls': 0.255, 'special': 0.0, 'embed': 0.003}
[g4_fold2] ep89 step201/249 loss=0.6281 {'ds': 0.292, 'seg': 0.528, 'cls': 0.401, 'special': 0.0, 'embed': 0.001}
[g4_fold2] ep89 step221/249 loss=0.5014 {'ds': 0.191, 'seg': 0.39, 'cls': 0.446, 'special': 0.0, 'embed': 0.001}
[g4_fold2] ep89 step241/249 loss=0.2060 {'ds': 0.101, 'seg': 0.138, 'cls': 0.27, 'special': 0.0, 'embed': 0.001}
[g4_fold2] epoch 89 loss=0.3180 dice_core=0.8982 dice_peri=0.9452 thr=[0.55, 0.45] (228s)
[g4_fold2] ep90 step21/249 loss=0.1662 {'ds': 0.078, 'seg': 0.105, 'cls': 0.245, 'special': 0.0, 'embed': 0.001}
[g4_fold2] ep90 step41/249 loss=0.6685 {'ds': 0.328, 'seg': 0.576, 'cls': 0.369, 'special': 0.0, 'embed': 0.003}
[g4_fold2] ep90 step61/249 loss=0.1254 {'ds': 0.041, 'seg': 0.053, 'cls': 0.289, 'special': 0.0, 'embed': 0.005}
[g4_fold2] ep90 step81/249 loss=0.1231 {'ds': 0.054, 'seg': 0.065, 'cls': 0.23, 'special': 0.0, 'embed': 0.004}
[g4_fold2] ep90 step101/249 loss=0.2243 {'ds': 0.099, 'seg': 0.131, 'cls': 0.371, 'special': 0.0, 'embed': 0.004}
[g4_fold2] ep90 step121/249 loss=0.9155 {'ds': 0.49, 'seg': 0.826, 'cls': 0.355, 'special': 0.0, 'embed': 0.004}
[g4_fold2] ep90 step141/249 loss=0.1755 {'ds': 0.081, 'seg': 0.113, 'cls': 0.251, 'special': 0.0, 'embed': 0.001}
[g4_fold2] ep90 step161/249 loss=0.2025 {'ds': 0.07, 'seg': 0.125, 'cls': 0.309, 'special': 0.0, 'embed': 0.001}
[g4_fold2] ep90 step181/249 loss=0.7846 {'ds': 0.432, 'seg': 0.728, 'cls': 0.225, 'special': 0.0, 'embed': 0.001}
[g4_fold2] ep90 step201/249 loss=0.7732 {'ds': 0.403, 'seg': 0.717, 'cls': 0.224, 'special': 0.0, 'embed': 0.001}
[g4_fold2] ep90 step221/249 loss=0.3353 {'ds': 0.213, 'seg': 0.255, 'cls': 0.322, 'special': 0.0, 'embed': 0.0}
[g4_fold2] ep90 step241/249 loss=0.1990 {'ds': 0.106, 'seg': 0.14, 'cls': 0.236, 'special': 0.0, 'embed': 0.003}
[g4_fold2] epoch 90 loss=0.3340 dice_core=0.8982 dice_peri=0.9452 thr=[0.55, 0.45] (233s)
[g4_fold2] ep91 step21/249 loss=0.1892 {'ds': 0.101, 'seg': 0.143, 'cls': 0.185, 'special': 0.0, 'embed': 0.004}
[g4_fold2] ep91 step41/249 loss=0.2596 {'ds': 0.157, 'seg': 0.201, 'cls': 0.235, 'special': 0.0, 'embed': 0.004}
[g4_fold2] ep91 step61/249 loss=0.7551 {'ds': 0.396, 'seg': 0.687, 'cls': 0.272, 'special': 0.0, 'embed': 0.003}
[g4_fold2] ep91 step81/249 loss=0.3542 {'ds': 0.161, 'seg': 0.221, 'cls': 0.532, 'special': 0.0, 'embed': 0.001}
[g4_fold2] ep91 step101/249 loss=0.4297 {'ds': 0.256, 'seg': 0.338, 'cls': 0.366, 'special': 0.0, 'embed': 0.001}
[g4_fold2] ep91 step121/249 loss=0.1748 {'ds': 0.087, 'seg': 0.12, 'cls': 0.217, 'special': 0.0, 'embed': 0.001}
[g4_fold2] ep91 step141/249 loss=0.5133 {'ds': 0.317, 'seg': 0.441, 'cls': 0.29, 'special': 0.0, 'embed': 0.001}
[g4_fold2] ep91 step161/249 loss=0.2140 {'ds': 0.113, 'seg': 0.159, 'cls': 0.22, 'special': 0.0, 'embed': 0.0}
[g4_fold2] ep91 step181/249 loss=0.7939 {'ds': 0.417, 'seg': 0.711, 'cls': 0.33, 'special': 0.0, 'embed': 0.003}
[g4_fold2] ep91 step201/249 loss=0.2013 {'ds': 0.079, 'seg': 0.104, 'cls': 0.388, 'special': 0.0, 'embed': 0.002}
[g4_fold2] ep91 step221/249 loss=0.3522 {'ds': 0.143, 'seg': 0.184, 'cls': 0.672, 'special': 0.0, 'embed': 0.001}
[g4_fold2] ep91 step241/249 loss=0.3767 {'ds': 0.192, 'seg': 0.273, 'cls': 0.413, 'special': 0.0, 'embed': 0.001}
[g4_fold2] epoch 91 loss=0.3325 dice_core=0.8980 dice_peri=0.9452 thr=[0.55, 0.45] (198s)
[g4_fold2] ep92 step21/249 loss=0.7847 {'ds': 0.401, 'seg': 0.682, 'cls': 0.411, 'special': 0.0, 'embed': 0.001}
[g4_fold2] ep92 step41/249 loss=0.2562 {'ds': 0.14, 'seg': 0.188, 'cls': 0.274, 'special': 0.0, 'embed': 0.001}
[g4_fold2] ep92 step61/249 loss=0.1991 {'ds': 0.08, 'seg': 0.1, 'cls': 0.394, 'special': 0.0, 'embed': 0.001}
[g4_fold2] ep92 step81/249 loss=0.8878 {'ds': 0.477, 'seg': 0.819, 'cls': 0.275, 'special': 0.0, 'embed': 0.001}
[g4_fold2] ep92 step101/249 loss=0.3618 {'ds': 0.201, 'seg': 0.26, 'cls': 0.409, 'special': 0.0, 'embed': 0.0}
[g4_fold2] ep92 step121/249 loss=0.3414 {'ds': 0.211, 'seg': 0.286, 'cls': 0.22, 'special': 0.0, 'embed': 0.003}
[g4_fold2] ep92 step141/249 loss=1.4249 {'ds': 0.74, 'seg': 1.296, 'cls': 0.514, 'special': 0.0, 'embed': 0.002}
[g4_fold2] ep92 step161/249 loss=0.3111 {'ds': 0.142, 'seg': 0.196, 'cls': 0.458, 'special': 0.0, 'embed': 0.001}
[g4_fold2] ep92 step181/249 loss=0.2212 {'ds': 0.096, 'seg': 0.123, 'cls': 0.394, 'special': 0.0, 'embed': 0.001}
[g4_fold2] ep92 step201/249 loss=0.1506 {'ds': 0.064, 'seg': 0.085, 'cls': 0.263, 'special': 0.0, 'embed': 0.001}
[g4_fold2] ep92 step221/249 loss=0.2006 {'ds': 0.1, 'seg': 0.131, 'cls': 0.276, 'special': 0.0, 'embed': 0.002}
[g4_fold2] ep92 step241/249 loss=0.2386 {'ds': 0.134, 'seg': 0.184, 'cls': 0.216, 'special': 0.0, 'embed': 0.002}
[g4_fold2] epoch 92 loss=0.3200 dice_core=0.8980 dice_peri=0.9452 thr=[0.55, 0.45] (216s)
[g4_fold2] ep93 step21/249 loss=0.2316 {'ds': 0.14, 'seg': 0.187, 'cls': 0.178, 'special': 0.0, 'embed': 0.001}
[g4_fold2] ep93 step41/249 loss=0.4228 {'ds': 0.258, 'seg': 0.322, 'cls': 0.403, 'special': 0.0, 'embed': 0.0}
[g4_fold2] ep93 step61/249 loss=0.2887 {'ds': 0.154, 'seg': 0.204, 'cls': 0.339, 'special': 0.0, 'embed': 0.003}
[g4_fold2] ep93 step81/249 loss=0.1976 {'ds': 0.064, 'seg': 0.085, 'cls': 0.45, 'special': 0.0, 'embed': 0.002}
[g4_fold2] ep93 step101/249 loss=0.2558 {'ds': 0.124, 'seg': 0.17, 'cls': 0.341, 'special': 0.0, 'embed': 0.001}
[g4_fold2] ep93 step121/249 loss=1.3367 {'ds': 0.626, 'seg': 1.25, 'cls': 0.345, 'special': 0.0, 'embed': 0.001}
[g4_fold2] ep93 step141/249 loss=0.1370 {'ds': 0.067, 'seg': 0.088, 'cls': 0.195, 'special': 0.0, 'embed': 0.001}
[g4_fold2] ep93 step161/249 loss=0.2345 {'ds': 0.073, 'seg': 0.094, 'cls': 0.563, 'special': 0.0, 'embed': 0.002}
[g4_fold2] ep93 step181/249 loss=0.1799 {'ds': 0.066, 'seg': 0.084, 'cls': 0.382, 'special': 0.0, 'embed': 0.002}
[g4_fold2] ep93 step201/249 loss=0.2103 {'ds': 0.123, 'seg': 0.158, 'cls': 0.21, 'special': 0.0, 'embed': 0.003}
[g4_fold2] ep93 step221/249 loss=0.2178 {'ds': 0.128, 'seg': 0.178, 'cls': 0.16, 'special': 0.0, 'embed': 0.0}
[g4_fold2] ep93 step241/249 loss=0.2475 {'ds': 0.131, 'seg': 0.168, 'cls': 0.319, 'special': 0.0, 'embed': 0.002}
[g4_fold2] epoch 93 loss=0.3155 dice_core=0.8980 dice_peri=0.9452 thr=[0.5, 0.45] (216s)
[g4_fold2] ep94 step21/249 loss=0.9469 {'ds': 0.514, 'seg': 0.84, 'cls': 0.428, 'special': 0.0, 'embed': 0.002}
[g4_fold2] ep94 step41/249 loss=0.2151 {'ds': 0.125, 'seg': 0.162, 'cls': 0.212, 'special': 0.0, 'embed': 0.001}
[g4_fold2] ep94 step61/249 loss=0.2098 {'ds': 0.106, 'seg': 0.146, 'cls': 0.257, 'special': 0.0, 'embed': 0.001}
[g4_fold2] ep94 step81/249 loss=0.7458 {'ds': 0.389, 'seg': 0.701, 'cls': 0.177, 'special': 0.0, 'embed': 0.001}
[g4_fold2] ep94 step101/249 loss=0.2058 {'ds': 0.101, 'seg': 0.139, 'cls': 0.266, 'special': 0.0, 'embed': 0.002}
[g4_fold2] ep94 step121/249 loss=0.9101 {'ds': 0.508, 'seg': 0.845, 'cls': 0.26, 'special': 0.0, 'embed': 0.002}
[g4_fold2] ep94 step141/249 loss=0.2004 {'ds': 0.083, 'seg': 0.103, 'cls': 0.389, 'special': 0.0, 'embed': 0.003}
[g4_fold2] ep94 step161/249 loss=0.3586 {'ds': 0.214, 'seg': 0.287, 'cls': 0.287, 'special': 0.0, 'embed': 0.0}
[g4_fold2] ep94 step181/249 loss=0.1744 {'ds': 0.081, 'seg': 0.107, 'cls': 0.268, 'special': 0.0, 'embed': 0.002}
[g4_fold2] ep94 step201/249 loss=0.3210 {'ds': 0.18, 'seg': 0.24, 'cls': 0.322, 'special': 0.0, 'embed': 0.005}
[g4_fold2] ep94 step221/249 loss=0.5433 {'ds': 0.227, 'seg': 0.446, 'cls': 0.389, 'special': 0.0, 'embed': 0.002}
[g4_fold2] ep94 step241/249 loss=1.0295 {'ds': 0.4, 'seg': 0.935, 'cls': 0.377, 'special': 0.0, 'embed': 0.002}
[g4_fold2] epoch 94 loss=0.3231 dice_core=0.8980 dice_peri=0.9451 thr=[0.5, 0.45] (213s)
[g4_fold2] ep95 step21/249 loss=0.3007 {'ds': 0.163, 'seg': 0.226, 'cls': 0.297, 'special': 0.0, 'embed': 0.001}
[g4_fold2] ep95 step41/249 loss=0.5963 {'ds': 0.355, 'seg': 0.491, 'cls': 0.422, 'special': 0.0, 'embed': 0.002}
[g4_fold2] ep95 step61/249 loss=0.5743 {'ds': 0.26, 'seg': 0.478, 'cls': 0.386, 'special': 0.0, 'embed': 0.002}
[g4_fold2] ep95 step81/249 loss=0.8057 {'ds': 0.353, 'seg': 0.715, 'cls': 0.363, 'special': 0.0, 'embed': 0.003}
[g4_fold2] ep95 step101/249 loss=0.1791 {'ds': 0.065, 'seg': 0.084, 'cls': 0.382, 'special': 0.0, 'embed': 0.0}
[g4_fold2] ep95 step121/249 loss=0.9039 {'ds': 0.396, 'seg': 0.823, 'cls': 0.322, 'special': 0.0, 'embed': 0.002}
[g4_fold2] ep95 step141/249 loss=0.9562 {'ds': 0.517, 'seg': 0.844, 'cls': 0.447, 'special': 0.0, 'embed': 0.005}
[g4_fold2] ep95 step161/249 loss=0.5207 {'ds': 0.311, 'seg': 0.432, 'cls': 0.354, 'special': 0.0, 'embed': 0.002}
[g4_fold2] ep95 step181/249 loss=0.8033 {'ds': 0.402, 'seg': 0.686, 'cls': 0.469, 'special': 0.0, 'embed': 0.002}
[g4_fold2] ep95 step201/249 loss=0.1930 {'ds': 0.101, 'seg': 0.141, 'cls': 0.209, 'special': 0.0, 'embed': 0.001}
[g4_fold2] ep95 step221/249 loss=0.6200 {'ds': 0.214, 'seg': 0.427, 'cls': 0.769, 'special': 0.0, 'embed': 0.003}
[g4_fold2] ep95 step241/249 loss=0.1993 {'ds': 0.084, 'seg': 0.104, 'cls': 0.379, 'special': 0.0, 'embed': 0.004}
[g4_fold2] epoch 95 loss=0.3075 dice_core=0.8980 dice_peri=0.9451 thr=[0.55, 0.45] (249s)
[g4_fold2] ep96 step21/249 loss=0.1674 {'ds': 0.08, 'seg': 0.111, 'cls': 0.226, 'special': 0.0, 'embed': 0.003}
[g4_fold2] ep96 step41/249 loss=0.7582 {'ds': 0.321, 'seg': 0.67, 'cls': 0.351, 'special': 0.0, 'embed': 0.0}
[g4_fold2] ep96 step61/249 loss=0.1851 {'ds': 0.084, 'seg': 0.106, 'cls': 0.314, 'special': 0.0, 'embed': 0.002}
[g4_fold2] ep96 step81/249 loss=0.2844 {'ds': 0.144, 'seg': 0.197, 'cls': 0.348, 'special': 0.0, 'embed': 0.005}
[g4_fold2] ep96 step101/249 loss=0.2450 {'ds': 0.157, 'seg': 0.148, 'cls': 0.386, 'special': 0.0, 'embed': 0.002}
[g4_fold2] ep96 step121/249 loss=0.5095 {'ds': 0.286, 'seg': 0.44, 'cls': 0.278, 'special': 0.0, 'embed': 0.002}
[g4_fold2] ep96 step141/249 loss=0.1578 {'ds': 0.079, 'seg': 0.108, 'cls': 0.199, 'special': 0.0, 'embed': 0.001}
[g4_fold2] ep96 step161/249 loss=0.3352 {'ds': 0.124, 'seg': 0.169, 'cls': 0.663, 'special': 0.0, 'embed': 0.003}
[g4_fold2] ep96 step181/249 loss=0.4371 {'ds': 0.234, 'seg': 0.338, 'cls': 0.397, 'special': 0.0, 'embed': 0.005}
[g4_fold2] ep96 step201/249 loss=0.2455 {'ds': 0.111, 'seg': 0.152, 'cls': 0.373, 'special': 0.0, 'embed': 0.003}
[g4_fold2] ep96 step221/249 loss=0.7512 {'ds': 0.348, 'seg': 0.682, 'cls': 0.274, 'special': 0.0, 'embed': 0.004}
[g4_fold2] ep96 step241/249 loss=0.1925 {'ds': 0.079, 'seg': 0.106, 'cls': 0.347, 'special': 0.0, 'embed': 0.003}
[g4_fold2] epoch 96 loss=0.3160 dice_core=0.8980 dice_peri=0.9451 thr=[0.55, 0.45] (206s)
[g4_fold2] ep97 step21/249 loss=0.1298 {'ds': 0.061, 'seg': 0.077, 'cls': 0.211, 'special': 0.0, 'embed': 0.005}
[g4_fold2] ep97 step41/249 loss=0.3125 {'ds': 0.189, 'seg': 0.253, 'cls': 0.236, 'special': 0.0, 'embed': 0.002}
[g4_fold2] ep97 step61/249 loss=0.1674 {'ds': 0.091, 'seg': 0.124, 'cls': 0.172, 'special': 0.0, 'embed': 0.002}
[g4_fold2] ep97 step81/249 loss=0.4509 {'ds': 0.194, 'seg': 0.388, 'cls': 0.251, 'special': 0.0, 'embed': 0.001}
[g4_fold2] ep97 step101/249 loss=0.4120 {'ds': 0.185, 'seg': 0.238, 'cls': 0.695, 'special': 0.0, 'embed': 0.003}
[g4_fold2] ep97 step121/249 loss=0.2365 {'ds': 0.081, 'seg': 0.105, 'cls': 0.524, 'special': 0.0, 'embed': 0.005}
[g4_fold2] ep97 step141/249 loss=0.2564 {'ds': 0.111, 'seg': 0.15, 'cls': 0.426, 'special': 0.0, 'embed': 0.003}
[g4_fold2] ep97 step161/249 loss=0.7275 {'ds': 0.349, 'seg': 0.681, 'cls': 0.185, 'special': 0.0, 'embed': 0.004}
[g4_fold2] ep97 step181/249 loss=0.2558 {'ds': 0.144, 'seg': 0.197, 'cls': 0.236, 'special': 0.0, 'embed': 0.003}
[g4_fold2] ep97 step201/249 loss=0.1541 {'ds': 0.082, 'seg': 0.1, 'cls': 0.218, 'special': 0.0, 'embed': 0.001}
[g4_fold2] ep97 step221/249 loss=0.4514 {'ds': 0.194, 'seg': 0.39, 'cls': 0.243, 'special': 0.0, 'embed': 0.001}
[g4_fold2] ep97 step241/249 loss=0.6083 {'ds': 0.287, 'seg': 0.519, 'cls': 0.357, 'special': 0.0, 'embed': 0.001}
[g4_fold2] epoch 97 loss=0.3685 dice_core=0.8979 dice_peri=0.9451 thr=[0.55, 0.45] (240s)
[g4_fold2] ep98 step21/249 loss=0.2011 {'ds': 0.082, 'seg': 0.114, 'cls': 0.348, 'special': 0.0, 'embed': 0.001}
[g4_fold2] ep98 step41/249 loss=0.2238 {'ds': 0.125, 'seg': 0.181, 'cls': 0.172, 'special': 0.0, 'embed': 0.003}
[g4_fold2] ep98 step61/249 loss=0.2747 {'ds': 0.143, 'seg': 0.194, 'cls': 0.319, 'special': 0.0, 'embed': 0.005}
[g4_fold2] ep98 step81/249 loss=0.2036 {'ds': 0.115, 'seg': 0.154, 'cls': 0.198, 'special': 0.0, 'embed': 0.003}
[g4_fold2] ep98 step101/249 loss=0.6838 {'ds': 0.407, 'seg': 0.56, 'cls': 0.494, 'special': 0.0, 'embed': 0.004}
[g4_fold2] ep98 step121/249 loss=0.3151 {'ds': 0.176, 'seg': 0.238, 'cls': 0.309, 'special': 0.0, 'embed': 0.003}
[g4_fold2] ep98 step141/249 loss=0.1799 {'ds': 0.079, 'seg': 0.106, 'cls': 0.296, 'special': 0.0, 'embed': 0.001}
[g4_fold2] ep98 step161/249 loss=0.3080 {'ds': 0.182, 'seg': 0.245, 'cls': 0.252, 'special': 0.0, 'embed': 0.001}
[g4_fold2] ep98 step181/249 loss=0.2046 {'ds': 0.094, 'seg': 0.114, 'cls': 0.362, 'special': 0.0, 'embed': 0.001}
[g4_fold2] ep98 step201/249 loss=0.2143 {'ds': 0.115, 'seg': 0.153, 'cls': 0.247, 'special': 0.0, 'embed': 0.001}
[g4_fold2] ep98 step221/249 loss=0.2125 {'ds': 0.094, 'seg': 0.127, 'cls': 0.341, 'special': 0.0, 'embed': 0.0}
[g4_fold2] ep98 step241/249 loss=0.2273 {'ds': 0.134, 'seg': 0.168, 'cls': 0.237, 'special': 0.0, 'embed': 0.003}
[g4_fold2] epoch 98 loss=0.3090 dice_core=0.8979 dice_peri=0.9451 thr=[0.55, 0.45] (211s)
[g4_fold2] ep99 step21/249 loss=0.1419 {'ds': 0.069, 'seg': 0.095, 'cls': 0.186, 'special': 0.0, 'embed': 0.003}
[g4_fold2] ep99 step41/249 loss=0.3365 {'ds': 0.111, 'seg': 0.148, 'cls': 0.751, 'special': 0.0, 'embed': 0.004}
[g4_fold2] ep99 step61/249 loss=0.2363 {'ds': 0.102, 'seg': 0.141, 'cls': 0.381, 'special': 0.0, 'embed': 0.003}
[g4_fold2] ep99 step81/249 loss=0.1968 {'ds': 0.085, 'seg': 0.111, 'cls': 0.344, 'special': 0.0, 'embed': 0.001}
[g4_fold2] ep99 step101/249 loss=0.1948 {'ds': 0.083, 'seg': 0.107, 'cls': 0.35, 'special': 0.0, 'embed': 0.001}
[g4_fold2] ep99 step121/249 loss=0.1329 {'ds': 0.049, 'seg': 0.064, 'cls': 0.277, 'special': 0.0, 'embed': 0.001}
[g4_fold2] ep99 step141/249 loss=0.1941 {'ds': 0.072, 'seg': 0.095, 'cls': 0.396, 'special': 0.0, 'embed': 0.001}
[g4_fold2] ep99 step161/249 loss=0.2180 {'ds': 0.129, 'seg': 0.171, 'cls': 0.186, 'special': 0.0, 'embed': 0.0}
[g4_fold2] ep99 step181/249 loss=0.1746 {'ds': 0.079, 'seg': 0.104, 'cls': 0.28, 'special': 0.0, 'embed': 0.003}
[g4_fold2] ep99 step201/249 loss=0.2024 {'ds': 0.098, 'seg': 0.132, 'cls': 0.279, 'special': 0.0, 'embed': 0.002}
[g4_fold2] ep99 step221/249 loss=0.1751 {'ds': 0.076, 'seg': 0.105, 'cls': 0.279, 'special': 0.0, 'embed': 0.001}
[g4_fold2] ep99 step241/249 loss=0.0958 {'ds': 0.044, 'seg': 0.053, 'cls': 0.17, 'special': 0.0, 'embed': 0.001}
[g4_fold2] epoch 99 loss=0.2875 dice_core=0.8978 dice_peri=0.9451 thr=[0.55, 0.45] (213s)
[trainer] done. best=0.9452 thr=[0.55, 0.45] -> /mnt/data_sdb/wangx/code/BrainTumorSeg/glioma_track4/checkpoints/g4_fold2/best.pth
