[trainer] 从零训练：未加载预训练权重
[trainer] tag=g4_fold0 fold=0 train=499 val=125 steps/epoch=249 特殊影像正样本=[6, 6] 重复对=True
[g4_fold0] ep0 step21/249 loss=3.0805 {'ds': 1.642, 'seg': 2.221, 'cls': 1.25, 'special': 0.691, 'embed': 4.988}
[g4_fold0] ep0 step41/249 loss=3.2473 {'ds': 1.491, 'seg': 2.032, 'cls': 1.246, 'special': 0.658, 'embed': 9.854}
[g4_fold0] ep0 step61/249 loss=2.8822 {'ds': 1.504, 'seg': 2.03, 'cls': 1.245, 'special': 0.673, 'embed': 4.969}
[g4_fold0] ep0 step81/249 loss=3.1186 {'ds': 1.458, 'seg': 1.899, 'cls': 1.196, 'special': 0.704, 'embed': 9.921}
[g4_fold0] ep0 step101/249 loss=2.5261 {'ds': 1.511, 'seg': 2.068, 'cls': 1.165, 'special': 0.667, 'embed': 0.0}
[g4_fold0] ep0 step121/249 loss=3.0585 {'ds': 1.417, 'seg': 1.861, 'cls': 1.156, 'special': 0.666, 'embed': 9.9}
[g4_fold0] ep0 step141/249 loss=2.8306 {'ds': 1.494, 'seg': 1.996, 'cls': 1.153, 'special': 0.694, 'embed': 4.973}
[g4_fold0] ep0 step161/249 loss=2.9557 {'ds': 1.369, 'seg': 1.782, 'cls': 1.091, 'special': 0.666, 'embed': 9.789}
[g4_fold0] ep0 step181/249 loss=2.6281 {'ds': 1.318, 'seg': 1.823, 'cls': 1.028, 'special': 0.7, 'embed': 4.971}
[g4_fold0] ep0 step201/249 loss=2.7872 {'ds': 1.22, 'seg': 1.643, 'cls': 0.999, 'special': 0.686, 'embed': 9.642}
[g4_fold0] ep0 step221/249 loss=2.7873 {'ds': 1.164, 'seg': 1.642, 'cls': 0.915, 'special': 0.68, 'embed': 9.961}
[g4_fold0] ep0 step241/249 loss=2.8952 {'ds': 1.172, 'seg': 1.767, 'cls': 0.909, 'special': 0.663, 'embed': 9.805}
[g4_fold0] epoch 0 loss=2.1706 dice_core=0.0490 dice_peri=0.4703 thr=[0.1, 0.55] (219s)
[g4_fold0] ep1 step21/249 loss=2.6303 {'ds': 0.979, 'seg': 1.531, 'cls': 0.816, 'special': 0.607, 'embed': 9.909}
[g4_fold0] ep1 step41/249 loss=1.8252 {'ds': 0.923, 'seg': 1.477, 'cls': 0.766, 'special': 0.628, 'embed': 0.0}
[g4_fold0] ep1 step61/249 loss=2.1939 {'ds': 0.737, 'seg': 1.241, 'cls': 0.713, 'special': 0.578, 'embed': 8.403}
[g4_fold0] ep1 step81/249 loss=1.9864 {'ds': 0.802, 'seg': 1.313, 'cls': 0.689, 'special': 0.513, 'embed': 4.974}
[g4_fold0] ep1 step101/249 loss=2.2937 {'ds': 0.883, 'seg': 1.463, 'cls': 0.657, 'special': 0.546, 'embed': 7.059}
[g4_fold0] ep1 step121/249 loss=2.0867 {'ds': 0.891, 'seg': 1.446, 'cls': 0.651, 'special': 0.438, 'embed': 4.906}
[g4_fold0] ep1 step141/249 loss=1.5193 {'ds': 0.684, 'seg': 1.216, 'cls': 0.598, 'special': 0.559, 'embed': 0.185}
[g4_fold0] ep1 step161/249 loss=1.7967 {'ds': 0.431, 'seg': 0.873, 'cls': 0.461, 'special': 0.507, 'embed': 9.083}
[g4_fold0] ep1 step181/249 loss=1.4594 {'ds': 0.762, 'seg': 1.25, 'cls': 0.431, 'special': 0.406, 'embed': 0.001}
[g4_fold0] ep1 step201/249 loss=1.4112 {'ds': 0.457, 'seg': 0.877, 'cls': 0.552, 'special': 0.849, 'embed': 2.456}
[g4_fold0] ep1 step221/249 loss=1.8694 {'ds': 0.492, 'seg': 0.947, 'cls': 0.477, 'special': 0.264, 'embed': 9.828}
[g4_fold0] ep1 step241/249 loss=1.1853 {'ds': 0.524, 'seg': 0.889, 'cls': 0.908, 'special': 0.276, 'embed': 0.01}
[g4_fold0] epoch 1 loss=1.3746 dice_core=0.4142 dice_peri=0.7004 thr=[0.5, 0.6] (202s)
[g4_fold0] ep2 step21/249 loss=0.6933 {'ds': 0.298, 'seg': 0.545, 'cls': 0.344, 'special': 0.246, 'embed': 0.015}
[g4_fold0] ep2 step41/249 loss=1.6933 {'ds': 0.419, 'seg': 0.646, 'cls': 0.683, 'special': 0.542, 'embed': 9.882}
[g4_fold0] ep2 step61/249 loss=0.7388 {'ds': 0.188, 'seg': 0.306, 'cls': 0.459, 'special': 0.085, 'embed': 3.953}
[g4_fold0] ep2 step81/249 loss=1.2553 {'ds': 0.361, 'seg': 0.529, 'cls': 0.393, 'special': 0.123, 'embed': 7.96}
[g4_fold0] ep2 step101/249 loss=1.3726 {'ds': 0.361, 'seg': 0.5, 'cls': 0.43, 'special': 0.088, 'embed': 9.906}
[g4_fold0] ep2 step121/249 loss=1.2315 {'ds': 0.372, 'seg': 0.504, 'cls': 0.391, 'special': 0.117, 'embed': 8.001}
[g4_fold0] ep2 step141/249 loss=1.3157 {'ds': 0.362, 'seg': 0.56, 'cls': 0.305, 'special': 0.019, 'embed': 8.993}
[g4_fold0] ep2 step161/249 loss=2.0379 {'ds': 0.964, 'seg': 1.221, 'cls': 0.52, 'special': 0.031, 'embed': 9.051}
[g4_fold0] ep2 step181/249 loss=0.8585 {'ds': 0.242, 'seg': 0.366, 'cls': 0.454, 'special': 0.029, 'embed': 4.961}
[g4_fold0] ep2 step201/249 loss=1.5524 {'ds': 0.552, 'seg': 0.73, 'cls': 0.314, 'special': 0.02, 'embed': 9.859}
[g4_fold0] ep2 step221/249 loss=2.1731 {'ds': 0.612, 'seg': 0.844, 'cls': 0.628, 'special': 1.72, 'embed': 9.891}
[g4_fold0] ep2 step241/249 loss=1.0463 {'ds': 0.387, 'seg': 0.549, 'cls': 0.475, 'special': 0.017, 'embed': 4.996}
[g4_fold0] epoch 2 loss=0.7421 dice_core=0.7282 dice_peri=0.8175 thr=[0.6, 0.6] (203s)
[g4_fold0] ep3 step21/249 loss=1.4815 {'ds': 0.59, 'seg': 0.828, 'cls': 0.397, 'special': 0.012, 'embed': 7.354}
[g4_fold0] ep3 step41/249 loss=1.6594 {'ds': 0.538, 'seg': 0.737, 'cls': 0.541, 'special': 1.518, 'embed': 5.437}
[g4_fold0] ep3 step61/249 loss=1.2310 {'ds': 0.439, 'seg': 0.625, 'cls': 0.321, 'special': 0.14, 'embed': 6.548}
[g4_fold0] ep3 step81/249 loss=1.0067 {'ds': 0.371, 'seg': 0.511, 'cls': 0.4, 'special': 0.11, 'embed': 4.905}
[g4_fold0] ep3 step101/249 loss=0.9466 {'ds': 0.238, 'seg': 0.304, 'cls': 0.299, 'special': 0.665, 'embed': 5.363}
[g4_fold0] ep3 step121/249 loss=0.5295 {'ds': 0.34, 'seg': 0.439, 'cls': 0.289, 'special': 0.074, 'embed': 0.002}
[g4_fold0] ep3 step141/249 loss=0.2739 {'ds': 0.14, 'seg': 0.177, 'cls': 0.311, 'special': 0.072, 'embed': 0.018}
[g4_fold0] ep3 step161/249 loss=1.5817 {'ds': 0.655, 'seg': 0.917, 'cls': 0.361, 'special': 0.189, 'embed': 7.023}
[g4_fold0] ep3 step181/249 loss=0.2967 {'ds': 0.161, 'seg': 0.212, 'cls': 0.332, 'special': 0.005, 'embed': 0.001}
[g4_fold0] ep3 step201/249 loss=0.9700 {'ds': 0.302, 'seg': 0.389, 'cls': 0.829, 'special': 0.007, 'embed': 4.955}
[g4_fold0] ep3 step221/249 loss=1.8187 {'ds': 0.682, 'seg': 0.963, 'cls': 0.378, 'special': 0.048, 'embed': 9.985}
[g4_fold0] ep3 step241/249 loss=1.2490 {'ds': 0.334, 'seg': 0.467, 'cls': 0.439, 'special': 1.192, 'embed': 4.985}
[g4_fold0] epoch 3 loss=0.6612 dice_core=0.8189 dice_peri=0.8575 thr=[0.6, 0.65] (197s)
[g4_fold0] ep4 step21/249 loss=0.8675 {'ds': 0.325, 'seg': 0.467, 'cls': 0.309, 'special': 0.135, 'embed': 3.864}
[g4_fold0] ep4 step41/249 loss=1.2187 {'ds': 0.327, 'seg': 0.449, 'cls': 0.39, 'special': 0.355, 'embed': 7.775}
[g4_fold0] ep4 step61/249 loss=0.7555 {'ds': 0.242, 'seg': 0.313, 'cls': 0.293, 'special': 0.02, 'embed': 4.861}
[g4_fold0] ep4 step81/249 loss=0.4758 {'ds': 0.203, 'seg': 0.295, 'cls': 0.352, 'special': 0.026, 'embed': 1.149}
[g4_fold0] ep4 step101/249 loss=1.1121 {'ds': 0.621, 'seg': 0.851, 'cls': 0.416, 'special': 0.605, 'embed': 0.072}
[g4_fold0] ep4 step121/249 loss=1.2435 {'ds': 0.573, 'seg': 0.787, 'cls': 0.327, 'special': 0.014, 'embed': 4.953}
[g4_fold0] ep4 step141/249 loss=0.3255 {'ds': 0.177, 'seg': 0.232, 'cls': 0.352, 'special': 0.022, 'embed': 0.006}
[g4_fold0] ep4 step161/249 loss=1.1702 {'ds': 0.239, 'seg': 0.318, 'cls': 0.374, 'special': 0.039, 'embed': 9.987}
[g4_fold0] ep4 step181/249 loss=1.0736 {'ds': 0.357, 'seg': 0.459, 'cls': 0.358, 'special': 0.023, 'embed': 6.92}
[g4_fold0] ep4 step201/249 loss=0.5957 {'ds': 0.317, 'seg': 0.425, 'cls': 0.652, 'special': 0.008, 'embed': 0.069}
[g4_fold0] ep4 step221/249 loss=0.8437 {'ds': 0.296, 'seg': 0.392, 'cls': 0.424, 'special': 0.027, 'embed': 4.526}
[g4_fold0] ep4 step241/249 loss=1.2697 {'ds': 0.559, 'seg': 0.772, 'cls': 0.482, 'special': 0.013, 'embed': 4.993}
[g4_fold0] epoch 4 loss=0.5922 dice_core=0.8440 dice_peri=0.8801 thr=[0.55, 0.65] (212s)
[g4_fold0] ep5 step21/249 loss=1.1605 {'ds': 0.206, 'seg': 0.295, 'cls': 0.461, 'special': 0.007, 'embed': 9.975}
[g4_fold0] ep5 step41/249 loss=1.3374 {'ds': 0.265, 'seg': 0.365, 'cls': 0.891, 'special': 0.003, 'embed': 9.988}
[g4_fold0] ep5 step61/249 loss=1.1971 {'ds': 0.525, 'seg': 0.743, 'cls': 0.322, 'special': 0.003, 'embed': 4.971}
[g4_fold0] ep5 step81/249 loss=0.7062 {'ds': 0.188, 'seg': 0.248, 'cls': 0.364, 'special': 0.003, 'embed': 4.892}
[g4_fold0] ep5 step101/249 loss=0.7552 {'ds': 0.191, 'seg': 0.274, 'cls': 0.435, 'special': 0.004, 'embed': 4.954}
[g4_fold0] ep5 step121/249 loss=0.6299 {'ds': 0.127, 'seg': 0.16, 'cls': 0.286, 'special': 0.005, 'embed': 5.298}
[g4_fold0] ep5 step141/249 loss=1.1655 {'ds': 0.426, 'seg': 0.595, 'cls': 0.884, 'special': 0.121, 'embed': 4.253}
[g4_fold0] ep5 step161/249 loss=1.0045 {'ds': 0.293, 'seg': 0.383, 'cls': 0.425, 'special': 0.637, 'embed': 4.745}
[g4_fold0] ep5 step181/249 loss=1.1945 {'ds': 0.584, 'seg': 0.703, 'cls': 0.416, 'special': 0.054, 'embed': 4.99}
[g4_fold0] ep5 step201/249 loss=1.3830 {'ds': 0.666, 'seg': 0.923, 'cls': 0.297, 'special': 0.071, 'embed': 4.912}
[g4_fold0] ep5 step221/249 loss=1.2896 {'ds': 0.472, 'seg': 0.644, 'cls': 0.583, 'special': 0.001, 'embed': 6.656}
[g4_fold0] ep5 step241/249 loss=0.7491 {'ds': 0.208, 'seg': 0.312, 'cls': 0.321, 'special': 0.012, 'embed': 4.724}
[g4_fold0] epoch 5 loss=0.6344 dice_core=0.8523 dice_peri=0.8960 thr=[0.55, 0.65] (196s)
[g4_fold0] ep6 step21/249 loss=0.5402 {'ds': 0.306, 'seg': 0.417, 'cls': 0.437, 'special': 0.054, 'embed': 0.009}
[g4_fold0] ep6 step41/249 loss=0.4567 {'ds': 0.251, 'seg': 0.342, 'cls': 0.408, 'special': 0.018, 'embed': 0.112}
[g4_fold0] ep6 step61/249 loss=0.7936 {'ds': 0.232, 'seg': 0.318, 'cls': 0.28, 'special': 0.115, 'embed': 5.026}
[g4_fold0] ep6 step81/249 loss=0.3140 {'ds': 0.176, 'seg': 0.241, 'cls': 0.283, 'special': 0.007, 'embed': 0.0}
[g4_fold0] ep6 step101/249 loss=0.4312 {'ds': 0.125, 'seg': 0.148, 'cls': 0.288, 'special': 0.086, 'embed': 2.532}
[g4_fold0] ep6 step121/249 loss=0.6135 {'ds': 0.149, 'seg': 0.177, 'cls': 0.303, 'special': 0.002, 'embed': 4.802}
[g4_fold0] ep6 step141/249 loss=1.0245 {'ds': 0.404, 'seg': 0.574, 'cls': 0.351, 'special': 0.031, 'embed': 4.74}
[g4_fold0] ep6 step161/249 loss=1.4876 {'ds': 0.497, 'seg': 0.693, 'cls': 0.697, 'special': 0.07, 'embed': 8.042}
[g4_fold0] ep6 step181/249 loss=0.7795 {'ds': 0.181, 'seg': 0.238, 'cls': 0.686, 'special': 0.013, 'embed': 4.889}
[g4_fold0] ep6 step201/249 loss=0.7133 {'ds': 0.185, 'seg': 0.237, 'cls': 0.323, 'special': 0.1, 'embed': 4.946}
[g4_fold0] ep6 step221/249 loss=0.9738 {'ds': 0.291, 'seg': 0.397, 'cls': 0.39, 'special': 0.011, 'embed': 6.357}
[g4_fold0] ep6 step241/249 loss=1.0190 {'ds': 0.359, 'seg': 0.473, 'cls': 0.491, 'special': 0.013, 'embed': 5.603}
[g4_fold0] epoch 6 loss=0.5543 dice_core=0.8608 dice_peri=0.9063 thr=[0.6, 0.6] (216s)
[g4_fold0] ep7 step21/249 loss=0.3997 {'ds': 0.223, 'seg': 0.305, 'cls': 0.284, 'special': 0.093, 'embed': 0.003}
[g4_fold0] ep7 step41/249 loss=0.9040 {'ds': 0.319, 'seg': 0.465, 'cls': 0.242, 'special': 0.013, 'embed': 4.996}
[g4_fold0] ep7 step61/249 loss=0.9023 {'ds': 0.192, 'seg': 0.265, 'cls': 1.02, 'special': 0.03, 'embed': 4.997}
[g4_fold0] ep7 step81/249 loss=0.9533 {'ds': 0.324, 'seg': 0.444, 'cls': 0.47, 'special': 0.08, 'embed': 4.951}
[g4_fold0] ep7 step101/249 loss=1.3485 {'ds': 0.617, 'seg': 0.868, 'cls': 0.401, 'special': 0.09, 'embed': 4.773}
[g4_fold0] ep7 step121/249 loss=0.7401 {'ds': 0.228, 'seg': 0.312, 'cls': 0.395, 'special': 0.0, 'embed': 4.398}
[g4_fold0] ep7 step141/249 loss=1.5667 {'ds': 0.708, 'seg': 0.998, 'cls': 0.352, 'special': 0.001, 'embed': 6.404}
[g4_fold0] ep7 step161/249 loss=0.2712 {'ds': 0.108, 'seg': 0.149, 'cls': 0.478, 'special': 0.011, 'embed': 0.0}
[g4_fold0] ep7 step181/249 loss=1.0784 {'ds': 0.188, 'seg': 0.256, 'cls': 0.299, 'special': 0.003, 'embed': 9.959}
[g4_fold0] ep7 step201/249 loss=0.3502 {'ds': 0.2, 'seg': 0.255, 'cls': 0.35, 'special': 0.03, 'embed': 0.002}
[g4_fold0] ep7 step221/249 loss=1.1784 {'ds': 0.3, 'seg': 0.418, 'cls': 0.605, 'special': 0.014, 'embed': 8.079}
[g4_fold0] ep7 step241/249 loss=0.6533 {'ds': 0.37, 'seg': 0.515, 'cls': 0.538, 'special': 0.01, 'embed': 0.015}
[g4_fold0] epoch 7 loss=0.5075 dice_core=0.8681 dice_peri=0.9129 thr=[0.6, 0.6] (210s)
[g4_fold0] ep8 step21/249 loss=0.9946 {'ds': 0.257, 'seg': 0.361, 'cls': 1.037, 'special': 0.002, 'embed': 4.981}
[g4_fold0] ep8 step41/249 loss=0.5073 {'ds': 0.111, 'seg': 0.14, 'cls': 0.341, 'special': 0.004, 'embed': 3.74}
[g4_fold0] ep8 step61/249 loss=0.8254 {'ds': 0.303, 'seg': 0.419, 'cls': 0.228, 'special': 0.032, 'embed': 4.553}
[g4_fold0] ep8 step81/249 loss=1.4888 {'ds': 0.49, 'seg': 0.643, 'cls': 0.375, 'special': 0.019, 'embed': 9.967}
[g4_fold0] ep8 step101/249 loss=1.5773 {'ds': 1.003, 'seg': 1.405, 'cls': 0.686, 'special': 0.003, 'embed': 0.0}
[g4_fold0] ep8 step121/249 loss=1.3039 {'ds': 0.166, 'seg': 0.219, 'cls': 0.494, 'special': 1.059, 'embed': 9.287}
[g4_fold0] ep8 step141/249 loss=0.3568 {'ds': 0.221, 'seg': 0.283, 'cls': 0.29, 'special': 0.004, 'embed': 0.001}
[g4_fold0] ep8 step161/249 loss=0.7104 {'ds': 0.224, 'seg': 0.288, 'cls': 0.529, 'special': 0.002, 'embed': 3.866}
[g4_fold0] ep8 step181/249 loss=0.6935 {'ds': 0.425, 'seg': 0.596, 'cls': 0.342, 'special': 0.004, 'embed': 0.142}
[g4_fold0] ep8 step201/249 loss=0.6307 {'ds': 0.196, 'seg': 0.281, 'cls': 0.329, 'special': 0.0, 'embed': 3.572}
[g4_fold0] ep8 step221/249 loss=0.8798 {'ds': 0.087, 'seg': 0.114, 'cls': 0.347, 'special': 0.005, 'embed': 9.032}
[g4_fold0] ep8 step241/249 loss=0.8941 {'ds': 0.568, 'seg': 0.823, 'cls': 0.279, 'special': 0.002, 'embed': 0.01}
[g4_fold0] epoch 8 loss=0.5168 dice_core=0.8737 dice_peri=0.9171 thr=[0.6, 0.55] (204s)
[g4_fold0] ep9 step21/249 loss=1.2733 {'ds': 0.595, 'seg': 0.844, 'cls': 0.221, 'special': 0.0, 'embed': 4.992}
[g4_fold0] ep9 step41/249 loss=0.3808 {'ds': 0.214, 'seg': 0.275, 'cls': 0.42, 'special': 0.002, 'embed': 0.0}
[g4_fold0] ep9 step61/249 loss=2.1000 {'ds': 0.804, 'seg': 1.137, 'cls': 0.842, 'special': 0.017, 'embed': 9.982}
[g4_fold0] ep9 step81/249 loss=0.6792 {'ds': 0.155, 'seg': 0.202, 'cls': 0.456, 'special': 0.002, 'embed': 4.832}
[g4_fold0] ep9 step101/249 loss=1.4870 {'ds': 0.805, 'seg': 1.153, 'cls': 0.263, 'special': 0.004, 'embed': 3.557}
[g4_fold0] ep9 step121/249 loss=0.6477 {'ds': 0.168, 'seg': 0.235, 'cls': 0.347, 'special': 0.003, 'embed': 4.34}
[g4_fold0] ep9 step141/249 loss=0.3448 {'ds': 0.186, 'seg': 0.235, 'cls': 0.411, 'special': 0.002, 'embed': 0.081}
[g4_fold0] ep9 step161/249 loss=0.7020 {'ds': 0.156, 'seg': 0.203, 'cls': 0.446, 'special': 0.002, 'embed': 5.161}
[g4_fold0] ep9 step181/249 loss=0.4640 {'ds': 0.288, 'seg': 0.381, 'cls': 0.328, 'special': 0.001, 'embed': 0.009}
[g4_fold0] ep9 step201/249 loss=0.5340 {'ds': 0.117, 'seg': 0.164, 'cls': 0.391, 'special': 0.001, 'embed': 3.632}
[g4_fold0] ep9 step221/249 loss=1.3000 {'ds': 0.314, 'seg': 0.44, 'cls': 0.479, 'special': 0.002, 'embed': 9.859}
[g4_fold0] ep9 step241/249 loss=0.5460 {'ds': 0.201, 'seg': 0.272, 'cls': 0.386, 'special': 0.001, 'embed': 2.371}
[g4_fold0] epoch 9 loss=0.5324 dice_core=0.8782 dice_peri=0.9208 thr=[0.6, 0.55] (194s)
[g4_fold0] ep10 step21/249 loss=0.2472 {'ds': 0.123, 'seg': 0.165, 'cls': 0.318, 'special': 0.002, 'embed': 0.036}
[g4_fold0] ep10 step41/249 loss=0.8690 {'ds': 0.484, 'seg': 0.661, 'cls': 0.48, 'special': 0.002, 'embed': 1.167}
[g4_fold0] ep10 step61/249 loss=0.2778 {'ds': 0.142, 'seg': 0.196, 'cls': 0.325, 'special': 0.001, 'embed': 0.001}
[g4_fold0] ep10 step81/249 loss=0.2458 {'ds': 0.109, 'seg': 0.145, 'cls': 0.375, 'special': 0.0, 'embed': 0.088}
[g4_fold0] ep10 step101/249 loss=0.4427 {'ds': 0.241, 'seg': 0.328, 'cls': 0.429, 'special': 0.001, 'embed': 0.102}
[g4_fold0] ep10 step121/249 loss=0.5636 {'ds': 0.147, 'seg': 0.2, 'cls': 0.234, 'special': 0.003, 'embed': 4.061}
[g4_fold0] ep10 step141/249 loss=0.6749 {'ds': 0.16, 'seg': 0.216, 'cls': 0.425, 'special': 0.002, 'embed': 4.692}
[g4_fold0] ep10 step161/249 loss=1.0464 {'ds': 0.374, 'seg': 0.524, 'cls': 0.576, 'special': 0.0, 'embed': 5.049}
[g4_fold0] ep10 step181/249 loss=0.4491 {'ds': 0.233, 'seg': 0.308, 'cls': 0.41, 'special': 0.001, 'embed': 0.508}
[g4_fold0] ep10 step201/249 loss=0.6902 {'ds': 0.375, 'seg': 0.476, 'cls': 0.836, 'special': 0.0, 'embed': 0.066}
[g4_fold0] ep10 step221/249 loss=0.8458 {'ds': 0.559, 'seg': 0.79, 'cls': 0.221, 'special': 0.0, 'embed': 0.007}
[g4_fold0] ep10 step241/249 loss=0.3649 {'ds': 0.203, 'seg': 0.274, 'cls': 0.358, 'special': 0.0, 'embed': 0.013}
[g4_fold0] epoch 10 loss=0.4976 dice_core=0.8833 dice_peri=0.9242 thr=[0.65, 0.55] (202s)
[g4_fold0] ep11 step21/249 loss=0.4284 {'ds': 0.236, 'seg': 0.327, 'cls': 0.367, 'special': 0.0, 'embed': 0.132}
[g4_fold0] ep11 step41/249 loss=0.6873 {'ds': 0.404, 'seg': 0.567, 'cls': 0.466, 'special': 0.014, 'embed': 0.001}
[g4_fold0] ep11 step61/249 loss=0.2650 {'ds': 0.106, 'seg': 0.156, 'cls': 0.427, 'special': 0.006, 'embed': 0.006}
[g4_fold0] ep11 step81/249 loss=0.3734 {'ds': 0.166, 'seg': 0.229, 'cls': 0.357, 'special': 0.003, 'embed': 0.723}
[g4_fold0] ep11 step101/249 loss=1.6945 {'ds': 0.795, 'seg': 1.109, 'cls': 0.849, 'special': 0.0, 'embed': 4.97}
[g4_fold0] ep11 step121/249 loss=0.3759 {'ds': 0.195, 'seg': 0.26, 'cls': 0.461, 'special': 0.001, 'embed': 0.003}
[g4_fold0] ep11 step141/249 loss=0.7344 {'ds': 0.176, 'seg': 0.234, 'cls': 0.526, 'special': 0.001, 'embed': 4.912}
[g4_fold0] ep11 step161/249 loss=0.3972 {'ds': 0.253, 'seg': 0.304, 'cls': 0.36, 'special': 0.0, 'embed': 0.037}
[g4_fold0] ep11 step181/249 loss=0.8149 {'ds': 0.504, 'seg': 0.687, 'cls': 0.463, 'special': 0.002, 'embed': 0.151}
[g4_fold0] ep11 step201/249 loss=0.2321 {'ds': 0.103, 'seg': 0.123, 'cls': 0.428, 'special': 0.001, 'embed': 0.021}
[g4_fold0] ep11 step221/249 loss=0.3457 {'ds': 0.166, 'seg': 0.222, 'cls': 0.49, 'special': 0.001, 'embed': 0.01}
[g4_fold0] ep11 step241/249 loss=0.3344 {'ds': 0.127, 'seg': 0.195, 'cls': 0.548, 'special': 0.001, 'embed': 0.031}
[g4_fold0] epoch 11 loss=0.4730 dice_core=0.8871 dice_peri=0.9269 thr=[0.6, 0.55] (184s)
[g4_fold0] ep12 step21/249 loss=0.8095 {'ds': 0.51, 'seg': 0.695, 'cls': 0.447, 'special': 0.001, 'embed': 0.036}
[g4_fold0] ep12 step41/249 loss=1.2309 {'ds': 0.31, 'seg': 0.409, 'cls': 0.531, 'special': 0.001, 'embed': 9.182}
[g4_fold0] ep12 step61/249 loss=0.5813 {'ds': 0.096, 'seg': 0.125, 'cls': 0.35, 'special': 0.001, 'embed': 4.914}
[g4_fold0] ep12 step81/249 loss=0.2962 {'ds': 0.126, 'seg': 0.185, 'cls': 0.426, 'special': 0.0, 'embed': 0.058}
[g4_fold0] ep12 step101/249 loss=0.2404 {'ds': 0.109, 'seg': 0.147, 'cls': 0.323, 'special': 0.0, 'embed': 0.164}
[g4_fold0] ep12 step121/249 loss=0.3205 {'ds': 0.185, 'seg': 0.25, 'cls': 0.277, 'special': 0.0, 'embed': 0.017}
[g4_fold0] ep12 step141/249 loss=0.6112 {'ds': 0.257, 'seg': 0.371, 'cls': 0.841, 'special': 0.0, 'embed': 0.406}
[g4_fold0] ep12 step161/249 loss=0.3785 {'ds': 0.201, 'seg': 0.262, 'cls': 0.461, 'special': 0.0, 'embed': 0.013}
[g4_fold0] ep12 step181/249 loss=0.3231 {'ds': 0.172, 'seg': 0.249, 'cls': 0.278, 'special': 0.0, 'embed': 0.063}
[g4_fold0] ep12 step201/249 loss=1.0477 {'ds': 0.617, 'seg': 0.861, 'cls': 0.398, 'special': 0.001, 'embed': 1.152}
[g4_fold0] ep12 step221/249 loss=0.6996 {'ds': 0.197, 'seg': 0.255, 'cls': 0.262, 'special': 0.038, 'embed': 4.934}
[g4_fold0] ep12 step241/249 loss=0.5005 {'ds': 0.241, 'seg': 0.339, 'cls': 0.64, 'special': 0.001, 'embed': 0.018}
[g4_fold0] epoch 12 loss=0.4396 dice_core=0.8899 dice_peri=0.9291 thr=[0.65, 0.55] (199s)
[g4_fold0] ep13 step21/249 loss=0.8444 {'ds': 0.261, 'seg': 0.348, 'cls': 0.506, 'special': 0.0, 'embed': 4.935}
[g4_fold0] ep13 step41/249 loss=1.0344 {'ds': 0.388, 'seg': 0.54, 'cls': 0.654, 'special': 0.006, 'embed': 4.39}
[g4_fold0] ep13 step61/249 loss=0.8592 {'ds': 0.553, 'seg': 0.77, 'cls': 0.35, 'special': 0.0, 'embed': 0.026}
[g4_fold0] ep13 step81/249 loss=0.9527 {'ds': 0.611, 'seg': 0.854, 'cls': 0.391, 'special': 0.001, 'embed': 0.011}
[g4_fold0] ep13 step101/249 loss=0.4973 {'ds': 0.157, 'seg': 0.216, 'cls': 0.304, 'special': 0.002, 'embed': 2.726}
[g4_fold0] ep13 step121/249 loss=0.3745 {'ds': 0.2, 'seg': 0.233, 'cls': 0.38, 'special': 0.001, 'embed': 0.619}
[g4_fold0] ep13 step141/249 loss=0.5602 {'ds': 0.146, 'seg': 0.193, 'cls': 0.38, 'special': 0.001, 'embed': 3.628}
[g4_fold0] ep13 step161/249 loss=0.4948 {'ds': 0.302, 'seg': 0.374, 'cls': 0.478, 'special': 0.002, 'embed': 0.013}
[g4_fold0] ep13 step181/249 loss=0.3512 {'ds': 0.148, 'seg': 0.204, 'cls': 0.586, 'special': 0.0, 'embed': 0.009}
[g4_fold0] ep13 step201/249 loss=0.7484 {'ds': 0.308, 'seg': 0.423, 'cls': 0.417, 'special': 0.031, 'embed': 2.842}
[g4_fold0] ep13 step221/249 loss=0.3749 {'ds': 0.192, 'seg': 0.27, 'cls': 0.411, 'special': 0.007, 'embed': 0.008}
[g4_fold0] ep13 step241/249 loss=0.2416 {'ds': 0.126, 'seg': 0.174, 'cls': 0.268, 'special': 0.001, 'embed': 0.009}
[g4_fold0] epoch 13 loss=0.4229 dice_core=0.8928 dice_peri=0.9308 thr=[0.65, 0.55] (208s)
[g4_fold0] ep14 step21/249 loss=0.4503 {'ds': 0.28, 'seg': 0.368, 'cls': 0.325, 'special': 0.0, 'embed': 0.014}
[g4_fold0] ep14 step41/249 loss=0.9151 {'ds': 0.564, 'seg': 0.783, 'cls': 0.524, 'special': 0.0, 'embed': 0.008}
[g4_fold0] ep14 step61/249 loss=0.2576 {'ds': 0.131, 'seg': 0.183, 'cls': 0.27, 'special': 0.0, 'embed': 0.093}
[g4_fold0] ep14 step81/249 loss=0.8815 {'ds': 0.567, 'seg': 0.783, 'cls': 0.391, 'special': 0.001, 'embed': 0.004}
[g4_fold0] ep14 step101/249 loss=1.0077 {'ds': 0.536, 'seg': 0.755, 'cls': 0.382, 'special': 0.0, 'embed': 2.095}
[g4_fold0] ep14 step121/249 loss=0.1958 {'ds': 0.084, 'seg': 0.11, 'cls': 0.315, 'special': 0.005, 'embed': 0.081}
[g4_fold0] ep14 step141/249 loss=0.6194 {'ds': 0.388, 'seg': 0.525, 'cls': 0.362, 'special': 0.001, 'embed': 0.05}
[g4_fold0] ep14 step161/249 loss=0.6614 {'ds': 0.146, 'seg': 0.203, 'cls': 0.281, 'special': 0.001, 'embed': 5.172}
[g4_fold0] ep14 step181/249 loss=1.2511 {'ds': 0.609, 'seg': 0.848, 'cls': 0.227, 'special': 0.001, 'embed': 4.622}
[g4_fold0] ep14 step201/249 loss=0.8698 {'ds': 0.551, 'seg': 0.764, 'cls': 0.345, 'special': 0.0, 'embed': 0.261}
[g4_fold0] ep14 step221/249 loss=0.5954 {'ds': 0.312, 'seg': 0.391, 'cls': 0.819, 'special': 0.0, 'embed': 0.0}
[g4_fold0] ep14 step241/249 loss=0.2656 {'ds': 0.146, 'seg': 0.19, 'cls': 0.293, 'special': 0.0, 'embed': 0.031}
[g4_fold0] epoch 14 loss=0.4343 dice_core=0.8957 dice_peri=0.9327 thr=[0.65, 0.55] (190s)
[g4_fold0] ep15 step21/249 loss=1.5222 {'ds': 0.709, 'seg': 1.026, 'cls': 0.485, 'special': 0.0, 'embed': 4.996}
[g4_fold0] ep15 step41/249 loss=0.3507 {'ds': 0.171, 'seg': 0.226, 'cls': 0.342, 'special': 0.112, 'embed': 0.152}
[g4_fold0] ep15 step61/249 loss=0.2780 {'ds': 0.145, 'seg': 0.205, 'cls': 0.281, 'special': 0.004, 'embed': 0.024}
[g4_fold0] ep15 step81/249 loss=0.3851 {'ds': 0.176, 'seg': 0.242, 'cls': 0.368, 'special': 0.001, 'embed': 0.684}
[g4_fold0] ep15 step101/249 loss=0.6057 {'ds': 0.327, 'seg': 0.445, 'cls': 0.633, 'special': 0.001, 'embed': 0.035}
[g4_fold0] ep15 step121/249 loss=0.8635 {'ds': 0.364, 'seg': 0.504, 'cls': 0.503, 'special': 0.0, 'embed': 3.113}
[g4_fold0] ep15 step141/249 loss=0.2909 {'ds': 0.142, 'seg': 0.193, 'cls': 0.378, 'special': 0.0, 'embed': 0.042}
[g4_fold0] ep15 step161/249 loss=0.3524 {'ds': 0.092, 'seg': 0.123, 'cls': 0.292, 'special': 0.0, 'embed': 2.086}
[g4_fold0] ep15 step181/249 loss=0.3090 {'ds': 0.156, 'seg': 0.207, 'cls': 0.36, 'special': 0.001, 'embed': 0.152}
[g4_fold0] ep15 step201/249 loss=0.9803 {'ds': 0.583, 'seg': 0.809, 'cls': 0.483, 'special': 0.0, 'embed': 0.671}
[g4_fold0] ep15 step221/249 loss=0.6945 {'ds': 0.152, 'seg': 0.238, 'cls': 0.348, 'special': 0.002, 'embed': 4.916}
[g4_fold0] ep15 step241/249 loss=0.3069 {'ds': 0.172, 'seg': 0.222, 'cls': 0.255, 'special': 0.002, 'embed': 0.282}
[g4_fold0] epoch 15 loss=0.4533 dice_core=0.8983 dice_peri=0.9342 thr=[0.65, 0.5] (205s)
[g4_fold0] ep16 step21/249 loss=0.6544 {'ds': 0.252, 'seg': 0.332, 'cls': 0.3, 'special': 0.0, 'embed': 3.303}
[g4_fold0] ep16 step41/249 loss=0.5944 {'ds': 0.119, 'seg': 0.159, 'cls': 0.447, 'special': 0.016, 'embed': 4.266}
[g4_fold0] ep16 step61/249 loss=0.7572 {'ds': 0.383, 'seg': 0.526, 'cls': 0.339, 'special': 0.0, 'embed': 1.958}
[g4_fold0] ep16 step81/249 loss=1.1816 {'ds': 0.681, 'seg': 0.97, 'cls': 0.822, 'special': 0.0, 'embed': 0.084}
[g4_fold0] ep16 step101/249 loss=0.7845 {'ds': 0.393, 'seg': 0.543, 'cls': 0.964, 'special': 0.001, 'embed': 0.0}
[g4_fold0] ep16 step121/249 loss=0.2158 {'ds': 0.092, 'seg': 0.12, 'cls': 0.282, 'special': 0.001, 'embed': 0.328}
[g4_fold0] ep16 step141/249 loss=0.8141 {'ds': 0.394, 'seg': 0.551, 'cls': 0.611, 'special': 0.001, 'embed': 1.465}
[g4_fold0] ep16 step161/249 loss=0.2452 {'ds': 0.131, 'seg': 0.172, 'cls': 0.29, 'special': 0.001, 'embed': 0.011}
[g4_fold0] ep16 step181/249 loss=0.9331 {'ds': 0.581, 'seg': 0.848, 'cls': 0.335, 'special': 0.001, 'embed': 0.021}
[g4_fold0] ep16 step201/249 loss=0.2436 {'ds': 0.115, 'seg': 0.149, 'cls': 0.361, 'special': 0.0, 'embed': 0.054}
[g4_fold0] ep16 step221/249 loss=0.3525 {'ds': 0.199, 'seg': 0.267, 'cls': 0.333, 'special': 0.0, 'embed': 0.033}
[g4_fold0] ep16 step241/249 loss=0.8261 {'ds': 0.517, 'seg': 0.688, 'cls': 0.53, 'special': 0.0, 'embed': 0.068}
[g4_fold0] epoch 16 loss=0.4362 dice_core=0.8997 dice_peri=0.9351 thr=[0.65, 0.5] (201s)
[g4_fold0] ep17 step21/249 loss=0.2361 {'ds': 0.118, 'seg': 0.133, 'cls': 0.408, 'special': 0.0, 'embed': 0.017}
[g4_fold0] ep17 step41/249 loss=0.3386 {'ds': 0.165, 'seg': 0.249, 'cls': 0.358, 'special': 0.0, 'embed': 0.0}
[g4_fold0] ep17 step61/249 loss=0.3229 {'ds': 0.121, 'seg': 0.181, 'cls': 0.546, 'special': 0.0, 'embed': 0.078}
[g4_fold0] ep17 step81/249 loss=0.9270 {'ds': 0.555, 'seg': 0.774, 'cls': 0.297, 'special': 0.0, 'embed': 1.041}
[g4_fold0] ep17 step101/249 loss=0.5634 {'ds': 0.091, 'seg': 0.12, 'cls': 0.363, 'special': 0.0, 'embed': 4.696}
[g4_fold0] ep17 step121/249 loss=0.2909 {'ds': 0.146, 'seg': 0.197, 'cls': 0.356, 'special': 0.0, 'embed': 0.07}
[g4_fold0] ep17 step141/249 loss=0.8710 {'ds': 0.578, 'seg': 0.805, 'cls': 0.249, 'special': 0.002, 'embed': 0.046}
[g4_fold0] ep17 step161/249 loss=0.3763 {'ds': 0.173, 'seg': 0.22, 'cls': 0.554, 'special': 0.001, 'embed': 0.23}
[g4_fold0] ep17 step181/249 loss=0.5963 {'ds': 0.35, 'seg': 0.478, 'cls': 0.469, 'special': 0.0, 'embed': 0.015}
[g4_fold0] ep17 step201/249 loss=0.8645 {'ds': 0.565, 'seg': 0.787, 'cls': 0.283, 'special': 0.0, 'embed': 0.086}
[g4_fold0] ep17 step221/249 loss=0.3745 {'ds': 0.152, 'seg': 0.198, 'cls': 0.528, 'special': 0.001, 'embed': 0.592}
[g4_fold0] ep17 step241/249 loss=0.8557 {'ds': 0.561, 'seg': 0.781, 'cls': 0.296, 'special': 0.0, 'embed': 0.001}
[g4_fold0] epoch 17 loss=0.4080 dice_core=0.9013 dice_peri=0.9365 thr=[0.65, 0.45] (205s)
[g4_fold0] ep18 step21/249 loss=0.3974 {'ds': 0.153, 'seg': 0.208, 'cls': 0.388, 'special': 0.0, 'embed': 1.234}
[g4_fold0] ep18 step41/249 loss=0.2922 {'ds': 0.145, 'seg': 0.197, 'cls': 0.378, 'special': 0.0, 'embed': 0.011}
[g4_fold0] ep18 step61/249 loss=0.3969 {'ds': 0.215, 'seg': 0.292, 'cls': 0.405, 'special': 0.0, 'embed': 0.051}
[g4_fold0] ep18 step81/249 loss=0.3525 {'ds': 0.196, 'seg': 0.27, 'cls': 0.317, 'special': 0.0, 'embed': 0.041}
[g4_fold0] ep18 step101/249 loss=0.7914 {'ds': 0.569, 'seg': 0.79, 'cls': 0.0, 'special': 0.0, 'embed': 0.02}
[g4_fold0] ep18 step121/249 loss=0.1870 {'ds': 0.089, 'seg': 0.111, 'cls': 0.295, 'special': 0.0, 'embed': 0.03}
[g4_fold0] ep18 step141/249 loss=0.5650 {'ds': 0.327, 'seg': 0.452, 'cls': 0.416, 'special': 0.0, 'embed': 0.116}
[g4_fold0] ep18 step161/249 loss=0.2944 {'ds': 0.148, 'seg': 0.203, 'cls': 0.338, 'special': 0.0, 'embed': 0.093}
[g4_fold0] ep18 step181/249 loss=0.8312 {'ds': 0.552, 'seg': 0.768, 'cls': 0.242, 'special': 0.0, 'embed': 0.035}
[g4_fold0] ep18 step201/249 loss=0.3341 {'ds': 0.187, 'seg': 0.259, 'cls': 0.287, 'special': 0.0, 'embed': 0.051}
[g4_fold0] ep18 step221/249 loss=0.6945 {'ds': 0.37, 'seg': 0.511, 'cls': 0.728, 'special': 0.0, 'embed': 0.02}
[g4_fold0] ep18 step241/249 loss=0.3976 {'ds': 0.214, 'seg': 0.298, 'cls': 0.394, 'special': 0.0, 'embed': 0.012}
[g4_fold0] epoch 18 loss=0.4277 dice_core=0.9022 dice_peri=0.9374 thr=[0.65, 0.45] (219s)
[g4_fold0] ep19 step21/249 loss=0.1987 {'ds': 0.064, 'seg': 0.089, 'cls': 0.432, 'special': 0.0, 'embed': 0.02}
[g4_fold0] ep19 step41/249 loss=0.2000 {'ds': 0.102, 'seg': 0.131, 'cls': 0.26, 'special': 0.0, 'embed': 0.058}
[g4_fold0] ep19 step61/249 loss=0.1537 {'ds': 0.066, 'seg': 0.089, 'cls': 0.256, 'special': 0.0, 'embed': 0.011}
[g4_fold0] ep19 step81/249 loss=1.0090 {'ds': 0.638, 'seg': 0.849, 'cls': 0.634, 'special': 0.0, 'embed': 0.015}
[g4_fold0] ep19 step101/249 loss=0.2370 {'ds': 0.127, 'seg': 0.158, 'cls': 0.288, 'special': 0.0, 'embed': 0.087}
[g4_fold0] ep19 step121/249 loss=0.2510 {'ds': 0.122, 'seg': 0.164, 'cls': 0.346, 'special': 0.0, 'embed': 0.003}
[g4_fold0] ep19 step141/249 loss=0.7835 {'ds': 0.415, 'seg': 0.702, 'cls': 0.314, 'special': 0.0, 'embed': 0.035}
[g4_fold0] ep19 step161/249 loss=0.3195 {'ds': 0.177, 'seg': 0.24, 'cls': 0.308, 'special': 0.0, 'embed': 0.033}
[g4_fold0] ep19 step181/249 loss=0.2307 {'ds': 0.097, 'seg': 0.128, 'cls': 0.409, 'special': 0.0, 'embed': 0.006}
[g4_fold0] ep19 step201/249 loss=0.7334 {'ds': 0.378, 'seg': 0.631, 'cls': 0.411, 'special': 0.0, 'embed': 0.001}
[g4_fold0] ep19 step221/249 loss=0.9475 {'ds': 0.503, 'seg': 0.821, 'cls': 0.505, 'special': 0.0, 'embed': 0.009}
[g4_fold0] ep19 step241/249 loss=0.3829 {'ds': 0.216, 'seg': 0.272, 'cls': 0.43, 'special': 0.0, 'embed': 0.045}
[g4_fold0] epoch 19 loss=0.4310 dice_core=0.9034 dice_peri=0.9380 thr=[0.65, 0.45] (191s)
[g4_fold0] ep20 step21/249 loss=0.2549 {'ds': 0.142, 'seg': 0.182, 'cls': 0.29, 'special': 0.0, 'embed': 0.006}
[g4_fold0] ep20 step41/249 loss=0.4556 {'ds': 0.296, 'seg': 0.38, 'cls': 0.263, 'special': 0.001, 'embed': 0.125}
[g4_fold0] ep20 step61/249 loss=1.1407 {'ds': 0.664, 'seg': 1.053, 'cls': 0.349, 'special': 0.0, 'embed': 0.003}
[g4_fold0] ep20 step81/249 loss=0.2253 {'ds': 0.116, 'seg': 0.151, 'cls': 0.283, 'special': 0.0, 'embed': 0.048}
[g4_fold0] ep20 step101/249 loss=0.2597 {'ds': 0.091, 'seg': 0.123, 'cls': 0.511, 'special': 0.0, 'embed': 0.115}
[g4_fold0] ep20 step121/249 loss=0.3510 {'ds': 0.165, 'seg': 0.237, 'cls': 0.451, 'special': 0.001, 'embed': 0.01}
[g4_fold0] ep20 step141/249 loss=0.2506 {'ds': 0.133, 'seg': 0.172, 'cls': 0.315, 'special': 0.0, 'embed': 0.0}
[g4_fold0] ep20 step161/249 loss=0.3105 {'ds': 0.133, 'seg': 0.187, 'cls': 0.49, 'special': 0.0, 'embed': 0.016}
[g4_fold0] ep20 step181/249 loss=0.3805 {'ds': 0.138, 'seg': 0.193, 'cls': 0.492, 'special': 0.0, 'embed': 0.862}
[g4_fold0] ep20 step201/249 loss=0.4540 {'ds': 0.098, 'seg': 0.132, 'cls': 0.308, 'special': 0.0, 'embed': 3.264}
[g4_fold0] ep20 step221/249 loss=0.5829 {'ds': 0.086, 'seg': 0.112, 'cls': 0.386, 'special': 0.0, 'embed': 4.986}
[g4_fold0] ep20 step241/249 loss=0.4612 {'ds': 0.176, 'seg': 0.238, 'cls': 0.874, 'special': 0.001, 'embed': 0.066}
[g4_fold0] epoch 20 loss=0.4119 dice_core=0.9046 dice_peri=0.9387 thr=[0.6, 0.45] (194s)
[g4_fold0] ep21 step21/249 loss=0.6726 {'ds': 0.156, 'seg': 0.199, 'cls': 0.398, 'special': 0.019, 'embed': 4.931}
[g4_fold0] ep21 step41/249 loss=0.3667 {'ds': 0.219, 'seg': 0.275, 'cls': 0.35, 'special': 0.0, 'embed': 0.06}
[g4_fold0] ep21 step61/249 loss=0.1887 {'ds': 0.08, 'seg': 0.102, 'cls': 0.322, 'special': 0.0, 'embed': 0.084}
[g4_fold0] ep21 step81/249 loss=0.6814 {'ds': 0.28, 'seg': 0.489, 'cls': 0.337, 'special': 0.0, 'embed': 1.446}
[g4_fold0] ep21 step101/249 loss=1.0525 {'ds': 0.453, 'seg': 0.629, 'cls': 0.344, 'special': 0.0, 'embed': 4.493}
[g4_fold0] ep21 step121/249 loss=0.4558 {'ds': 0.251, 'seg': 0.352, 'cls': 0.377, 'special': 0.001, 'embed': 0.12}
[g4_fold0] ep21 step141/249 loss=0.8450 {'ds': 0.464, 'seg': 0.759, 'cls': 0.337, 'special': 0.0, 'embed': 0.028}
[g4_fold0] ep21 step161/249 loss=0.9028 {'ds': 0.483, 'seg': 0.801, 'cls': 0.408, 'special': 0.0, 'embed': 0.001}
[g4_fold0] ep21 step181/249 loss=0.2625 {'ds': 0.141, 'seg': 0.182, 'cls': 0.298, 'special': 0.001, 'embed': 0.08}
[g4_fold0] ep21 step201/249 loss=0.8773 {'ds': 0.474, 'seg': 0.789, 'cls': 0.353, 'special': 0.0, 'embed': 0.001}
[g4_fold0] ep21 step221/249 loss=0.7822 {'ds': 0.412, 'seg': 0.695, 'cls': 0.319, 'special': 0.0, 'embed': 0.098}
[g4_fold0] ep21 step241/249 loss=0.9889 {'ds': 0.551, 'seg': 0.897, 'cls': 0.368, 'special': 0.0, 'embed': 0.003}
[g4_fold0] epoch 21 loss=0.4335 dice_core=0.9054 dice_peri=0.9389 thr=[0.65, 0.45] (201s)
[g4_fold0] ep22 step21/249 loss=0.2908 {'ds': 0.141, 'seg': 0.19, 'cls': 0.396, 'special': 0.001, 'embed': 0.015}
[g4_fold0] ep22 step41/249 loss=0.2369 {'ds': 0.109, 'seg': 0.135, 'cls': 0.401, 'special': 0.0, 'embed': 0.014}
[g4_fold0] ep22 step61/249 loss=0.3587 {'ds': 0.144, 'seg': 0.203, 'cls': 0.609, 'special': 0.0, 'embed': 0.046}
[g4_fold0] ep22 step81/249 loss=0.3920 {'ds': 0.198, 'seg': 0.273, 'cls': 0.477, 'special': 0.0, 'embed': 0.002}
[g4_fold0] ep22 step101/249 loss=0.3427 {'ds': 0.202, 'seg': 0.268, 'cls': 0.3, 'special': 0.0, 'embed': 0.001}
[g4_fold0] ep22 step121/249 loss=0.3887 {'ds': 0.246, 'seg': 0.307, 'cls': 0.321, 'special': 0.0, 'embed': 0.015}
[g4_fold0] ep22 step141/249 loss=0.1474 {'ds': 0.057, 'seg': 0.08, 'cls': 0.269, 'special': 0.0, 'embed': 0.002}
[g4_fold0] ep22 step161/249 loss=0.3594 {'ds': 0.187, 'seg': 0.255, 'cls': 0.416, 'special': 0.0, 'embed': 0.004}
[g4_fold0] ep22 step181/249 loss=0.3551 {'ds': 0.191, 'seg': 0.266, 'cls': 0.354, 'special': 0.001, 'embed': 0.001}
[g4_fold0] ep22 step201/249 loss=0.3077 {'ds': 0.164, 'seg': 0.224, 'cls': 0.328, 'special': 0.0, 'embed': 0.029}
[g4_fold0] ep22 step221/249 loss=0.3434 {'ds': 0.169, 'seg': 0.246, 'cls': 0.389, 'special': 0.0, 'embed': 0.0}
[g4_fold0] ep22 step241/249 loss=0.3572 {'ds': 0.181, 'seg': 0.247, 'cls': 0.418, 'special': 0.0, 'embed': 0.079}
[g4_fold0] epoch 22 loss=0.3815 dice_core=0.9064 dice_peri=0.9393 thr=[0.65, 0.45] (191s)
[g4_fold0] ep23 step21/249 loss=0.6066 {'ds': 0.347, 'seg': 0.481, 'cls': 0.5, 'special': 0.0, 'embed': 0.003}
[g4_fold0] ep23 step41/249 loss=0.1955 {'ds': 0.076, 'seg': 0.095, 'cls': 0.399, 'special': 0.0, 'embed': 0.002}
[g4_fold0] ep23 step61/249 loss=0.3299 {'ds': 0.139, 'seg': 0.207, 'cls': 0.48, 'special': 0.001, 'embed': 0.04}
[g4_fold0] ep23 step81/249 loss=0.2181 {'ds': 0.078, 'seg': 0.106, 'cls': 0.448, 'special': 0.0, 'embed': 0.003}
[g4_fold0] ep23 step101/249 loss=0.4775 {'ds': 0.275, 'seg': 0.372, 'cls': 0.419, 'special': 0.0, 'embed': 0.005}
[g4_fold0] ep23 step121/249 loss=0.3371 {'ds': 0.182, 'seg': 0.259, 'cls': 0.312, 'special': 0.0, 'embed': 0.002}
[g4_fold0] ep23 step141/249 loss=0.2722 {'ds': 0.127, 'seg': 0.176, 'cls': 0.371, 'special': 0.0, 'embed': 0.049}
[g4_fold0] ep23 step161/249 loss=0.2891 {'ds': 0.126, 'seg': 0.172, 'cls': 0.469, 'special': 0.001, 'embed': 0.0}
[g4_fold0] ep23 step181/249 loss=0.2246 {'ds': 0.098, 'seg': 0.14, 'cls': 0.326, 'special': 0.001, 'embed': 0.041}
[g4_fold0] ep23 step201/249 loss=0.2647 {'ds': 0.112, 'seg': 0.155, 'cls': 0.263, 'special': 0.0, 'embed': 0.58}
[g4_fold0] ep23 step221/249 loss=0.8021 {'ds': 0.455, 'seg': 0.727, 'cls': 0.277, 'special': 0.0, 'embed': 0.079}
[g4_fold0] ep23 step241/249 loss=0.6038 {'ds': 0.353, 'seg': 0.492, 'cls': 0.422, 'special': 0.0, 'embed': 0.083}
[g4_fold0] epoch 23 loss=0.3723 dice_core=0.9073 dice_peri=0.9395 thr=[0.65, 0.45] (203s)
[g4_fold0] ep24 step21/249 loss=0.2187 {'ds': 0.105, 'seg': 0.139, 'cls': 0.316, 'special': 0.0, 'embed': 0.003}
[g4_fold0] ep24 step41/249 loss=0.2364 {'ds': 0.117, 'seg': 0.152, 'cls': 0.311, 'special': 0.007, 'embed': 0.061}
[g4_fold0] ep24 step61/249 loss=0.2198 {'ds': 0.105, 'seg': 0.147, 'cls': 0.289, 'special': 0.0, 'embed': 0.009}
[g4_fold0] ep24 step81/249 loss=0.2384 {'ds': 0.114, 'seg': 0.164, 'cls': 0.295, 'special': 0.0, 'embed': 0.01}
[g4_fold0] ep24 step101/249 loss=0.3309 {'ds': 0.147, 'seg': 0.216, 'cls': 0.46, 'special': 0.0, 'embed': 0.0}
[g4_fold0] ep24 step121/249 loss=0.3048 {'ds': 0.119, 'seg': 0.152, 'cls': 0.269, 'special': 0.0, 'embed': 1.141}
[g4_fold0] ep24 step141/249 loss=0.5965 {'ds': 0.133, 'seg': 0.177, 'cls': 0.337, 'special': 0.0, 'embed': 4.47}
[g4_fold0] ep24 step161/249 loss=0.4443 {'ds': 0.181, 'seg': 0.254, 'cls': 0.368, 'special': 0.001, 'embed': 1.304}
[g4_fold0] ep24 step181/249 loss=0.3953 {'ds': 0.145, 'seg': 0.203, 'cls': 0.763, 'special': 0.0, 'embed': 0.017}
[g4_fold0] ep24 step201/249 loss=1.2465 {'ds': 0.533, 'seg': 0.987, 'cls': 0.337, 'special': 0.0, 'embed': 2.334}
[g4_fold0] ep24 step221/249 loss=0.9194 {'ds': 0.089, 'seg': 0.115, 'cls': 0.393, 'special': 0.0, 'embed': 9.409}
[g4_fold0] ep24 step241/249 loss=0.2560 {'ds': 0.128, 'seg': 0.174, 'cls': 0.271, 'special': 0.0, 'embed': 0.192}
[g4_fold0] epoch 24 loss=0.3835 dice_core=0.9080 dice_peri=0.9399 thr=[0.6, 0.45] (192s)
[g4_fold0] ep25 step21/249 loss=0.3110 {'ds': 0.144, 'seg': 0.209, 'cls': 0.404, 'special': 0.0, 'embed': 0.019}
[g4_fold0] ep25 step41/249 loss=0.2978 {'ds': 0.156, 'seg': 0.204, 'cls': 0.375, 'special': 0.0, 'embed': 0.0}
[g4_fold0] ep25 step61/249 loss=0.8110 {'ds': 0.195, 'seg': 0.248, 'cls': 0.788, 'special': 0.0, 'embed': 4.886}
[g4_fold0] ep25 step81/249 loss=1.0606 {'ds': 0.521, 'seg': 0.85, 'cls': 0.539, 'special': 0.0, 'embed': 1.003}
[g4_fold0] ep25 step101/249 loss=0.5469 {'ds': 0.35, 'seg': 0.495, 'cls': 0.204, 'special': 0.0, 'embed': 0.01}
[g4_fold0] ep25 step121/249 loss=0.4990 {'ds': 0.237, 'seg': 0.36, 'cls': 0.551, 'special': 0.0, 'embed': 0.015}
[g4_fold0] ep25 step141/249 loss=1.1804 {'ds': 0.568, 'seg': 0.923, 'cls': 1.017, 'special': 0.0, 'embed': 0.05}
[g4_fold0] ep25 step161/249 loss=1.1047 {'ds': 0.609, 'seg': 0.974, 'cls': 0.467, 'special': 0.001, 'embed': 0.187}
[g4_fold0] ep25 step181/249 loss=0.8248 {'ds': 0.42, 'seg': 0.715, 'cls': 0.425, 'special': 0.0, 'embed': 0.044}
[g4_fold0] ep25 step201/249 loss=0.2854 {'ds': 0.133, 'seg': 0.178, 'cls': 0.381, 'special': 0.043, 'embed': 0.015}
[g4_fold0] ep25 step221/249 loss=0.4218 {'ds': 0.097, 'seg': 0.135, 'cls': 0.348, 'special': 0.0, 'embed': 2.659}
[g4_fold0] ep25 step241/249 loss=0.8574 {'ds': 0.544, 'seg': 0.763, 'cls': 0.374, 'special': 0.001, 'embed': 0.011}
[g4_fold0] epoch 25 loss=0.3979 dice_core=0.9087 dice_peri=0.9400 thr=[0.65, 0.45] (204s)
[g4_fold0] ep26 step21/249 loss=0.7001 {'ds': 0.364, 'seg': 0.498, 'cls': 0.49, 'special': 0.0, 'embed': 1.066}
[g4_fold0] ep26 step41/249 loss=0.3915 {'ds': 0.111, 'seg': 0.152, 'cls': 0.318, 'special': 0.001, 'embed': 2.122}
[g4_fold0] ep26 step61/249 loss=0.5595 {'ds': 0.19, 'seg': 0.386, 'cls': 0.663, 'special': 0.001, 'embed': 0.094}
[g4_fold0] ep26 step81/249 loss=0.6789 {'ds': 0.169, 'seg': 0.225, 'cls': 0.308, 'special': 0.001, 'embed': 5.02}
[g4_fold0] ep26 step101/249 loss=0.5702 {'ds': 0.304, 'seg': 0.429, 'cls': 0.552, 'special': 0.0, 'embed': 0.039}
[g4_fold0] ep26 step121/249 loss=0.2581 {'ds': 0.125, 'seg': 0.168, 'cls': 0.28, 'special': 0.001, 'embed': 0.269}
[g4_fold0] ep26 step141/249 loss=0.4011 {'ds': 0.201, 'seg': 0.269, 'cls': 0.461, 'special': 0.0, 'embed': 0.225}
[g4_fold0] ep26 step161/249 loss=0.2338 {'ds': 0.106, 'seg': 0.146, 'cls': 0.319, 'special': 0.0, 'embed': 0.105}
[g4_fold0] ep26 step181/249 loss=0.2856 {'ds': 0.122, 'seg': 0.175, 'cls': 0.439, 'special': 0.0, 'embed': 0.018}
[g4_fold0] ep26 step201/249 loss=0.5294 {'ds': 0.237, 'seg': 0.32, 'cls': 0.83, 'special': 0.0, 'embed': 0.031}
[g4_fold0] ep26 step221/249 loss=0.2705 {'ds': 0.145, 'seg': 0.204, 'cls': 0.261, 'special': 0.0, 'embed': 0.016}
[g4_fold0] ep26 step241/249 loss=0.5087 {'ds': 0.309, 'seg': 0.418, 'cls': 0.363, 'special': 0.0, 'embed': 0.004}
[g4_fold0] epoch 26 loss=0.3874 dice_core=0.9092 dice_peri=0.9407 thr=[0.6, 0.45] (191s)
[g4_fold0] ep27 step21/249 loss=0.2066 {'ds': 0.08, 'seg': 0.107, 'cls': 0.375, 'special': 0.0, 'embed': 0.073}
[g4_fold0] ep27 step41/249 loss=0.7655 {'ds': 0.419, 'seg': 0.696, 'cls': 0.269, 'special': 0.0, 'embed': 0.024}
[g4_fold0] ep27 step61/249 loss=0.1879 {'ds': 0.076, 'seg': 0.103, 'cls': 0.336, 'special': 0.0, 'embed': 0.012}
[g4_fold0] ep27 step81/249 loss=0.2768 {'ds': 0.113, 'seg': 0.15, 'cls': 0.473, 'special': 0.0, 'embed': 0.12}
[g4_fold0] ep27 step101/249 loss=0.2384 {'ds': 0.094, 'seg': 0.123, 'cls': 0.344, 'special': 0.0, 'embed': 0.399}
[g4_fold0] ep27 step121/249 loss=0.4510 {'ds': 0.27, 'seg': 0.366, 'cls': 0.34, 'special': 0.0, 'embed': 0.005}
[g4_fold0] ep27 step141/249 loss=0.6087 {'ds': 0.374, 'seg': 0.514, 'cls': 0.364, 'special': 0.0, 'embed': 0.044}
[g4_fold0] ep27 step161/249 loss=0.2390 {'ds': 0.122, 'seg': 0.158, 'cls': 0.306, 'special': 0.0, 'embed': 0.054}
[g4_fold0] ep27 step181/249 loss=0.5798 {'ds': 0.326, 'seg': 0.457, 'cls': 0.482, 'special': 0.0, 'embed': 0.029}
[g4_fold0] ep27 step201/249 loss=0.6876 {'ds': 0.27, 'seg': 0.387, 'cls': 1.056, 'special': 0.0, 'embed': 0.488}
[g4_fold0] ep27 step221/249 loss=0.3185 {'ds': 0.141, 'seg': 0.223, 'cls': 0.377, 'special': 0.0, 'embed': 0.016}
[g4_fold0] ep27 step241/249 loss=0.2636 {'ds': 0.139, 'seg': 0.179, 'cls': 0.256, 'special': 0.0, 'embed': 0.273}
[g4_fold0] epoch 27 loss=0.3859 dice_core=0.9096 dice_peri=0.9408 thr=[0.6, 0.45] (207s)
[g4_fold0] ep28 step21/249 loss=0.3880 {'ds': 0.234, 'seg': 0.314, 'cls': 0.272, 'special': 0.0, 'embed': 0.078}
[g4_fold0] ep28 step41/249 loss=0.8040 {'ds': 0.436, 'seg': 0.737, 'cls': 0.265, 'special': 0.0, 'embed': 0.013}
[g4_fold0] ep28 step61/249 loss=0.3699 {'ds': 0.17, 'seg': 0.25, 'cls': 0.478, 'special': 0.0, 'embed': 0.006}
[g4_fold0] ep28 step81/249 loss=0.8401 {'ds': 0.562, 'seg': 0.78, 'cls': 0.236, 'special': 0.0, 'embed': 0.009}
[g4_fold0] ep28 step101/249 loss=0.1992 {'ds': 0.087, 'seg': 0.113, 'cls': 0.329, 'special': 0.0, 'embed': 0.049}
[g4_fold0] ep28 step121/249 loss=0.2207 {'ds': 0.103, 'seg': 0.143, 'cls': 0.303, 'special': 0.0, 'embed': 0.027}
[g4_fold0] ep28 step141/249 loss=0.2584 {'ds': 0.107, 'seg': 0.143, 'cls': 0.457, 'special': 0.0, 'embed': 0.014}
[g4_fold0] ep28 step161/249 loss=0.3558 {'ds': 0.214, 'seg': 0.299, 'cls': 0.225, 'special': 0.0, 'embed': 0.012}
[g4_fold0] ep28 step181/249 loss=0.1850 {'ds': 0.096, 'seg': 0.115, 'cls': 0.271, 'special': 0.0, 'embed': 0.026}
[g4_fold0] ep28 step201/249 loss=0.3007 {'ds': 0.133, 'seg': 0.186, 'cls': 0.44, 'special': 0.0, 'embed': 0.063}
[g4_fold0] ep28 step221/249 loss=0.2520 {'ds': 0.123, 'seg': 0.164, 'cls': 0.351, 'special': 0.0, 'embed': 0.003}
[g4_fold0] ep28 step241/249 loss=0.2380 {'ds': 0.126, 'seg': 0.162, 'cls': 0.301, 'special': 0.0, 'embed': 0.012}
[g4_fold0] epoch 28 loss=0.3965 dice_core=0.9101 dice_peri=0.9410 thr=[0.6, 0.45] (204s)
[g4_fold0] ep29 step21/249 loss=0.8216 {'ds': 0.546, 'seg': 0.759, 'cls': 0.248, 'special': 0.0, 'embed': 0.006}
[g4_fold0] ep29 step41/249 loss=0.3572 {'ds': 0.153, 'seg': 0.221, 'cls': 0.541, 'special': 0.0, 'embed': 0.007}
[g4_fold0] ep29 step61/249 loss=0.2593 {'ds': 0.112, 'seg': 0.148, 'cls': 0.445, 'special': 0.0, 'embed': 0.004}
[g4_fold0] ep29 step81/249 loss=0.2038 {'ds': 0.083, 'seg': 0.107, 'cls': 0.387, 'special': 0.0, 'embed': 0.004}
[g4_fold0] ep29 step101/249 loss=0.4129 {'ds': 0.223, 'seg': 0.298, 'cls': 0.456, 'special': 0.0, 'embed': 0.01}
[g4_fold0] ep29 step121/249 loss=0.3361 {'ds': 0.194, 'seg': 0.265, 'cls': 0.265, 'special': 0.0, 'embed': 0.06}
[g4_fold0] ep29 step141/249 loss=0.1854 {'ds': 0.093, 'seg': 0.126, 'cls': 0.237, 'special': 0.0, 'embed': 0.006}
[g4_fold0] ep29 step161/249 loss=0.2024 {'ds': 0.065, 'seg': 0.104, 'cls': 0.394, 'special': 0.0, 'embed': 0.004}
[g4_fold0] ep29 step181/249 loss=0.5674 {'ds': 0.224, 'seg': 0.449, 'cls': 0.471, 'special': 0.0, 'embed': 0.011}
[g4_fold0] ep29 step201/249 loss=0.1802 {'ds': 0.066, 'seg': 0.089, 'cls': 0.359, 'special': 0.0, 'embed': 0.019}
[g4_fold0] ep29 step221/249 loss=0.2773 {'ds': 0.131, 'seg': 0.185, 'cls': 0.36, 'special': 0.0, 'embed': 0.025}
[g4_fold0] ep29 step241/249 loss=0.4055 {'ds': 0.248, 'seg': 0.321, 'cls': 0.336, 'special': 0.0, 'embed': 0.006}
[g4_fold0] epoch 29 loss=0.3780 dice_core=0.9104 dice_peri=0.9413 thr=[0.55, 0.4] (199s)
[g4_fold0] ep30 step21/249 loss=0.1563 {'ds': 0.067, 'seg': 0.087, 'cls': 0.274, 'special': 0.0, 'embed': 0.004}
[g4_fold0] ep30 step41/249 loss=0.2705 {'ds': 0.184, 'seg': 0.189, 'cls': 0.324, 'special': 0.0, 'embed': 0.007}
[g4_fold0] ep30 step61/249 loss=0.4122 {'ds': 0.214, 'seg': 0.269, 'cls': 0.555, 'special': 0.0, 'embed': 0.059}
[g4_fold0] ep30 step81/249 loss=0.2109 {'ds': 0.105, 'seg': 0.145, 'cls': 0.258, 'special': 0.0, 'embed': 0.012}
[g4_fold0] ep30 step101/249 loss=0.5745 {'ds': 0.292, 'seg': 0.424, 'cls': 0.599, 'special': 0.0, 'embed': 0.003}
[g4_fold0] ep30 step121/249 loss=0.2602 {'ds': 0.183, 'seg': 0.165, 'cls': 0.378, 'special': 0.0, 'embed': 0.005}
[g4_fold0] ep30 step141/249 loss=0.2732 {'ds': 0.135, 'seg': 0.187, 'cls': 0.344, 'special': 0.0, 'embed': 0.007}
[g4_fold0] ep30 step161/249 loss=0.2912 {'ds': 0.156, 'seg': 0.212, 'cls': 0.309, 'special': 0.0, 'embed': 0.024}
[g4_fold0] ep30 step181/249 loss=0.7632 {'ds': 0.414, 'seg': 0.698, 'cls': 0.259, 'special': 0.0, 'embed': 0.003}
[g4_fold0] ep30 step201/249 loss=1.1725 {'ds': 0.778, 'seg': 1.095, 'cls': 0.311, 'special': 0.0, 'embed': 0.003}
[g4_fold0] ep30 step221/249 loss=0.2251 {'ds': 0.089, 'seg': 0.117, 'cls': 0.431, 'special': 0.0, 'embed': 0.0}
[g4_fold0] ep30 step241/249 loss=0.4204 {'ds': 0.168, 'seg': 0.359, 'cls': 0.242, 'special': 0.0, 'embed': 0.005}
[g4_fold0] epoch 30 loss=0.3822 dice_core=0.9108 dice_peri=0.9416 thr=[0.55, 0.4] (192s)
[g4_fold0] ep31 step21/249 loss=0.8745 {'ds': 0.431, 'seg': 0.74, 'cls': 0.526, 'special': 0.0, 'embed': 0.034}
[g4_fold0] ep31 step41/249 loss=0.2716 {'ds': 0.141, 'seg': 0.189, 'cls': 0.322, 'special': 0.0, 'embed': 0.022}
[g4_fold0] ep31 step61/249 loss=0.7860 {'ds': 0.412, 'seg': 0.699, 'cls': 0.345, 'special': 0.0, 'embed': 0.011}
[g4_fold0] ep31 step81/249 loss=0.3005 {'ds': 0.157, 'seg': 0.222, 'cls': 0.314, 'special': 0.0, 'embed': 0.004}
[g4_fold0] ep31 step101/249 loss=0.8141 {'ds': 0.431, 'seg': 0.722, 'cls': 0.367, 'special': 0.0, 'embed': 0.008}
[g4_fold0] ep31 step121/249 loss=0.2306 {'ds': 0.129, 'seg': 0.175, 'cls': 0.221, 'special': 0.0, 'embed': 0.004}
[g4_fold0] ep31 step141/249 loss=0.2385 {'ds': 0.126, 'seg': 0.166, 'cls': 0.29, 'special': 0.0, 'embed': 0.002}
[g4_fold0] ep31 step161/249 loss=0.2161 {'ds': 0.081, 'seg': 0.105, 'cls': 0.442, 'special': 0.0, 'embed': 0.003}
[g4_fold0] ep31 step181/249 loss=0.8782 {'ds': 0.489, 'seg': 0.797, 'cls': 0.322, 'special': 0.0, 'embed': 0.008}
[g4_fold0] ep31 step201/249 loss=0.3233 {'ds': 0.149, 'seg': 0.214, 'cls': 0.427, 'special': 0.0, 'embed': 0.038}
[g4_fold0] ep31 step221/249 loss=0.3803 {'ds': 0.244, 'seg': 0.317, 'cls': 0.252, 'special': 0.001, 'embed': 0.005}
[g4_fold0] ep31 step241/249 loss=0.7613 {'ds': 0.417, 'seg': 0.702, 'cls': 0.235, 'special': 0.0, 'embed': 0.005}
[g4_fold0] epoch 31 loss=0.3822 dice_core=0.9110 dice_peri=0.9419 thr=[0.55, 0.4] (209s)
[g4_fold0] ep32 step21/249 loss=0.1996 {'ds': 0.131, 'seg': 0.14, 'cls': 0.234, 'special': 0.0, 'embed': 0.017}
[g4_fold0] ep32 step41/249 loss=0.8217 {'ds': 0.422, 'seg': 0.713, 'cls': 0.434, 'special': 0.0, 'embed': 0.004}
[g4_fold0] ep32 step61/249 loss=0.2219 {'ds': 0.094, 'seg': 0.12, 'cls': 0.405, 'special': 0.0, 'embed': 0.009}
[g4_fold0] ep32 step81/249 loss=0.3653 {'ds': 0.196, 'seg': 0.255, 'cls': 0.438, 'special': 0.0, 'embed': 0.006}
[g4_fold0] ep32 step101/249 loss=0.2575 {'ds': 0.117, 'seg': 0.149, 'cls': 0.435, 'special': 0.0, 'embed': 0.0}
[g4_fold0] ep32 step121/249 loss=0.2123 {'ds': 0.104, 'seg': 0.136, 'cls': 0.305, 'special': 0.0, 'embed': 0.004}
[g4_fold0] ep32 step141/249 loss=0.2946 {'ds': 0.092, 'seg': 0.114, 'cls': 0.37, 'special': 0.0, 'embed': 1.18}
[g4_fold0] ep32 step161/249 loss=0.6367 {'ds': 0.326, 'seg': 0.558, 'cls': 0.314, 'special': 0.0, 'embed': 0.007}
[g4_fold0] ep32 step181/249 loss=0.5673 {'ds': 0.392, 'seg': 0.507, 'cls': 0.233, 'special': 0.0, 'embed': 0.025}
[g4_fold0] ep32 step201/249 loss=0.2624 {'ds': 0.136, 'seg': 0.17, 'cls': 0.367, 'special': 0.0, 'embed': 0.004}
[g4_fold0] ep32 step221/249 loss=0.6055 {'ds': 0.367, 'seg': 0.514, 'cls': 0.304, 'special': 0.0, 'embed': 0.207}
[g4_fold0] ep32 step241/249 loss=0.1844 {'ds': 0.078, 'seg': 0.103, 'cls': 0.318, 'special': 0.0, 'embed': 0.019}
[g4_fold0] epoch 32 loss=0.3761 dice_core=0.9116 dice_peri=0.9422 thr=[0.55, 0.4] (217s)
[g4_fold0] ep33 step21/249 loss=0.2612 {'ds': 0.145, 'seg': 0.203, 'cls': 0.233, 'special': 0.0, 'embed': 0.002}
[g4_fold0] ep33 step41/249 loss=0.2716 {'ds': 0.148, 'seg': 0.195, 'cls': 0.307, 'special': 0.0, 'embed': 0.0}
[g4_fold0] ep33 step61/249 loss=0.2312 {'ds': 0.098, 'seg': 0.129, 'cls': 0.406, 'special': 0.0, 'embed': 0.014}
[g4_fold0] ep33 step81/249 loss=0.8451 {'ds': 0.426, 'seg': 0.726, 'cls': 0.464, 'special': 0.0, 'embed': 0.043}
[g4_fold0] ep33 step101/249 loss=0.8266 {'ds': 0.448, 'seg': 0.743, 'cls': 0.333, 'special': 0.0, 'embed': 0.002}
[g4_fold0] ep33 step121/249 loss=0.9726 {'ds': 0.531, 'seg': 0.881, 'cls': 0.363, 'special': 0.0, 'embed': 0.007}
[g4_fold0] ep33 step141/249 loss=0.4856 {'ds': 0.27, 'seg': 0.369, 'cls': 0.463, 'special': 0.0, 'embed': 0.006}
[g4_fold0] ep33 step161/249 loss=0.4288 {'ds': 0.209, 'seg': 0.284, 'cls': 0.575, 'special': 0.0, 'embed': 0.008}
[g4_fold0] ep33 step181/249 loss=0.4739 {'ds': 0.19, 'seg': 0.269, 'cls': 0.808, 'special': 0.0, 'embed': 0.035}
[g4_fold0] ep33 step201/249 loss=0.6404 {'ds': 0.317, 'seg': 0.436, 'cls': 0.814, 'special': 0.002, 'embed': 0.002}
[g4_fold0] ep33 step221/249 loss=0.4371 {'ds': 0.18, 'seg': 0.235, 'cls': 0.523, 'special': 0.0, 'embed': 0.948}
[g4_fold0] ep33 step241/249 loss=0.3135 {'ds': 0.138, 'seg': 0.188, 'cls': 0.497, 'special': 0.0, 'embed': 0.021}
[g4_fold0] epoch 33 loss=0.3980 dice_core=0.9118 dice_peri=0.9422 thr=[0.55, 0.4] (205s)
[g4_fold0] ep34 step21/249 loss=0.3892 {'ds': 0.194, 'seg': 0.284, 'cls': 0.395, 'special': 0.0, 'embed': 0.087}
[g4_fold0] ep34 step41/249 loss=0.4279 {'ds': 0.173, 'seg': 0.231, 'cls': 0.591, 'special': 0.0, 'embed': 0.651}
[g4_fold0] ep34 step61/249 loss=0.2844 {'ds': 0.177, 'seg': 0.232, 'cls': 0.209, 'special': 0.0, 'embed': 0.006}
[g4_fold0] ep34 step81/249 loss=0.1703 {'ds': 0.069, 'seg': 0.081, 'cls': 0.255, 'special': 0.0, 'embed': 0.347}
[g4_fold0] ep34 step101/249 loss=0.2842 {'ds': 0.154, 'seg': 0.206, 'cls': 0.307, 'special': 0.0, 'embed': 0.015}
[g4_fold0] ep34 step121/249 loss=0.1994 {'ds': 0.089, 'seg': 0.121, 'cls': 0.309, 'special': 0.0, 'embed': 0.013}
[g4_fold0] ep34 step141/249 loss=0.8158 {'ds': 0.417, 'seg': 0.704, 'cls': 0.44, 'special': 0.0, 'embed': 0.024}
[g4_fold0] ep34 step161/249 loss=0.2241 {'ds': 0.087, 'seg': 0.118, 'cls': 0.421, 'special': 0.0, 'embed': 0.017}
[g4_fold0] ep34 step181/249 loss=0.6822 {'ds': 0.36, 'seg': 0.611, 'cls': 0.286, 'special': 0.0, 'embed': 0.001}
[g4_fold0] ep34 step201/249 loss=0.1920 {'ds': 0.086, 'seg': 0.121, 'cls': 0.276, 'special': 0.0, 'embed': 0.029}
[g4_fold0] ep34 step221/249 loss=0.2324 {'ds': 0.095, 'seg': 0.13, 'cls': 0.395, 'special': 0.0, 'embed': 0.043}
[g4_fold0] ep34 step241/249 loss=0.2563 {'ds': 0.133, 'seg': 0.176, 'cls': 0.318, 'special': 0.0, 'embed': 0.014}
[g4_fold0] epoch 34 loss=0.3769 dice_core=0.9122 dice_peri=0.9423 thr=[0.55, 0.4] (201s)
[g4_fold0] ep35 step21/249 loss=0.7198 {'ds': 0.412, 'seg': 0.576, 'cls': 0.572, 'special': 0.0, 'embed': 0.012}
[g4_fold0] ep35 step41/249 loss=0.2619 {'ds': 0.115, 'seg': 0.158, 'cls': 0.398, 'special': 0.0, 'embed': 0.062}
[g4_fold0] ep35 step61/249 loss=0.2238 {'ds': 0.105, 'seg': 0.142, 'cls': 0.323, 'special': 0.0, 'embed': 0.018}
[g4_fold0] ep35 step81/249 loss=0.1524 {'ds': 0.065, 'seg': 0.08, 'cls': 0.28, 'special': 0.0, 'embed': 0.032}
[g4_fold0] ep35 step101/249 loss=0.4462 {'ds': 0.299, 'seg': 0.387, 'cls': 0.232, 'special': 0.0, 'embed': 0.018}
[g4_fold0] ep35 step121/249 loss=0.2630 {'ds': 0.129, 'seg': 0.174, 'cls': 0.355, 'special': 0.0, 'embed': 0.007}
[g4_fold0] ep35 step141/249 loss=0.1723 {'ds': 0.103, 'seg': 0.134, 'cls': 0.149, 'special': 0.0, 'embed': 0.01}
[g4_fold0] ep35 step161/249 loss=0.2741 {'ds': 0.139, 'seg': 0.186, 'cls': 0.348, 'special': 0.0, 'embed': 0.015}
[g4_fold0] ep35 step181/249 loss=0.8560 {'ds': 0.451, 'seg': 0.762, 'cls': 0.372, 'special': 0.0, 'embed': 0.011}
[g4_fold0] ep35 step201/249 loss=0.2176 {'ds': 0.107, 'seg': 0.144, 'cls': 0.295, 'special': 0.0, 'embed': 0.001}
[g4_fold0] ep35 step221/249 loss=0.2674 {'ds': 0.142, 'seg': 0.199, 'cls': 0.268, 'special': 0.0, 'embed': 0.014}
[g4_fold0] ep35 step241/249 loss=0.6035 {'ds': 0.342, 'seg': 0.472, 'cls': 0.476, 'special': 0.005, 'embed': 0.145}
[g4_fold0] epoch 35 loss=0.3633 dice_core=0.9127 dice_peri=0.9425 thr=[0.6, 0.45] (199s)
[g4_fold0] ep36 step21/249 loss=0.2318 {'ds': 0.096, 'seg': 0.133, 'cls': 0.389, 'special': 0.0, 'embed': 0.016}
[g4_fold0] ep36 step41/249 loss=0.2495 {'ds': 0.13, 'seg': 0.177, 'cls': 0.289, 'special': 0.0, 'embed': 0.003}
[g4_fold0] ep36 step61/249 loss=0.7950 {'ds': 0.428, 'seg': 0.72, 'cls': 0.299, 'special': 0.0, 'embed': 0.001}
[g4_fold0] ep36 step81/249 loss=0.1769 {'ds': 0.091, 'seg': 0.124, 'cls': 0.209, 'special': 0.0, 'embed': 0.011}
[g4_fold0] ep36 step101/249 loss=0.2282 {'ds': 0.102, 'seg': 0.139, 'cls': 0.349, 'special': 0.001, 'embed': 0.02}
[g4_fold0] ep36 step121/249 loss=0.2379 {'ds': 0.121, 'seg': 0.168, 'cls': 0.276, 'special': 0.0, 'embed': 0.009}
[g4_fold0] ep36 step141/249 loss=0.2863 {'ds': 0.139, 'seg': 0.182, 'cls': 0.416, 'special': 0.0, 'embed': 0.002}
[g4_fold0] ep36 step161/249 loss=0.5445 {'ds': 0.324, 'seg': 0.437, 'cls': 0.374, 'special': 0.0, 'embed': 0.192}
[g4_fold0] ep36 step181/249 loss=0.2859 {'ds': 0.16, 'seg': 0.204, 'cls': 0.323, 'special': 0.0, 'embed': 0.014}
[g4_fold0] ep36 step201/249 loss=0.3849 {'ds': 0.164, 'seg': 0.234, 'cls': 0.583, 'special': 0.014, 'embed': 0.026}
[g4_fold0] ep36 step221/249 loss=0.5008 {'ds': 0.303, 'seg': 0.39, 'cls': 0.439, 'special': 0.0, 'embed': 0.006}
[g4_fold0] ep36 step241/249 loss=0.2326 {'ds': 0.12, 'seg': 0.165, 'cls': 0.267, 'special': 0.0, 'embed': 0.014}
[g4_fold0] epoch 36 loss=0.3444 dice_core=0.9132 dice_peri=0.9427 thr=[0.6, 0.45] (193s)
[g4_fold0] ep37 step21/249 loss=0.7905 {'ds': 0.42, 'seg': 0.71, 'cls': 0.309, 'special': 0.012, 'embed': 0.01}
[g4_fold0] ep37 step41/249 loss=0.1809 {'ds': 0.084, 'seg': 0.105, 'cls': 0.282, 'special': 0.0, 'embed': 0.069}
[g4_fold0] ep37 step61/249 loss=0.2615 {'ds': 0.139, 'seg': 0.182, 'cls': 0.318, 'special': 0.0, 'embed': 0.005}
[g4_fold0] ep37 step81/249 loss=0.6457 {'ds': 0.381, 'seg': 0.509, 'cls': 0.546, 'special': 0.0, 'embed': 0.007}
[g4_fold0] ep37 step101/249 loss=0.4311 {'ds': 0.243, 'seg': 0.354, 'cls': 0.306, 'special': 0.001, 'embed': 0.007}
[g4_fold0] ep37 step121/249 loss=1.0077 {'ds': 0.578, 'seg': 0.912, 'cls': 0.371, 'special': 0.0, 'embed': 0.042}
[g4_fold0] ep37 step141/249 loss=0.2558 {'ds': 0.115, 'seg': 0.162, 'cls': 0.371, 'special': 0.0, 'embed': 0.009}
[g4_fold0] ep37 step161/249 loss=0.1659 {'ds': 0.092, 'seg': 0.115, 'cls': 0.199, 'special': 0.0, 'embed': 0.014}
[g4_fold0] ep37 step181/249 loss=0.5454 {'ds': 0.295, 'seg': 0.407, 'cls': 0.551, 'special': 0.0, 'embed': 0.009}
[g4_fold0] ep37 step201/249 loss=0.3752 {'ds': 0.217, 'seg': 0.29, 'cls': 0.338, 'special': 0.0, 'embed': 0.01}
[g4_fold0] ep37 step221/249 loss=0.1922 {'ds': 0.098, 'seg': 0.134, 'cls': 0.232, 'special': 0.0, 'embed': 0.004}
[g4_fold0] ep37 step241/249 loss=0.8047 {'ds': 0.423, 'seg': 0.717, 'cls': 0.351, 'special': 0.0, 'embed': 0.001}
[g4_fold0] epoch 37 loss=0.3432 dice_core=0.9137 dice_peri=0.9430 thr=[0.6, 0.4] (220s)
[g4_fold0] ep38 step21/249 loss=0.5858 {'ds': 0.268, 'seg': 0.506, 'cls': 0.317, 'special': 0.0, 'embed': 0.004}
[g4_fold0] ep38 step41/249 loss=0.4728 {'ds': 0.275, 'seg': 0.404, 'cls': 0.275, 'special': 0.0, 'embed': 0.007}
[g4_fold0] ep38 step61/249 loss=0.7929 {'ds': 0.416, 'seg': 0.712, 'cls': 0.314, 'special': 0.0, 'embed': 0.036}
[g4_fold0] ep38 step81/249 loss=0.2121 {'ds': 0.104, 'seg': 0.147, 'cls': 0.257, 'special': 0.0, 'embed': 0.006}
[g4_fold0] ep38 step101/249 loss=0.8083 {'ds': 0.44, 'seg': 0.739, 'cls': 0.27, 'special': 0.0, 'embed': 0.019}
[g4_fold0] ep38 step121/249 loss=0.6121 {'ds': 0.233, 'seg': 0.45, 'cls': 0.646, 'special': 0.0, 'embed': 0.004}
[g4_fold0] ep38 step141/249 loss=0.8720 {'ds': 0.511, 'seg': 0.811, 'cls': 0.239, 'special': 0.0, 'embed': 0.009}
[g4_fold0] ep38 step161/249 loss=0.2715 {'ds': 0.118, 'seg': 0.156, 'cls': 0.46, 'special': 0.0, 'embed': 0.012}
[g4_fold0] ep38 step181/249 loss=0.1712 {'ds': 0.07, 'seg': 0.097, 'cls': 0.298, 'special': 0.0, 'embed': 0.002}
[g4_fold0] ep38 step201/249 loss=0.2577 {'ds': 0.113, 'seg': 0.165, 'cls': 0.371, 'special': 0.0, 'embed': 0.001}
[g4_fold0] ep38 step221/249 loss=0.3455 {'ds': 0.188, 'seg': 0.282, 'cls': 0.253, 'special': 0.0, 'embed': 0.0}
[g4_fold0] ep38 step241/249 loss=0.5031 {'ds': 0.377, 'seg': 0.413, 'cls': 0.36, 'special': 0.0, 'embed': 0.003}
[g4_fold0] epoch 38 loss=0.3677 dice_core=0.9143 dice_peri=0.9433 thr=[0.6, 0.45] (196s)
[g4_fold0] ep39 step21/249 loss=0.3131 {'ds': 0.173, 'seg': 0.242, 'cls': 0.278, 'special': 0.002, 'embed': 0.01}
[g4_fold0] ep39 step41/249 loss=0.2734 {'ds': 0.112, 'seg': 0.163, 'cls': 0.438, 'special': 0.0, 'embed': 0.005}
[g4_fold0] ep39 step61/249 loss=0.2618 {'ds': 0.103, 'seg': 0.134, 'cls': 0.512, 'special': 0.0, 'embed': 0.002}
[g4_fold0] ep39 step81/249 loss=0.1251 {'ds': 0.062, 'seg': 0.074, 'cls': 0.203, 'special': 0.0, 'embed': 0.005}
[g4_fold0] ep39 step101/249 loss=0.2823 {'ds': 0.134, 'seg': 0.186, 'cls': 0.383, 'special': 0.0, 'embed': 0.009}
[g4_fold0] ep39 step121/249 loss=0.6459 {'ds': 0.312, 'seg': 0.436, 'cls': 0.841, 'special': 0.0, 'embed': 0.001}
[g4_fold0] ep39 step141/249 loss=0.3689 {'ds': 0.205, 'seg': 0.292, 'cls': 0.307, 'special': 0.0, 'embed': 0.002}
[g4_fold0] ep39 step161/249 loss=0.7535 {'ds': 0.42, 'seg': 0.71, 'cls': 0.172, 'special': 0.0, 'embed': 0.001}
[g4_fold0] ep39 step181/249 loss=0.2777 {'ds': 0.147, 'seg': 0.205, 'cls': 0.29, 'special': 0.0, 'embed': 0.003}
[g4_fold0] ep39 step201/249 loss=0.4975 {'ds': 0.296, 'seg': 0.406, 'cls': 0.351, 'special': 0.0, 'embed': 0.051}
[g4_fold0] ep39 step221/249 loss=0.2412 {'ds': 0.114, 'seg': 0.153, 'cls': 0.349, 'special': 0.0, 'embed': 0.005}
[g4_fold0] ep39 step241/249 loss=0.3465 {'ds': 0.159, 'seg': 0.231, 'cls': 0.46, 'special': 0.0, 'embed': 0.002}
[g4_fold0] epoch 39 loss=0.3654 dice_core=0.9147 dice_peri=0.9438 thr=[0.6, 0.45] (212s)
[g4_fold0] ep40 step21/249 loss=0.3517 {'ds': 0.19, 'seg': 0.248, 'cls': 0.413, 'special': 0.0, 'embed': 0.006}
[g4_fold0] ep40 step41/249 loss=0.1820 {'ds': 0.095, 'seg': 0.138, 'cls': 0.174, 'special': 0.0, 'embed': 0.006}
[g4_fold0] ep40 step61/249 loss=0.5770 {'ds': 0.223, 'seg': 0.406, 'cls': 0.685, 'special': 0.0, 'embed': 0.001}
[g4_fold0] ep40 step81/249 loss=0.8336 {'ds': 0.427, 'seg': 0.718, 'cls': 0.461, 'special': 0.0, 'embed': 0.002}
[g4_fold0] ep40 step101/249 loss=0.2378 {'ds': 0.11, 'seg': 0.152, 'cls': 0.342, 'special': 0.0, 'embed': 0.001}
[g4_fold0] ep40 step121/249 loss=0.3290 {'ds': 0.174, 'seg': 0.26, 'cls': 0.275, 'special': 0.0, 'embed': 0.002}
[g4_fold0] ep40 step141/249 loss=0.1646 {'ds': 0.077, 'seg': 0.108, 'cls': 0.206, 'special': 0.001, 'embed': 0.058}
[g4_fold0] ep40 step161/249 loss=0.8204 {'ds': 0.419, 'seg': 0.711, 'cls': 0.433, 'special': 0.0, 'embed': 0.011}
[g4_fold0] ep40 step181/249 loss=0.1791 {'ds': 0.083, 'seg': 0.109, 'cls': 0.281, 'special': 0.0, 'embed': 0.002}
[g4_fold0] ep40 step201/249 loss=0.7954 {'ds': 0.412, 'seg': 0.695, 'cls': 0.399, 'special': 0.0, 'embed': 0.003}
[g4_fold0] ep40 step221/249 loss=0.2592 {'ds': 0.15, 'seg': 0.204, 'cls': 0.216, 'special': 0.0, 'embed': 0.024}
[g4_fold0] ep40 step241/249 loss=0.3949 {'ds': 0.223, 'seg': 0.303, 'cls': 0.359, 'special': 0.0, 'embed': 0.024}
[g4_fold0] epoch 40 loss=0.3672 dice_core=0.9152 dice_peri=0.9440 thr=[0.55, 0.45] (207s)
[g4_fold0] ep41 step21/249 loss=0.3605 {'ds': 0.175, 'seg': 0.269, 'cls': 0.366, 'special': 0.0, 'embed': 0.001}
[g4_fold0] ep41 step41/249 loss=0.2340 {'ds': 0.089, 'seg': 0.113, 'cls': 0.485, 'special': 0.0, 'embed': 0.0}
[g4_fold0] ep41 step61/249 loss=0.2379 {'ds': 0.12, 'seg': 0.168, 'cls': 0.28, 'special': 0.0, 'embed': 0.004}
[g4_fold0] ep41 step81/249 loss=0.2002 {'ds': 0.104, 'seg': 0.141, 'cls': 0.22, 'special': 0.0, 'embed': 0.056}
[g4_fold0] ep41 step101/249 loss=0.2360 {'ds': 0.116, 'seg': 0.165, 'cls': 0.279, 'special': 0.0, 'embed': 0.008}
[g4_fold0] ep41 step121/249 loss=0.1336 {'ds': 0.054, 'seg': 0.07, 'cls': 0.253, 'special': 0.0, 'embed': 0.003}
[g4_fold0] ep41 step141/249 loss=0.7790 {'ds': 0.435, 'seg': 0.729, 'cls': 0.199, 'special': 0.0, 'embed': 0.008}
[g4_fold0] ep41 step161/249 loss=0.8279 {'ds': 0.421, 'seg': 0.708, 'cls': 0.469, 'special': 0.0, 'embed': 0.033}
[g4_fold0] ep41 step181/249 loss=0.1764 {'ds': 0.092, 'seg': 0.119, 'cls': 0.227, 'special': 0.0, 'embed': 0.005}
[g4_fold0] ep41 step201/249 loss=0.1357 {'ds': 0.058, 'seg': 0.076, 'cls': 0.236, 'special': 0.0, 'embed': 0.008}
[g4_fold0] ep41 step221/249 loss=0.2134 {'ds': 0.116, 'seg': 0.152, 'cls': 0.244, 'special': 0.0, 'embed': 0.005}
[g4_fold0] ep41 step241/249 loss=0.2627 {'ds': 0.162, 'seg': 0.208, 'cls': 0.216, 'special': 0.0, 'embed': 0.002}
[g4_fold0] epoch 41 loss=0.3620 dice_core=0.9157 dice_peri=0.9440 thr=[0.6, 0.45] (209s)
[g4_fold0] ep42 step21/249 loss=0.4484 {'ds': 0.222, 'seg': 0.285, 'cls': 0.645, 'special': 0.0, 'embed': 0.031}
[g4_fold0] ep42 step41/249 loss=1.2558 {'ds': 0.547, 'seg': 1.014, 'cls': 0.964, 'special': 0.0, 'embed': 0.012}
[g4_fold0] ep42 step61/249 loss=0.2065 {'ds': 0.08, 'seg': 0.106, 'cls': 0.403, 'special': 0.0, 'embed': 0.001}
[g4_fold0] ep42 step81/249 loss=0.1967 {'ds': 0.096, 'seg': 0.127, 'cls': 0.277, 'special': 0.0, 'embed': 0.004}
[g4_fold0] ep42 step101/249 loss=0.2237 {'ds': 0.094, 'seg': 0.131, 'cls': 0.357, 'special': 0.0, 'embed': 0.041}
[g4_fold0] ep42 step121/249 loss=0.3473 {'ds': 0.189, 'seg': 0.252, 'cls': 0.378, 'special': 0.0, 'embed': 0.003}
[g4_fold0] ep42 step141/249 loss=0.1938 {'ds': 0.11, 'seg': 0.145, 'cls': 0.191, 'special': 0.0, 'embed': 0.009}
[g4_fold0] ep42 step161/249 loss=0.8183 {'ds': 0.435, 'seg': 0.737, 'cls': 0.324, 'special': 0.0, 'embed': 0.003}
[g4_fold0] ep42 step181/249 loss=0.2417 {'ds': 0.131, 'seg': 0.187, 'cls': 0.22, 'special': 0.0, 'embed': 0.003}
[g4_fold0] ep42 step201/249 loss=0.9031 {'ds': 0.588, 'seg': 0.828, 'cls': 0.296, 'special': 0.0, 'embed': 0.01}
[g4_fold0] ep42 step221/249 loss=0.2022 {'ds': 0.08, 'seg': 0.106, 'cls': 0.386, 'special': 0.0, 'embed': 0.002}
[g4_fold0] ep42 step241/249 loss=0.8370 {'ds': 0.472, 'seg': 0.782, 'cls': 0.219, 'special': 0.0, 'embed': 0.001}
[g4_fold0] epoch 42 loss=0.3518 dice_core=0.9161 dice_peri=0.9443 thr=[0.6, 0.45] (204s)
[g4_fold0] ep43 step21/249 loss=0.1983 {'ds': 0.094, 'seg': 0.137, 'cls': 0.246, 'special': 0.0, 'embed': 0.004}
[g4_fold0] ep43 step41/249 loss=0.3497 {'ds': 0.205, 'seg': 0.26, 'cls': 0.355, 'special': 0.0, 'embed': 0.018}
[g4_fold0] ep43 step61/249 loss=0.2344 {'ds': 0.129, 'seg': 0.178, 'cls': 0.222, 'special': 0.0, 'embed': 0.008}
[g4_fold0] ep43 step81/249 loss=0.5322 {'ds': 0.165, 'seg': 0.227, 'cls': 1.219, 'special': 0.0, 'embed': 0.008}
[g4_fold0] ep43 step101/249 loss=0.8885 {'ds': 0.49, 'seg': 0.798, 'cls': 0.362, 'special': 0.0, 'embed': 0.004}
[g4_fold0] ep43 step121/249 loss=0.6174 {'ds': 0.287, 'seg': 0.521, 'cls': 0.384, 'special': 0.0, 'embed': 0.001}
[g4_fold0] ep43 step141/249 loss=0.3200 {'ds': 0.145, 'seg': 0.185, 'cls': 0.537, 'special': 0.0, 'embed': 0.005}
[g4_fold0] ep43 step161/249 loss=1.1279 {'ds': 0.661, 'seg': 1.007, 'cls': 0.471, 'special': 0.0, 'embed': 0.037}
[g4_fold0] ep43 step181/249 loss=0.4937 {'ds': 0.2, 'seg': 0.408, 'cls': 0.343, 'special': 0.0, 'embed': 0.002}
[g4_fold0] ep43 step201/249 loss=0.7946 {'ds': 0.429, 'seg': 0.728, 'cls': 0.266, 'special': 0.0, 'embed': 0.003}
[g4_fold0] ep43 step221/249 loss=0.2765 {'ds': 0.136, 'seg': 0.188, 'cls': 0.354, 'special': 0.0, 'embed': 0.003}
[g4_fold0] ep43 step241/249 loss=0.8366 {'ds': 0.435, 'seg': 0.739, 'cls': 0.386, 'special': 0.0, 'embed': 0.008}
[g4_fold0] epoch 43 loss=0.3654 dice_core=0.9163 dice_peri=0.9444 thr=[0.6, 0.45] (210s)
[g4_fold0] ep44 step21/249 loss=0.2903 {'ds': 0.15, 'seg': 0.21, 'cls': 0.318, 'special': 0.0, 'embed': 0.014}
[g4_fold0] ep44 step41/249 loss=0.2051 {'ds': 0.101, 'seg': 0.14, 'cls': 0.261, 'special': 0.0, 'embed': 0.001}
[g4_fold0] ep44 step61/249 loss=0.1963 {'ds': 0.087, 'seg': 0.116, 'cls': 0.304, 'special': 0.0, 'embed': 0.059}
[g4_fold0] ep44 step81/249 loss=0.2156 {'ds': 0.093, 'seg': 0.125, 'cls': 0.358, 'special': 0.0, 'embed': 0.014}
[g4_fold0] ep44 step101/249 loss=0.2787 {'ds': 0.147, 'seg': 0.209, 'cls': 0.278, 'special': 0.0, 'embed': 0.006}
[g4_fold0] ep44 step121/249 loss=0.2520 {'ds': 0.122, 'seg': 0.17, 'cls': 0.326, 'special': 0.0, 'embed': 0.006}
[g4_fold0] ep44 step141/249 loss=0.5634 {'ds': 0.382, 'seg': 0.512, 'cls': 0.204, 'special': 0.0, 'embed': 0.001}
[g4_fold0] ep44 step161/249 loss=0.3854 {'ds': 0.219, 'seg': 0.306, 'cls': 0.315, 'special': 0.0, 'embed': 0.004}
[g4_fold0] ep44 step181/249 loss=0.8709 {'ds': 0.478, 'seg': 0.792, 'cls': 0.31, 'special': 0.0, 'embed': 0.02}
[g4_fold0] ep44 step201/249 loss=0.3271 {'ds': 0.18, 'seg': 0.244, 'cls': 0.327, 'special': 0.0, 'embed': 0.016}
[g4_fold0] ep44 step221/249 loss=0.8502 {'ds': 0.435, 'seg': 0.728, 'cls': 0.485, 'special': 0.0, 'embed': 0.011}
[g4_fold0] ep44 step241/249 loss=0.8000 {'ds': 0.403, 'seg': 0.686, 'cls': 0.454, 'special': 0.0, 'embed': 0.001}
[g4_fold0] epoch 44 loss=0.3417 dice_core=0.9166 dice_peri=0.9444 thr=[0.55, 0.45] (209s)
[g4_fold0] ep45 step21/249 loss=0.1436 {'ds': 0.058, 'seg': 0.067, 'cls': 0.303, 'special': 0.0, 'embed': 0.007}
[g4_fold0] ep45 step41/249 loss=0.3735 {'ds': 0.156, 'seg': 0.256, 'cls': 0.469, 'special': 0.0, 'embed': 0.002}
[g4_fold0] ep45 step61/249 loss=0.2313 {'ds': 0.119, 'seg': 0.161, 'cls': 0.281, 'special': 0.0, 'embed': 0.003}
[g4_fold0] ep45 step81/249 loss=0.3573 {'ds': 0.224, 'seg': 0.291, 'cls': 0.264, 'special': 0.0, 'embed': 0.002}
[g4_fold0] ep45 step101/249 loss=0.3046 {'ds': 0.121, 'seg': 0.161, 'cls': 0.573, 'special': 0.0, 'embed': 0.007}
[g4_fold0] ep45 step121/249 loss=0.8360 {'ds': 0.448, 'seg': 0.751, 'cls': 0.335, 'special': 0.0, 'embed': 0.014}
[g4_fold0] ep45 step141/249 loss=0.2794 {'ds': 0.134, 'seg': 0.178, 'cls': 0.397, 'special': 0.0, 'embed': 0.027}
[g4_fold0] ep45 step161/249 loss=0.2960 {'ds': 0.16, 'seg': 0.226, 'cls': 0.275, 'special': 0.0, 'embed': 0.016}
[g4_fold0] ep45 step181/249 loss=0.8258 {'ds': 0.448, 'seg': 0.761, 'cls': 0.26, 'special': 0.001, 'embed': 0.001}
[g4_fold0] ep45 step201/249 loss=0.8557 {'ds': 0.455, 'seg': 0.754, 'cls': 0.405, 'special': 0.0, 'embed': 0.003}
[g4_fold0] ep45 step221/249 loss=0.4452 {'ds': 0.166, 'seg': 0.349, 'cls': 0.38, 'special': 0.0, 'embed': 0.017}
[g4_fold0] ep45 step241/249 loss=0.7741 {'ds': 0.432, 'seg': 0.608, 'cls': 0.665, 'special': 0.0, 'embed': 0.002}
[g4_fold0] epoch 45 loss=0.3532 dice_core=0.9166 dice_peri=0.9447 thr=[0.6, 0.45] (205s)
[g4_fold0] ep46 step21/249 loss=0.9192 {'ds': 0.523, 'seg': 0.853, 'cls': 0.263, 'special': 0.0, 'embed': 0.003}
[g4_fold0] ep46 step41/249 loss=0.7773 {'ds': 0.419, 'seg': 0.712, 'cls': 0.261, 'special': 0.0, 'embed': 0.001}
[g4_fold0] ep46 step61/249 loss=0.8871 {'ds': 0.462, 'seg': 0.771, 'cls': 0.458, 'special': 0.0, 'embed': 0.026}
[g4_fold0] ep46 step81/249 loss=0.1442 {'ds': 0.066, 'seg': 0.088, 'cls': 0.222, 'special': 0.0, 'embed': 0.005}
[g4_fold0] ep46 step101/249 loss=0.2024 {'ds': 0.092, 'seg': 0.131, 'cls': 0.283, 'special': 0.0, 'embed': 0.006}
[g4_fold0] ep46 step121/249 loss=0.2186 {'ds': 0.098, 'seg': 0.133, 'cls': 0.342, 'special': 0.0, 'embed': 0.001}
[g4_fold0] ep46 step141/249 loss=0.4992 {'ds': 0.237, 'seg': 0.327, 'cls': 0.686, 'special': 0.0, 'embed': 0.003}
[g4_fold0] ep46 step161/249 loss=0.5495 {'ds': 0.258, 'seg': 0.484, 'cls': 0.26, 'special': 0.0, 'embed': 0.002}
[g4_fold0] ep46 step181/249 loss=0.8299 {'ds': 0.453, 'seg': 0.758, 'cls': 0.286, 'special': 0.0, 'embed': 0.001}
[g4_fold0] ep46 step201/249 loss=0.2797 {'ds': 0.147, 'seg': 0.201, 'cls': 0.313, 'special': 0.0, 'embed': 0.004}
[g4_fold0] ep46 step221/249 loss=0.4395 {'ds': 0.197, 'seg': 0.269, 'cls': 0.681, 'special': 0.0, 'embed': 0.0}
[g4_fold0] ep46 step241/249 loss=0.2018 {'ds': 0.106, 'seg': 0.142, 'cls': 0.237, 'special': 0.0, 'embed': 0.002}
[g4_fold0] epoch 46 loss=0.3737 dice_core=0.9167 dice_peri=0.9449 thr=[0.6, 0.45] (208s)
[g4_fold0] ep47 step21/249 loss=0.7759 {'ds': 0.4, 'seg': 0.686, 'cls': 0.358, 'special': 0.0, 'embed': 0.006}
[g4_fold0] ep47 step41/249 loss=0.8062 {'ds': 0.453, 'seg': 0.755, 'cls': 0.202, 'special': 0.0, 'embed': 0.004}
[g4_fold0] ep47 step61/249 loss=0.2283 {'ds': 0.103, 'seg': 0.143, 'cls': 0.34, 'special': 0.0, 'embed': 0.001}
[g4_fold0] ep47 step81/249 loss=0.3199 {'ds': 0.196, 'seg': 0.268, 'cls': 0.205, 'special': 0.0, 'embed': 0.007}
[g4_fold0] ep47 step101/249 loss=0.2356 {'ds': 0.207, 'seg': 0.159, 'cls': 0.298, 'special': 0.0, 'embed': 0.024}
[g4_fold0] ep47 step121/249 loss=0.1659 {'ds': 0.095, 'seg': 0.121, 'cls': 0.179, 'special': 0.0, 'embed': 0.001}
[g4_fold0] ep47 step141/249 loss=0.3298 {'ds': 0.248, 'seg': 0.252, 'cls': 0.309, 'special': 0.0, 'embed': 0.002}
[g4_fold0] ep47 step161/249 loss=0.3163 {'ds': 0.152, 'seg': 0.221, 'cls': 0.379, 'special': 0.0, 'embed': 0.0}
[g4_fold0] ep47 step181/249 loss=0.8023 {'ds': 0.446, 'seg': 0.747, 'cls': 0.221, 'special': 0.0, 'embed': 0.001}
[g4_fold0] ep47 step201/249 loss=0.3244 {'ds': 0.14, 'seg': 0.191, 'cls': 0.517, 'special': 0.0, 'embed': 0.057}
[g4_fold0] ep47 step221/249 loss=0.3694 {'ds': 0.176, 'seg': 0.253, 'cls': 0.466, 'special': 0.0, 'embed': 0.004}
[g4_fold0] ep47 step241/249 loss=0.4578 {'ds': 0.28, 'seg': 0.354, 'cls': 0.414, 'special': 0.0, 'embed': 0.003}
[g4_fold0] epoch 47 loss=0.3488 dice_core=0.9170 dice_peri=0.9449 thr=[0.6, 0.45] (218s)
[g4_fold0] ep48 step21/249 loss=0.5128 {'ds': 0.329, 'seg': 0.435, 'cls': 0.31, 'special': 0.0, 'embed': 0.001}
[g4_fold0] ep48 step41/249 loss=0.3387 {'ds': 0.196, 'seg': 0.263, 'cls': 0.3, 'special': 0.0, 'embed': 0.008}
[g4_fold0] ep48 step61/249 loss=0.2133 {'ds': 0.12, 'seg': 0.162, 'cls': 0.202, 'special': 0.0, 'embed': 0.004}
[g4_fold0] ep48 step81/249 loss=0.5343 {'ds': 0.26, 'seg': 0.36, 'cls': 0.692, 'special': 0.0, 'embed': 0.018}
[g4_fold0] ep48 step101/249 loss=0.2176 {'ds': 0.102, 'seg': 0.135, 'cls': 0.33, 'special': 0.0, 'embed': 0.0}
[g4_fold0] ep48 step121/249 loss=0.1855 {'ds': 0.105, 'seg': 0.141, 'cls': 0.178, 'special': 0.0, 'embed': 0.002}
[g4_fold0] ep48 step141/249 loss=0.2495 {'ds': 0.145, 'seg': 0.193, 'cls': 0.211, 'special': 0.0, 'embed': 0.045}
[g4_fold0] ep48 step161/249 loss=0.2178 {'ds': 0.115, 'seg': 0.157, 'cls': 0.241, 'special': 0.0, 'embed': 0.009}
[g4_fold0] ep48 step181/249 loss=0.2731 {'ds': 0.134, 'seg': 0.182, 'cls': 0.365, 'special': 0.0, 'embed': 0.002}
[g4_fold0] ep48 step201/249 loss=1.1435 {'ds': 0.793, 'seg': 1.05, 'cls': 0.372, 'special': 0.0, 'embed': 0.002}
[g4_fold0] ep48 step221/249 loss=0.9452 {'ds': 0.616, 'seg': 0.855, 'cls': 0.359, 'special': 0.0, 'embed': 0.014}
[g4_fold0] ep48 step241/249 loss=0.2767 {'ds': 0.112, 'seg': 0.158, 'cls': 0.476, 'special': 0.0, 'embed': 0.003}
[g4_fold0] epoch 48 loss=0.3545 dice_core=0.9174 dice_peri=0.9449 thr=[0.6, 0.45] (203s)
[g4_fold0] ep49 step21/249 loss=0.2694 {'ds': 0.149, 'seg': 0.197, 'cls': 0.286, 'special': 0.001, 'embed': 0.005}
[g4_fold0] ep49 step41/249 loss=0.1859 {'ds': 0.072, 'seg': 0.097, 'cls': 0.356, 'special': 0.0, 'embed': 0.0}
[g4_fold0] ep49 step61/249 loss=0.2282 {'ds': 0.114, 'seg': 0.155, 'cls': 0.291, 'special': 0.0, 'embed': 0.002}
[g4_fold0] ep49 step81/249 loss=0.7748 {'ds': 0.458, 'seg': 0.67, 'cls': 0.415, 'special': 0.0, 'embed': 0.016}
[g4_fold0] ep49 step101/249 loss=0.5711 {'ds': 0.343, 'seg': 0.478, 'cls': 0.37, 'special': 0.0, 'embed': 0.003}
[g4_fold0] ep49 step121/249 loss=0.2000 {'ds': 0.076, 'seg': 0.101, 'cls': 0.396, 'special': 0.0, 'embed': 0.002}
[g4_fold0] ep49 step141/249 loss=0.2575 {'ds': 0.137, 'seg': 0.189, 'cls': 0.271, 'special': 0.0, 'embed': 0.004}
[g4_fold0] ep49 step161/249 loss=0.8467 {'ds': 0.453, 'seg': 0.756, 'cls': 0.355, 'special': 0.0, 'embed': 0.023}
[g4_fold0] ep49 step181/249 loss=0.5027 {'ds': 0.296, 'seg': 0.412, 'cls': 0.362, 'special': 0.0, 'embed': 0.004}
[g4_fold0] ep49 step201/249 loss=1.1519 {'ds': 0.472, 'seg': 0.781, 'cls': 1.483, 'special': 0.0, 'embed': 0.003}
[g4_fold0] ep49 step221/249 loss=0.8171 {'ds': 0.445, 'seg': 0.737, 'cls': 0.318, 'special': 0.0, 'embed': 0.004}
[g4_fold0] ep49 step241/249 loss=0.3047 {'ds': 0.156, 'seg': 0.219, 'cls': 0.34, 'special': 0.0, 'embed': 0.004}
[g4_fold0] epoch 49 loss=0.3559 dice_core=0.9179 dice_peri=0.9450 thr=[0.6, 0.45] (210s)
[g4_fold0] ep50 step21/249 loss=0.5066 {'ds': 0.21, 'seg': 0.398, 'cls': 0.432, 'special': 0.0, 'embed': 0.011}
[g4_fold0] ep50 step41/249 loss=0.3645 {'ds': 0.205, 'seg': 0.283, 'cls': 0.325, 'special': 0.0, 'embed': 0.004}
[g4_fold0] ep50 step61/249 loss=0.3087 {'ds': 0.146, 'seg': 0.2, 'cls': 0.433, 'special': 0.002, 'embed': 0.003}
[g4_fold0] ep50 step81/249 loss=0.2879 {'ds': 0.128, 'seg': 0.169, 'cls': 0.472, 'special': 0.0, 'embed': 0.01}
[g4_fold0] ep50 step101/249 loss=0.2947 {'ds': 0.147, 'seg': 0.205, 'cls': 0.358, 'special': 0.0, 'embed': 0.006}
[g4_fold0] ep50 step121/249 loss=0.4001 {'ds': 0.227, 'seg': 0.318, 'cls': 0.33, 'special': 0.0, 'embed': 0.002}
[g4_fold0] ep50 step141/249 loss=0.2679 {'ds': 0.128, 'seg': 0.166, 'cls': 0.404, 'special': 0.0, 'embed': 0.006}
[g4_fold0] ep50 step161/249 loss=0.2733 {'ds': 0.151, 'seg': 0.203, 'cls': 0.279, 'special': 0.0, 'embed': 0.001}
[g4_fold0] ep50 step181/249 loss=0.3803 {'ds': 0.209, 'seg': 0.268, 'cls': 0.448, 'special': 0.0, 'embed': 0.001}
[g4_fold0] ep50 step201/249 loss=0.2016 {'ds': 0.081, 'seg': 0.113, 'cls': 0.353, 'special': 0.0, 'embed': 0.007}
[g4_fold0] ep50 step221/249 loss=0.2579 {'ds': 0.13, 'seg': 0.176, 'cls': 0.327, 'special': 0.0, 'embed': 0.003}
[g4_fold0] ep50 step241/249 loss=0.8259 {'ds': 0.404, 'seg': 0.689, 'cls': 0.549, 'special': 0.0, 'embed': 0.001}
[g4_fold0] epoch 50 loss=0.3267 dice_core=0.9182 dice_peri=0.9450 thr=[0.6, 0.45] (214s)
[g4_fold0] ep51 step21/249 loss=0.2709 {'ds': 0.13, 'seg': 0.172, 'cls': 0.396, 'special': 0.0, 'embed': 0.004}
[g4_fold0] ep51 step41/249 loss=0.7989 {'ds': 0.459, 'seg': 0.762, 'cls': 0.146, 'special': 0.0, 'embed': 0.009}
[g4_fold0] ep51 step61/249 loss=0.9279 {'ds': 0.532, 'seg': 0.845, 'cls': 0.328, 'special': 0.0, 'embed': 0.011}
[g4_fold0] ep51 step81/249 loss=0.2767 {'ds': 0.159, 'seg': 0.215, 'cls': 0.245, 'special': 0.0, 'embed': 0.005}
[g4_fold0] ep51 step101/249 loss=0.7204 {'ds': 0.355, 'seg': 0.616, 'cls': 0.417, 'special': 0.0, 'embed': 0.001}
[g4_fold0] ep51 step121/249 loss=0.2836 {'ds': 0.152, 'seg': 0.204, 'cls': 0.318, 'special': 0.0, 'embed': 0.0}
[g4_fold0] ep51 step141/249 loss=0.1739 {'ds': 0.082, 'seg': 0.104, 'cls': 0.278, 'special': 0.0, 'embed': 0.009}
[g4_fold0] ep51 step161/249 loss=0.7862 {'ds': 0.411, 'seg': 0.699, 'cls': 0.348, 'special': 0.0, 'embed': 0.003}
[g4_fold0] ep51 step181/249 loss=1.3845 {'ds': 0.751, 'seg': 1.301, 'cls': 0.334, 'special': 0.0, 'embed': 0.001}
[g4_fold0] ep51 step201/249 loss=0.2241 {'ds': 0.112, 'seg': 0.162, 'cls': 0.249, 'special': 0.0, 'embed': 0.003}
[g4_fold0] ep51 step221/249 loss=0.5272 {'ds': 0.226, 'seg': 0.318, 'cls': 0.837, 'special': 0.0, 'embed': 0.003}
[g4_fold0] ep51 step241/249 loss=0.1908 {'ds': 0.069, 'seg': 0.091, 'cls': 0.398, 'special': 0.0, 'embed': 0.006}
[g4_fold0] epoch 51 loss=0.3696 dice_core=0.9182 dice_peri=0.9451 thr=[0.6, 0.45] (194s)
[g4_fold0] ep52 step21/249 loss=0.9900 {'ds': 0.632, 'seg': 0.886, 'cls': 0.414, 'special': 0.0, 'embed': 0.011}
[g4_fold0] ep52 step41/249 loss=0.2966 {'ds': 0.174, 'seg': 0.243, 'cls': 0.216, 'special': 0.0, 'embed': 0.002}
[g4_fold0] ep52 step61/249 loss=0.7861 {'ds': 0.421, 'seg': 0.724, 'cls': 0.248, 'special': 0.0, 'embed': 0.001}
[g4_fold0] ep52 step81/249 loss=0.1903 {'ds': 0.105, 'seg': 0.14, 'cls': 0.2, 'special': 0.0, 'embed': 0.007}
[g4_fold0] ep52 step101/249 loss=0.6734 {'ds': 0.366, 'seg': 0.506, 'cls': 0.668, 'special': 0.0, 'embed': 0.002}
[g4_fold0] ep52 step121/249 loss=0.3231 {'ds': 0.209, 'seg': 0.271, 'cls': 0.208, 'special': 0.0, 'embed': 0.003}
[g4_fold0] ep52 step141/249 loss=0.2380 {'ds': 0.114, 'seg': 0.149, 'cls': 0.355, 'special': 0.0, 'embed': 0.002}
[g4_fold0] ep52 step161/249 loss=0.9353 {'ds': 0.493, 'seg': 0.842, 'cls': 0.372, 'special': 0.0, 'embed': 0.01}
[g4_fold0] ep52 step181/249 loss=0.6970 {'ds': 0.349, 'seg': 0.627, 'cls': 0.277, 'special': 0.0, 'embed': 0.006}
[g4_fold0] ep52 step201/249 loss=0.2442 {'ds': 0.125, 'seg': 0.163, 'cls': 0.319, 'special': 0.0, 'embed': 0.015}
[g4_fold0] ep52 step221/249 loss=0.1762 {'ds': 0.081, 'seg': 0.104, 'cls': 0.288, 'special': 0.0, 'embed': 0.003}
[g4_fold0] ep52 step241/249 loss=0.6936 {'ds': 0.32, 'seg': 0.559, 'cls': 0.537, 'special': 0.0, 'embed': 0.001}
[g4_fold0] epoch 52 loss=0.3708 dice_core=0.9184 dice_peri=0.9454 thr=[0.6, 0.45] (205s)
[g4_fold0] ep53 step21/249 loss=0.1531 {'ds': 0.075, 'seg': 0.102, 'cls': 0.201, 'special': 0.0, 'embed': 0.015}
[g4_fold0] ep53 step41/249 loss=0.7987 {'ds': 0.517, 'seg': 0.73, 'cls': 0.275, 'special': 0.0, 'embed': 0.003}
[g4_fold0] ep53 step61/249 loss=0.2589 {'ds': 0.146, 'seg': 0.202, 'cls': 0.228, 'special': 0.0, 'embed': 0.001}
[g4_fold0] ep53 step81/249 loss=0.7862 {'ds': 0.446, 'seg': 0.743, 'cls': 0.171, 'special': 0.0, 'embed': 0.011}
[g4_fold0] ep53 step101/249 loss=0.3367 {'ds': 0.193, 'seg': 0.264, 'cls': 0.289, 'special': 0.0, 'embed': 0.004}
[g4_fold0] ep53 step121/249 loss=0.2960 {'ds': 0.136, 'seg': 0.189, 'cls': 0.427, 'special': 0.0, 'embed': 0.01}
[g4_fold0] ep53 step141/249 loss=0.1546 {'ds': 0.058, 'seg': 0.074, 'cls': 0.319, 'special': 0.0, 'embed': 0.007}
[g4_fold0] ep53 step161/249 loss=0.8165 {'ds': 0.417, 'seg': 0.65, 'cls': 0.663, 'special': 0.0, 'embed': 0.003}
[g4_fold0] ep53 step181/249 loss=0.3542 {'ds': 0.191, 'seg': 0.24, 'cls': 0.455, 'special': 0.0, 'embed': 0.001}
[g4_fold0] ep53 step201/249 loss=0.2720 {'ds': 0.149, 'seg': 0.199, 'cls': 0.29, 'special': 0.0, 'embed': 0.001}
[g4_fold0] ep53 step221/249 loss=0.2947 {'ds': 0.145, 'seg': 0.193, 'cls': 0.404, 'special': 0.0, 'embed': 0.007}
[g4_fold0] ep53 step241/249 loss=0.1392 {'ds': 0.055, 'seg': 0.074, 'cls': 0.259, 'special': 0.0, 'embed': 0.001}
[g4_fold0] epoch 53 loss=0.3335 dice_core=0.9182 dice_peri=0.9456 thr=[0.6, 0.45] (204s)
[g4_fold0] ep54 step21/249 loss=0.4401 {'ds': 0.292, 'seg': 0.369, 'cls': 0.282, 'special': 0.0, 'embed': 0.004}
[g4_fold0] ep54 step41/249 loss=0.4784 {'ds': 0.346, 'seg': 0.406, 'cls': 0.289, 'special': 0.0, 'embed': 0.004}
[g4_fold0] ep54 step61/249 loss=1.3591 {'ds': 0.668, 'seg': 1.046, 'cls': 1.249, 'special': 0.0, 'embed': 0.009}
[g4_fold0] ep54 step81/249 loss=0.8160 {'ds': 0.439, 'seg': 0.736, 'cls': 0.318, 'special': 0.0, 'embed': 0.006}
[g4_fold0] ep54 step101/249 loss=0.3175 {'ds': 0.179, 'seg': 0.211, 'cls': 0.425, 'special': 0.0, 'embed': 0.006}
[g4_fold0] ep54 step121/249 loss=0.3933 {'ds': 0.248, 'seg': 0.33, 'cls': 0.254, 'special': 0.0, 'embed': 0.0}
[g4_fold0] ep54 step141/249 loss=0.2592 {'ds': 0.121, 'seg': 0.164, 'cls': 0.379, 'special': 0.0, 'embed': 0.002}
[g4_fold0] ep54 step161/249 loss=0.4858 {'ds': 0.198, 'seg': 0.392, 'cls': 0.37, 'special': 0.0, 'embed': 0.017}
[g4_fold0] ep54 step181/249 loss=0.2661 {'ds': 0.142, 'seg': 0.206, 'cls': 0.239, 'special': 0.0, 'embed': 0.002}
[g4_fold0] ep54 step201/249 loss=0.2939 {'ds': 0.162, 'seg': 0.218, 'cls': 0.304, 'special': 0.0, 'embed': 0.003}
[g4_fold0] ep54 step221/249 loss=0.1525 {'ds': 0.07, 'seg': 0.089, 'cls': 0.253, 'special': 0.0, 'embed': 0.0}
[g4_fold0] ep54 step241/249 loss=0.1453 {'ds': 0.073, 'seg': 0.094, 'cls': 0.204, 'special': 0.0, 'embed': 0.003}
[g4_fold0] epoch 54 loss=0.3459 dice_core=0.9182 dice_peri=0.9458 thr=[0.6, 0.45] (217s)
[g4_fold0] ep55 step21/249 loss=0.1836 {'ds': 0.102, 'seg': 0.14, 'cls': 0.171, 'special': 0.0, 'embed': 0.006}
[g4_fold0] ep55 step41/249 loss=0.9512 {'ds': 0.529, 'seg': 0.871, 'cls': 0.318, 'special': 0.0, 'embed': 0.007}
[g4_fold0] ep55 step61/249 loss=0.8922 {'ds': 0.485, 'seg': 0.798, 'cls': 0.378, 'special': 0.0, 'embed': 0.001}
[g4_fold0] ep55 step81/249 loss=0.1031 {'ds': 0.048, 'seg': 0.06, 'cls': 0.17, 'special': 0.0, 'embed': 0.002}
[g4_fold0] ep55 step101/249 loss=0.8121 {'ds': 0.453, 'seg': 0.759, 'cls': 0.211, 'special': 0.0, 'embed': 0.005}
[g4_fold0] ep55 step121/249 loss=0.7817 {'ds': 0.5, 'seg': 0.709, 'cls': 0.292, 'special': 0.0, 'embed': 0.001}
[g4_fold0] ep55 step141/249 loss=0.3120 {'ds': 0.15, 'seg': 0.206, 'cls': 0.423, 'special': 0.0, 'embed': 0.002}
[g4_fold0] ep55 step161/249 loss=0.1699 {'ds': 0.065, 'seg': 0.088, 'cls': 0.326, 'special': 0.0, 'embed': 0.0}
[g4_fold0] ep55 step181/249 loss=0.3339 {'ds': 0.18, 'seg': 0.25, 'cls': 0.334, 'special': 0.0, 'embed': 0.004}
[g4_fold0] ep55 step201/249 loss=0.9497 {'ds': 0.528, 'seg': 0.858, 'cls': 0.362, 'special': 0.0, 'embed': 0.01}
[g4_fold0] ep55 step221/249 loss=0.2012 {'ds': 0.092, 'seg': 0.129, 'cls': 0.288, 'special': 0.0, 'embed': 0.004}
[g4_fold0] ep55 step241/249 loss=0.3552 {'ds': 0.219, 'seg': 0.265, 'cls': 0.361, 'special': 0.0, 'embed': 0.001}
[g4_fold0] epoch 55 loss=0.3386 dice_core=0.9182 dice_peri=0.9459 thr=[0.6, 0.45] (218s)
[g4_fold0] ep56 step21/249 loss=0.2770 {'ds': 0.131, 'seg': 0.181, 'cls': 0.384, 'special': 0.0, 'embed': 0.002}
[g4_fold0] ep56 step41/249 loss=0.2697 {'ds': 0.152, 'seg': 0.2, 'cls': 0.275, 'special': 0.0, 'embed': 0.01}
[g4_fold0] ep56 step61/249 loss=0.2148 {'ds': 0.113, 'seg': 0.149, 'cls': 0.261, 'special': 0.0, 'embed': 0.001}
[g4_fold0] ep56 step81/249 loss=0.7751 {'ds': 0.428, 'seg': 0.723, 'cls': 0.207, 'special': 0.0, 'embed': 0.002}
[g4_fold0] ep56 step101/249 loss=0.7549 {'ds': 0.422, 'seg': 0.598, 'cls': 0.627, 'special': 0.0, 'embed': 0.0}
[g4_fold0] ep56 step121/249 loss=0.1952 {'ds': 0.079, 'seg': 0.108, 'cls': 0.347, 'special': 0.0, 'embed': 0.001}
[g4_fold0] ep56 step141/249 loss=0.6024 {'ds': 0.281, 'seg': 0.36, 'cls': 0.966, 'special': 0.0, 'embed': 0.01}
[g4_fold0] ep56 step161/249 loss=1.1062 {'ds': 0.64, 'seg': 1.002, 'cls': 0.414, 'special': 0.0, 'embed': 0.005}
[g4_fold0] ep56 step181/249 loss=0.2442 {'ds': 0.127, 'seg': 0.174, 'cls': 0.28, 'special': 0.0, 'embed': 0.001}
[g4_fold0] ep56 step201/249 loss=0.2063 {'ds': 0.106, 'seg': 0.143, 'cls': 0.251, 'special': 0.0, 'embed': 0.004}
[g4_fold0] ep56 step221/249 loss=0.2483 {'ds': 0.116, 'seg': 0.165, 'cls': 0.331, 'special': 0.0, 'embed': 0.004}
[g4_fold0] ep56 step241/249 loss=0.7676 {'ds': 0.421, 'seg': 0.713, 'cls': 0.217, 'special': 0.0, 'embed': 0.003}
[g4_fold0] epoch 56 loss=0.3216 dice_core=0.9185 dice_peri=0.9461 thr=[0.6, 0.4] (214s)
[g4_fold0] ep57 step21/249 loss=0.1996 {'ds': 0.084, 'seg': 0.111, 'cls': 0.353, 'special': 0.0, 'embed': 0.001}
[g4_fold0] ep57 step41/249 loss=0.2738 {'ds': 0.159, 'seg': 0.221, 'cls': 0.211, 'special': 0.0, 'embed': 0.0}
[g4_fold0] ep57 step61/249 loss=0.7293 {'ds': 0.395, 'seg': 0.677, 'cls': 0.209, 'special': 0.0, 'embed': 0.003}
[g4_fold0] ep57 step81/249 loss=0.2347 {'ds': 0.115, 'seg': 0.166, 'cls': 0.271, 'special': 0.0, 'embed': 0.014}
[g4_fold0] ep57 step101/249 loss=0.2257 {'ds': 0.1, 'seg': 0.132, 'cls': 0.374, 'special': 0.0, 'embed': 0.003}
[g4_fold0] ep57 step121/249 loss=0.2648 {'ds': 0.128, 'seg': 0.171, 'cls': 0.373, 'special': 0.0, 'embed': 0.002}
[g4_fold0] ep57 step141/249 loss=0.7572 {'ds': 0.408, 'seg': 0.696, 'cls': 0.245, 'special': 0.0, 'embed': 0.002}
[g4_fold0] ep57 step161/249 loss=0.6528 {'ds': 0.358, 'seg': 0.484, 'cls': 0.67, 'special': 0.0, 'embed': 0.021}
[g4_fold0] ep57 step181/249 loss=0.8711 {'ds': 0.47, 'seg': 0.774, 'cls': 0.386, 'special': 0.0, 'embed': 0.002}
[g4_fold0] ep57 step201/249 loss=0.6063 {'ds': 0.274, 'seg': 0.505, 'cls': 0.401, 'special': 0.0, 'embed': 0.019}
[g4_fold0] ep57 step221/249 loss=0.8261 {'ds': 0.429, 'seg': 0.724, 'cls': 0.409, 'special': 0.0, 'embed': 0.001}
[g4_fold0] ep57 step241/249 loss=0.2465 {'ds': 0.118, 'seg': 0.173, 'cls': 0.293, 'special': 0.0, 'embed': 0.001}
[g4_fold0] epoch 57 loss=0.3411 dice_core=0.9185 dice_peri=0.9460 thr=[0.55, 0.4] (229s)
[g4_fold0] ep58 step21/249 loss=0.3643 {'ds': 0.105, 'seg': 0.15, 'cls': 0.854, 'special': 0.0, 'embed': 0.016}
[g4_fold0] ep58 step41/249 loss=0.5533 {'ds': 0.312, 'seg': 0.459, 'cls': 0.375, 'special': 0.0, 'embed': 0.008}
[g4_fold0] ep58 step61/249 loss=0.5411 {'ds': 0.251, 'seg': 0.477, 'cls': 0.254, 'special': 0.0, 'embed': 0.005}
[g4_fold0] ep58 step81/249 loss=0.3875 {'ds': 0.249, 'seg': 0.333, 'cls': 0.218, 'special': 0.0, 'embed': 0.003}
[g4_fold0] ep58 step101/249 loss=0.1769 {'ds': 0.067, 'seg': 0.09, 'cls': 0.347, 'special': 0.0, 'embed': 0.004}
[g4_fold0] ep58 step121/249 loss=0.8034 {'ds': 0.438, 'seg': 0.719, 'cls': 0.339, 'special': 0.0, 'embed': 0.002}
[g4_fold0] ep58 step141/249 loss=0.2138 {'ds': 0.094, 'seg': 0.136, 'cls': 0.311, 'special': 0.0, 'embed': 0.002}
[g4_fold0] ep58 step161/249 loss=0.5896 {'ds': 0.288, 'seg': 0.406, 'cls': 0.736, 'special': 0.0, 'embed': 0.001}
[g4_fold0] ep58 step181/249 loss=0.4703 {'ds': 0.306, 'seg': 0.412, 'cls': 0.231, 'special': 0.0, 'embed': 0.0}
[g4_fold0] ep58 step201/249 loss=0.3757 {'ds': 0.222, 'seg': 0.296, 'cls': 0.317, 'special': 0.0, 'embed': 0.005}
[g4_fold0] ep58 step221/249 loss=0.2949 {'ds': 0.146, 'seg': 0.198, 'cls': 0.387, 'special': 0.0, 'embed': 0.003}
[g4_fold0] ep58 step241/249 loss=0.2342 {'ds': 0.112, 'seg': 0.151, 'cls': 0.332, 'special': 0.0, 'embed': 0.001}
[g4_fold0] epoch 58 loss=0.3477 dice_core=0.9189 dice_peri=0.9462 thr=[0.6, 0.4] (205s)
[g4_fold0] ep59 step21/249 loss=0.4375 {'ds': 0.245, 'seg': 0.336, 'cls': 0.404, 'special': 0.0, 'embed': 0.002}
[g4_fold0] ep59 step41/249 loss=0.3257 {'ds': 0.17, 'seg': 0.233, 'cls': 0.369, 'special': 0.0, 'embed': 0.006}
[g4_fold0] ep59 step61/249 loss=0.1904 {'ds': 0.094, 'seg': 0.126, 'cls': 0.256, 'special': 0.0, 'embed': 0.001}
[g4_fold0] ep59 step81/249 loss=0.2069 {'ds': 0.09, 'seg': 0.12, 'cls': 0.346, 'special': 0.0, 'embed': 0.008}
[g4_fold0] ep59 step101/249 loss=0.1466 {'ds': 0.055, 'seg': 0.074, 'cls': 0.291, 'special': 0.0, 'embed': 0.001}
[g4_fold0] ep59 step121/249 loss=0.2741 {'ds': 0.17, 'seg': 0.218, 'cls': 0.222, 'special': 0.0, 'embed': 0.0}
[g4_fold0] ep59 step141/249 loss=0.1689 {'ds': 0.059, 'seg': 0.086, 'cls': 0.331, 'special': 0.0, 'embed': 0.006}
[g4_fold0] ep59 step161/249 loss=0.6021 {'ds': 0.356, 'seg': 0.485, 'cls': 0.47, 'special': 0.0, 'embed': 0.001}
[g4_fold0] ep59 step181/249 loss=0.3678 {'ds': 0.188, 'seg': 0.251, 'cls': 0.465, 'special': 0.0, 'embed': 0.001}
[g4_fold0] ep59 step201/249 loss=0.2912 {'ds': 0.165, 'seg': 0.229, 'cls': 0.246, 'special': 0.0, 'embed': 0.004}
[g4_fold0] ep59 step221/249 loss=0.6586 {'ds': 0.435, 'seg': 0.58, 'cls': 0.315, 'special': 0.0, 'embed': 0.003}
[g4_fold0] ep59 step241/249 loss=0.3521 {'ds': 0.197, 'seg': 0.26, 'cls': 0.366, 'special': 0.0, 'embed': 0.008}
[g4_fold0] epoch 59 loss=0.3094 dice_core=0.9188 dice_peri=0.9463 thr=[0.6, 0.4] (202s)
[g4_fold0] ep60 step21/249 loss=0.3726 {'ds': 0.128, 'seg': 0.171, 'cls': 0.803, 'special': 0.0, 'embed': 0.007}
[g4_fold0] ep60 step41/249 loss=0.5473 {'ds': 0.252, 'seg': 0.474, 'cls': 0.291, 'special': 0.0, 'embed': 0.002}
[g4_fold0] ep60 step61/249 loss=0.2996 {'ds': 0.178, 'seg': 0.241, 'cls': 0.233, 'special': 0.0, 'embed': 0.0}
[g4_fold0] ep60 step81/249 loss=0.2782 {'ds': 0.153, 'seg': 0.212, 'cls': 0.265, 'special': 0.0, 'embed': 0.003}
[g4_fold0] ep60 step101/249 loss=0.1987 {'ds': 0.09, 'seg': 0.126, 'cls': 0.29, 'special': 0.0, 'embed': 0.006}
[g4_fold0] ep60 step121/249 loss=0.2210 {'ds': 0.111, 'seg': 0.151, 'cls': 0.281, 'special': 0.0, 'embed': 0.001}
[g4_fold0] ep60 step141/249 loss=0.2970 {'ds': 0.16, 'seg': 0.218, 'cls': 0.316, 'special': 0.0, 'embed': 0.002}
[g4_fold0] ep60 step161/249 loss=0.1646 {'ds': 0.079, 'seg': 0.111, 'cls': 0.215, 'special': 0.0, 'embed': 0.003}
[g4_fold0] ep60 step181/249 loss=0.1896 {'ds': 0.091, 'seg': 0.12, 'cls': 0.274, 'special': 0.0, 'embed': 0.01}
[g4_fold0] ep60 step201/249 loss=0.2065 {'ds': 0.069, 'seg': 0.092, 'cls': 0.457, 'special': 0.0, 'embed': 0.005}
[g4_fold0] ep60 step221/249 loss=0.3035 {'ds': 0.149, 'seg': 0.206, 'cls': 0.389, 'special': 0.0, 'embed': 0.002}
[g4_fold0] ep60 step241/249 loss=0.2325 {'ds': 0.121, 'seg': 0.17, 'cls': 0.249, 'special': 0.0, 'embed': 0.002}
[g4_fold0] epoch 60 loss=0.3079 dice_core=0.9192 dice_peri=0.9463 thr=[0.6, 0.4] (210s)
[g4_fold0] ep61 step21/249 loss=0.1881 {'ds': 0.101, 'seg': 0.128, 'cls': 0.238, 'special': 0.0, 'embed': 0.005}
[g4_fold0] ep61 step41/249 loss=0.2295 {'ds': 0.112, 'seg': 0.139, 'cls': 0.36, 'special': 0.0, 'embed': 0.007}
[g4_fold0] ep61 step61/249 loss=0.1812 {'ds': 0.1, 'seg': 0.133, 'cls': 0.192, 'special': 0.0, 'embed': 0.001}
[g4_fold0] ep61 step81/249 loss=0.2890 {'ds': 0.167, 'seg': 0.23, 'cls': 0.232, 'special': 0.0, 'embed': 0.005}
[g4_fold0] ep61 step101/249 loss=0.1253 {'ds': 0.056, 'seg': 0.075, 'cls': 0.199, 'special': 0.0, 'embed': 0.004}
[g4_fold0] ep61 step121/249 loss=0.2036 {'ds': 0.097, 'seg': 0.134, 'cls': 0.276, 'special': 0.0, 'embed': 0.011}
[g4_fold0] ep61 step141/249 loss=0.1232 {'ds': 0.057, 'seg': 0.072, 'cls': 0.206, 'special': 0.0, 'embed': 0.003}
[g4_fold0] ep61 step161/249 loss=0.5370 {'ds': 0.328, 'seg': 0.427, 'cls': 0.436, 'special': 0.0, 'embed': 0.007}
[g4_fold0] ep61 step181/249 loss=0.2476 {'ds': 0.09, 'seg': 0.128, 'cls': 0.478, 'special': 0.0, 'embed': 0.001}
[g4_fold0] ep61 step201/249 loss=0.8291 {'ds': 0.476, 'seg': 0.786, 'cls': 0.17, 'special': 0.0, 'embed': 0.007}
[g4_fold0] ep61 step221/249 loss=0.1906 {'ds': 0.077, 'seg': 0.1, 'cls': 0.36, 'special': 0.0, 'embed': 0.008}
[g4_fold0] ep61 step241/249 loss=0.4508 {'ds': 0.339, 'seg': 0.371, 'cls': 0.318, 'special': 0.0, 'embed': 0.0}
[g4_fold0] epoch 61 loss=0.3466 dice_core=0.9193 dice_peri=0.9465 thr=[0.6, 0.4] (222s)
[g4_fold0] ep62 step21/249 loss=0.6257 {'ds': 0.407, 'seg': 0.555, 'cls': 0.281, 'special': 0.0, 'embed': 0.004}
[g4_fold0] ep62 step41/249 loss=0.1843 {'ds': 0.056, 'seg': 0.07, 'cls': 0.457, 'special': 0.0, 'embed': 0.005}
[g4_fold0] ep62 step61/249 loss=0.5591 {'ds': 0.336, 'seg': 0.454, 'cls': 0.419, 'special': 0.0, 'embed': 0.009}
[g4_fold0] ep62 step81/249 loss=0.1899 {'ds': 0.077, 'seg': 0.108, 'cls': 0.327, 'special': 0.0, 'embed': 0.002}
[g4_fold0] ep62 step101/249 loss=0.1982 {'ds': 0.098, 'seg': 0.131, 'cls': 0.267, 'special': 0.0, 'embed': 0.004}
[g4_fold0] ep62 step121/249 loss=1.2111 {'ds': 0.654, 'seg': 1.036, 'cls': 0.699, 'special': 0.0, 'embed': 0.001}
[g4_fold0] ep62 step141/249 loss=0.5299 {'ds': 0.218, 'seg': 0.297, 'cls': 0.93, 'special': 0.0, 'embed': 0.007}
[g4_fold0] ep62 step161/249 loss=0.6711 {'ds': 0.437, 'seg': 0.538, 'cls': 0.531, 'special': 0.0, 'embed': 0.005}
[g4_fold0] ep62 step181/249 loss=0.1504 {'ds': 0.054, 'seg': 0.074, 'cls': 0.306, 'special': 0.0, 'embed': 0.001}
[g4_fold0] ep62 step201/249 loss=0.1922 {'ds': 0.101, 'seg': 0.14, 'cls': 0.21, 'special': 0.0, 'embed': 0.002}
[g4_fold0] ep62 step221/249 loss=0.1346 {'ds': 0.062, 'seg': 0.084, 'cls': 0.203, 'special': 0.0, 'embed': 0.001}
[g4_fold0] ep62 step241/249 loss=1.0347 {'ds': 0.515, 'seg': 0.97, 'cls': 0.257, 'special': 0.0, 'embed': 0.001}
[g4_fold0] epoch 62 loss=0.3255 dice_core=0.9194 dice_peri=0.9466 thr=[0.6, 0.4] (211s)
[g4_fold0] ep63 step21/249 loss=0.2212 {'ds': 0.098, 'seg': 0.136, 'cls': 0.34, 'special': 0.0, 'embed': 0.004}
[g4_fold0] ep63 step41/249 loss=0.1892 {'ds': 0.077, 'seg': 0.101, 'cls': 0.35, 'special': 0.0, 'embed': 0.009}
[g4_fold0] ep63 step61/249 loss=0.2272 {'ds': 0.112, 'seg': 0.149, 'cls': 0.313, 'special': 0.0, 'embed': 0.002}
[g4_fold0] ep63 step81/249 loss=0.2695 {'ds': 0.106, 'seg': 0.141, 'cls': 0.512, 'special': 0.0, 'embed': 0.003}
[g4_fold0] ep63 step101/249 loss=0.8035 {'ds': 0.436, 'seg': 0.73, 'cls': 0.29, 'special': 0.0, 'embed': 0.01}
[g4_fold0] ep63 step121/249 loss=0.2572 {'ds': 0.132, 'seg': 0.181, 'cls': 0.306, 'special': 0.001, 'embed': 0.0}
[g4_fold0] ep63 step141/249 loss=0.9147 {'ds': 0.519, 'seg': 0.85, 'cls': 0.259, 'special': 0.0, 'embed': 0.001}
[g4_fold0] ep63 step161/249 loss=0.2189 {'ds': 0.086, 'seg': 0.121, 'cls': 0.392, 'special': 0.0, 'embed': 0.0}
[g4_fold0] ep63 step181/249 loss=0.2455 {'ds': 0.11, 'seg': 0.151, 'cls': 0.376, 'special': 0.0, 'embed': 0.002}
[g4_fold0] ep63 step201/249 loss=0.2335 {'ds': 0.203, 'seg': 0.168, 'cls': 0.262, 'special': 0.0, 'embed': 0.003}
[g4_fold0] ep63 step221/249 loss=0.1988 {'ds': 0.085, 'seg': 0.11, 'cls': 0.356, 'special': 0.0, 'embed': 0.002}
[g4_fold0] ep63 step241/249 loss=0.1804 {'ds': 0.054, 'seg': 0.074, 'cls': 0.425, 'special': 0.0, 'embed': 0.001}
[g4_fold0] epoch 63 loss=0.3339 dice_core=0.9192 dice_peri=0.9466 thr=[0.6, 0.4] (203s)
[g4_fold0] ep64 step21/249 loss=0.1663 {'ds': 0.083, 'seg': 0.116, 'cls': 0.199, 'special': 0.0, 'embed': 0.001}
[g4_fold0] ep64 step41/249 loss=0.2409 {'ds': 0.127, 'seg': 0.167, 'cls': 0.294, 'special': 0.0, 'embed': 0.007}
[g4_fold0] ep64 step61/249 loss=0.2642 {'ds': 0.099, 'seg': 0.144, 'cls': 0.481, 'special': 0.0, 'embed': 0.0}
[g4_fold0] ep64 step81/249 loss=0.2384 {'ds': 0.133, 'seg': 0.187, 'cls': 0.207, 'special': 0.0, 'embed': 0.002}
[g4_fold0] ep64 step101/249 loss=0.2805 {'ds': 0.135, 'seg': 0.181, 'cls': 0.397, 'special': 0.0, 'embed': 0.0}
[g4_fold0] ep64 step121/249 loss=0.7945 {'ds': 0.427, 'seg': 0.722, 'cls': 0.292, 'special': 0.0, 'embed': 0.001}
[g4_fold0] ep64 step141/249 loss=0.6181 {'ds': 0.387, 'seg': 0.537, 'cls': 0.321, 'special': 0.0, 'embed': 0.005}
[g4_fold0] ep64 step161/249 loss=0.1397 {'ds': 0.061, 'seg': 0.076, 'cls': 0.255, 'special': 0.0, 'embed': 0.003}
[g4_fold0] ep64 step181/249 loss=0.3764 {'ds': 0.247, 'seg': 0.311, 'cls': 0.262, 'special': 0.0, 'embed': 0.001}
[g4_fold0] ep64 step201/249 loss=0.3066 {'ds': 0.167, 'seg': 0.222, 'cls': 0.336, 'special': 0.0, 'embed': 0.002}
[g4_fold0] ep64 step221/249 loss=0.8009 {'ds': 0.419, 'seg': 0.731, 'cls': 0.277, 'special': 0.0, 'embed': 0.003}
[g4_fold0] ep64 step241/249 loss=0.6123 {'ds': 0.27, 'seg': 0.484, 'cls': 0.513, 'special': 0.0, 'embed': 0.002}
[g4_fold0] epoch 64 loss=0.3191 dice_core=0.9195 dice_peri=0.9467 thr=[0.6, 0.4] (201s)
[g4_fold0] ep65 step21/249 loss=1.3587 {'ds': 0.75, 'seg': 1.3, 'cls': 0.233, 'special': 0.0, 'embed': 0.002}
[g4_fold0] ep65 step41/249 loss=0.2757 {'ds': 0.108, 'seg': 0.146, 'cls': 0.519, 'special': 0.0, 'embed': 0.0}
[g4_fold0] ep65 step61/249 loss=0.6682 {'ds': 0.342, 'seg': 0.583, 'cls': 0.338, 'special': 0.0, 'embed': 0.002}
[g4_fold0] ep65 step81/249 loss=0.1890 {'ds': 0.063, 'seg': 0.085, 'cls': 0.416, 'special': 0.0, 'embed': 0.004}
[g4_fold0] ep65 step101/249 loss=0.2845 {'ds': 0.137, 'seg': 0.183, 'cls': 0.404, 'special': 0.0, 'embed': 0.002}
[g4_fold0] ep65 step121/249 loss=0.1812 {'ds': 0.079, 'seg': 0.101, 'cls': 0.322, 'special': 0.0, 'embed': 0.001}
[g4_fold0] ep65 step141/249 loss=0.8480 {'ds': 0.454, 'seg': 0.757, 'cls': 0.363, 'special': 0.0, 'embed': 0.002}
[g4_fold0] ep65 step161/249 loss=0.1679 {'ds': 0.079, 'seg': 0.104, 'cls': 0.254, 'special': 0.0, 'embed': 0.002}
[g4_fold0] ep65 step181/249 loss=0.8292 {'ds': 0.467, 'seg': 0.778, 'cls': 0.206, 'special': 0.0, 'embed': 0.001}
[g4_fold0] ep65 step201/249 loss=0.2707 {'ds': 0.127, 'seg': 0.182, 'cls': 0.353, 'special': 0.0, 'embed': 0.008}
[g4_fold0] ep65 step221/249 loss=0.3714 {'ds': 0.192, 'seg': 0.27, 'cls': 0.405, 'special': 0.0, 'embed': 0.001}
[g4_fold0] ep65 step241/249 loss=0.1667 {'ds': 0.07, 'seg': 0.09, 'cls': 0.307, 'special': 0.0, 'embed': 0.0}
[g4_fold0] epoch 65 loss=0.3374 dice_core=0.9196 dice_peri=0.9468 thr=[0.6, 0.4] (217s)
[g4_fold0] ep66 step21/249 loss=0.5063 {'ds': 0.324, 'seg': 0.415, 'cls': 0.363, 'special': 0.0, 'embed': 0.004}
[g4_fold0] ep66 step41/249 loss=0.2643 {'ds': 0.152, 'seg': 0.204, 'cls': 0.238, 'special': 0.0, 'embed': 0.006}
[g4_fold0] ep66 step61/249 loss=0.2384 {'ds': 0.109, 'seg': 0.144, 'cls': 0.375, 'special': 0.0, 'embed': 0.001}
[g4_fold0] ep66 step81/249 loss=0.4601 {'ds': 0.182, 'seg': 0.376, 'cls': 0.334, 'special': 0.0, 'embed': 0.003}
[g4_fold0] ep66 step101/249 loss=0.1817 {'ds': 0.093, 'seg': 0.117, 'cls': 0.255, 'special': 0.0, 'embed': 0.009}
[g4_fold0] ep66 step121/249 loss=0.3926 {'ds': 0.203, 'seg': 0.299, 'cls': 0.375, 'special': 0.0, 'embed': 0.002}
[g4_fold0] ep66 step141/249 loss=0.2951 {'ds': 0.135, 'seg': 0.196, 'cls': 0.397, 'special': 0.0, 'embed': 0.004}
[g4_fold0] ep66 step161/249 loss=0.2656 {'ds': 0.138, 'seg': 0.191, 'cls': 0.298, 'special': 0.0, 'embed': 0.001}
[g4_fold0] ep66 step181/249 loss=0.7560 {'ds': 0.414, 'seg': 0.708, 'cls': 0.194, 'special': 0.0, 'embed': 0.0}
[g4_fold0] ep66 step201/249 loss=0.1939 {'ds': 0.104, 'seg': 0.142, 'cls': 0.207, 'special': 0.0, 'embed': 0.004}
[g4_fold0] ep66 step221/249 loss=0.2307 {'ds': 0.116, 'seg': 0.158, 'cls': 0.287, 'special': 0.001, 'embed': 0.011}
[g4_fold0] ep66 step241/249 loss=0.2694 {'ds': 0.144, 'seg': 0.191, 'cls': 0.312, 'special': 0.0, 'embed': 0.001}
[g4_fold0] epoch 66 loss=0.3410 dice_core=0.9196 dice_peri=0.9469 thr=[0.6, 0.4] (204s)
[g4_fold0] ep67 step21/249 loss=0.2271 {'ds': 0.124, 'seg': 0.164, 'cls': 0.25, 'special': 0.0, 'embed': 0.002}
[g4_fold0] ep67 step41/249 loss=0.1299 {'ds': 0.06, 'seg': 0.075, 'cls': 0.218, 'special': 0.0, 'embed': 0.005}
[g4_fold0] ep67 step61/249 loss=0.2609 {'ds': 0.156, 'seg': 0.209, 'cls': 0.206, 'special': 0.0, 'embed': 0.003}
[g4_fold0] ep67 step81/249 loss=0.2747 {'ds': 0.147, 'seg': 0.2, 'cls': 0.298, 'special': 0.0, 'embed': 0.005}
[g4_fold0] ep67 step101/249 loss=0.3677 {'ds': 0.151, 'seg': 0.2, 'cls': 0.671, 'special': 0.0, 'embed': 0.0}
[g4_fold0] ep67 step121/249 loss=0.1977 {'ds': 0.1, 'seg': 0.134, 'cls': 0.253, 'special': 0.0, 'embed': 0.0}
[g4_fold0] ep67 step141/249 loss=0.3550 {'ds': 0.197, 'seg': 0.28, 'cls': 0.299, 'special': 0.0, 'embed': 0.006}
[g4_fold0] ep67 step161/249 loss=0.4884 {'ds': 0.213, 'seg': 0.299, 'cls': 0.759, 'special': 0.0, 'embed': 0.001}
[g4_fold0] ep67 step181/249 loss=0.6344 {'ds': 0.396, 'seg': 0.519, 'cls': 0.46, 'special': 0.0, 'embed': 0.003}
[g4_fold0] ep67 step201/249 loss=0.5940 {'ds': 0.406, 'seg': 0.496, 'cls': 0.394, 'special': 0.0, 'embed': 0.0}
[g4_fold0] ep67 step221/249 loss=0.2219 {'ds': 0.097, 'seg': 0.134, 'cls': 0.351, 'special': 0.0, 'embed': 0.004}
[g4_fold0] ep67 step241/249 loss=0.7776 {'ds': 0.408, 'seg': 0.694, 'cls': 0.331, 'special': 0.0, 'embed': 0.007}
[g4_fold0] epoch 67 loss=0.3295 dice_core=0.9198 dice_peri=0.9470 thr=[0.6, 0.4] (229s)
[g4_fold0] ep68 step21/249 loss=0.2851 {'ds': 0.162, 'seg': 0.231, 'cls': 0.215, 'special': 0.0, 'embed': 0.001}
[g4_fold0] ep68 step41/249 loss=0.1567 {'ds': 0.067, 'seg': 0.088, 'cls': 0.274, 'special': 0.0, 'embed': 0.001}
[g4_fold0] ep68 step61/249 loss=0.1916 {'ds': 0.104, 'seg': 0.132, 'cls': 0.238, 'special': 0.0, 'embed': 0.0}
[g4_fold0] ep68 step81/249 loss=1.1520 {'ds': 0.539, 'seg': 1.006, 'cls': 0.582, 'special': 0.0, 'embed': 0.004}
[g4_fold0] ep68 step101/249 loss=0.9258 {'ds': 0.488, 'seg': 0.812, 'cls': 0.456, 'special': 0.0, 'embed': 0.003}
[g4_fold0] ep68 step121/249 loss=0.3840 {'ds': 0.22, 'seg': 0.3, 'cls': 0.337, 'special': 0.0, 'embed': 0.001}
[g4_fold0] ep68 step141/249 loss=0.2061 {'ds': 0.088, 'seg': 0.121, 'cls': 0.339, 'special': 0.0, 'embed': 0.001}
[g4_fold0] ep68 step161/249 loss=0.5013 {'ds': 0.323, 'seg': 0.44, 'cls': 0.245, 'special': 0.0, 'embed': 0.003}
[g4_fold0] ep68 step181/249 loss=0.1299 {'ds': 0.065, 'seg': 0.082, 'cls': 0.187, 'special': 0.0, 'embed': 0.008}
[g4_fold0] ep68 step201/249 loss=0.4318 {'ds': 0.318, 'seg': 0.368, 'cls': 0.253, 'special': 0.0, 'embed': 0.004}
[g4_fold0] ep68 step221/249 loss=0.7908 {'ds': 0.424, 'seg': 0.716, 'cls': 0.298, 'special': 0.0, 'embed': 0.002}
[g4_fold0] ep68 step241/249 loss=0.3785 {'ds': 0.205, 'seg': 0.291, 'cls': 0.351, 'special': 0.0, 'embed': 0.001}
[g4_fold0] epoch 68 loss=0.3403 dice_core=0.9194 dice_peri=0.9469 thr=[0.6, 0.4] (223s)
[g4_fold0] ep69 step21/249 loss=0.5675 {'ds': 0.359, 'seg': 0.483, 'cls': 0.335, 'special': 0.0, 'embed': 0.005}
[g4_fold0] ep69 step41/249 loss=0.1911 {'ds': 0.066, 'seg': 0.085, 'cls': 0.423, 'special': 0.0, 'embed': 0.003}
[g4_fold0] ep69 step61/249 loss=0.3439 {'ds': 0.179, 'seg': 0.224, 'cls': 0.481, 'special': 0.0, 'embed': 0.001}
[g4_fold0] ep69 step81/249 loss=0.4645 {'ds': 0.176, 'seg': 0.364, 'cls': 0.4, 'special': 0.0, 'embed': 0.001}
[g4_fold0] ep69 step101/249 loss=0.8185 {'ds': 0.436, 'seg': 0.734, 'cls': 0.336, 'special': 0.0, 'embed': 0.004}
[g4_fold0] ep69 step121/249 loss=0.6843 {'ds': 0.437, 'seg': 0.613, 'cls': 0.283, 'special': 0.001, 'embed': 0.004}
[g4_fold0] ep69 step141/249 loss=0.5216 {'ds': 0.325, 'seg': 0.434, 'cls': 0.347, 'special': 0.0, 'embed': 0.006}
[g4_fold0] ep69 step161/249 loss=0.2393 {'ds': 0.111, 'seg': 0.134, 'cls': 0.421, 'special': 0.0, 'embed': 0.002}
[g4_fold0] ep69 step181/249 loss=0.5966 {'ds': 0.314, 'seg': 0.542, 'cls': 0.219, 'special': 0.0, 'embed': 0.0}
[g4_fold0] ep69 step201/249 loss=0.1949 {'ds': 0.096, 'seg': 0.132, 'cls': 0.25, 'special': 0.0, 'embed': 0.004}
[g4_fold0] ep69 step221/249 loss=0.1592 {'ds': 0.064, 'seg': 0.085, 'cls': 0.294, 'special': 0.0, 'embed': 0.006}
[g4_fold0] ep69 step241/249 loss=0.7895 {'ds': 0.428, 'seg': 0.719, 'cls': 0.283, 'special': 0.0, 'embed': 0.001}
[g4_fold0] epoch 69 loss=0.3472 dice_core=0.9189 dice_peri=0.9468 thr=[0.6, 0.4] (205s)
[g4_fold0] ep70 step21/249 loss=0.2189 {'ds': 0.091, 'seg': 0.139, 'cls': 0.319, 'special': 0.0, 'embed': 0.001}
[g4_fold0] ep70 step41/249 loss=0.1454 {'ds': 0.055, 'seg': 0.067, 'cls': 0.31, 'special': 0.0, 'embed': 0.004}
[g4_fold0] ep70 step61/249 loss=1.3936 {'ds': 0.839, 'seg': 1.337, 'cls': 0.225, 'special': 0.002, 'embed': 0.004}
[g4_fold0] ep70 step81/249 loss=0.4896 {'ds': 0.23, 'seg': 0.304, 'cls': 0.744, 'special': 0.0, 'embed': 0.002}
[g4_fold0] ep70 step101/249 loss=0.3224 {'ds': 0.15, 'seg': 0.212, 'cls': 0.442, 'special': 0.0, 'embed': 0.003}
[g4_fold0] ep70 step121/249 loss=0.6031 {'ds': 0.347, 'seg': 0.554, 'cls': 0.198, 'special': 0.0, 'embed': 0.001}
[g4_fold0] ep70 step141/249 loss=0.3134 {'ds': 0.187, 'seg': 0.247, 'cls': 0.265, 'special': 0.0, 'embed': 0.003}
[g4_fold0] ep70 step161/249 loss=0.1982 {'ds': 0.109, 'seg': 0.141, 'cls': 0.225, 'special': 0.0, 'embed': 0.007}
[g4_fold0] ep70 step181/249 loss=0.1690 {'ds': 0.079, 'seg': 0.108, 'cls': 0.244, 'special': 0.0, 'embed': 0.001}
[g4_fold0] ep70 step201/249 loss=0.4180 {'ds': 0.249, 'seg': 0.327, 'cls': 0.365, 'special': 0.0, 'embed': 0.001}
[g4_fold0] ep70 step221/249 loss=0.1993 {'ds': 0.102, 'seg': 0.131, 'cls': 0.274, 'special': 0.0, 'embed': 0.0}
[g4_fold0] ep70 step241/249 loss=0.2666 {'ds': 0.139, 'seg': 0.182, 'cls': 0.337, 'special': 0.0, 'embed': 0.001}
[g4_fold0] epoch 70 loss=0.3522 dice_core=0.9188 dice_peri=0.9467 thr=[0.6, 0.4] (209s)
[g4_fold0] ep71 step21/249 loss=0.1476 {'ds': 0.074, 'seg': 0.096, 'cls': 0.207, 'special': 0.0, 'embed': 0.002}
[g4_fold0] ep71 step41/249 loss=0.7814 {'ds': 0.4, 'seg': 0.684, 'cls': 0.39, 'special': 0.0, 'embed': 0.003}
[g4_fold0] ep71 step61/249 loss=0.3290 {'ds': 0.197, 'seg': 0.261, 'cls': 0.271, 'special': 0.0, 'embed': 0.001}
[g4_fold0] ep71 step81/249 loss=0.3303 {'ds': 0.189, 'seg': 0.268, 'cls': 0.248, 'special': 0.0, 'embed': 0.004}
[g4_fold0] ep71 step101/249 loss=0.1622 {'ds': 0.084, 'seg': 0.114, 'cls': 0.193, 'special': 0.0, 'embed': 0.005}
[g4_fold0] ep71 step121/249 loss=0.6012 {'ds': 0.36, 'seg': 0.498, 'cls': 0.414, 'special': 0.0, 'embed': 0.0}
[g4_fold0] ep71 step141/249 loss=0.8035 {'ds': 0.43, 'seg': 0.72, 'cls': 0.333, 'special': 0.0, 'embed': 0.001}
[g4_fold0] ep71 step161/249 loss=0.2009 {'ds': 0.086, 'seg': 0.114, 'cls': 0.348, 'special': 0.0, 'embed': 0.001}
[g4_fold0] ep71 step181/249 loss=0.1770 {'ds': 0.081, 'seg': 0.103, 'cls': 0.294, 'special': 0.0, 'embed': 0.003}
[g4_fold0] ep71 step201/249 loss=0.2474 {'ds': 0.14, 'seg': 0.187, 'cls': 0.24, 'special': 0.0, 'embed': 0.005}
[g4_fold0] ep71 step221/249 loss=0.1646 {'ds': 0.068, 'seg': 0.088, 'cls': 0.305, 'special': 0.0, 'embed': 0.003}
[g4_fold0] ep71 step241/249 loss=0.1883 {'ds': 0.097, 'seg': 0.134, 'cls': 0.218, 'special': 0.0, 'embed': 0.001}
[g4_fold0] epoch 71 loss=0.3421 dice_core=0.9187 dice_peri=0.9466 thr=[0.6, 0.4] (239s)
[g4_fold0] ep72 step21/249 loss=0.4598 {'ds': 0.323, 'seg': 0.383, 'cls': 0.307, 'special': 0.0, 'embed': 0.004}
[g4_fold0] ep72 step41/249 loss=0.4637 {'ds': 0.187, 'seg': 0.381, 'cls': 0.329, 'special': 0.0, 'embed': 0.008}
[g4_fold0] ep72 step61/249 loss=0.3714 {'ds': 0.196, 'seg': 0.27, 'cls': 0.407, 'special': 0.0, 'embed': 0.0}
[g4_fold0] ep72 step81/249 loss=0.1742 {'ds': 0.079, 'seg': 0.105, 'cls': 0.276, 'special': 0.0, 'embed': 0.001}
[g4_fold0] ep72 step101/249 loss=0.2477 {'ds': 0.136, 'seg': 0.174, 'cls': 0.295, 'special': 0.0, 'embed': 0.001}
[g4_fold0] ep72 step121/249 loss=0.1720 {'ds': 0.083, 'seg': 0.113, 'cls': 0.234, 'special': 0.0, 'embed': 0.008}
[g4_fold0] ep72 step141/249 loss=0.9732 {'ds': 0.595, 'seg': 0.832, 'cls': 0.563, 'special': 0.0, 'embed': 0.005}
[g4_fold0] ep72 step161/249 loss=0.1736 {'ds': 0.067, 'seg': 0.094, 'cls': 0.318, 'special': 0.0, 'embed': 0.005}
[g4_fold0] ep72 step181/249 loss=0.7693 {'ds': 0.417, 'seg': 0.703, 'cls': 0.264, 'special': 0.0, 'embed': 0.001}
[g4_fold0] ep72 step201/249 loss=0.4836 {'ds': 0.259, 'seg': 0.357, 'cls': 0.505, 'special': 0.0, 'embed': 0.002}
[g4_fold0] ep72 step221/249 loss=0.2331 {'ds': 0.137, 'seg': 0.185, 'cls': 0.191, 'special': 0.0, 'embed': 0.003}
[g4_fold0] ep72 step241/249 loss=0.1320 {'ds': 0.052, 'seg': 0.07, 'cls': 0.249, 'special': 0.0, 'embed': 0.003}
[g4_fold0] epoch 72 loss=0.3185 dice_core=0.9191 dice_peri=0.9467 thr=[0.6, 0.4] (232s)
[g4_fold0] ep73 step21/249 loss=0.5865 {'ds': 0.276, 'seg': 0.508, 'cls': 0.311, 'special': 0.001, 'embed': 0.001}
[g4_fold0] ep73 step41/249 loss=0.5237 {'ds': 0.32, 'seg': 0.444, 'cls': 0.32, 'special': 0.0, 'embed': 0.001}
[g4_fold0] ep73 step61/249 loss=0.1508 {'ds': 0.06, 'seg': 0.082, 'cls': 0.273, 'special': 0.0, 'embed': 0.012}
[g4_fold0] ep73 step81/249 loss=0.9152 {'ds': 0.517, 'seg': 0.845, 'cls': 0.277, 'special': 0.0, 'embed': 0.006}
[g4_fold0] ep73 step101/249 loss=0.2866 {'ds': 0.149, 'seg': 0.201, 'cls': 0.342, 'special': 0.001, 'embed': 0.003}
[g4_fold0] ep73 step121/249 loss=0.2122 {'ds': 0.114, 'seg': 0.157, 'cls': 0.221, 'special': 0.0, 'embed': 0.001}
[g4_fold0] ep73 step141/249 loss=0.7605 {'ds': 0.402, 'seg': 0.688, 'cls': 0.288, 'special': 0.0, 'embed': 0.002}
[g4_fold0] ep73 step161/249 loss=0.3014 {'ds': 0.179, 'seg': 0.239, 'cls': 0.249, 'special': 0.0, 'embed': 0.003}
[g4_fold0] ep73 step181/249 loss=0.3207 {'ds': 0.119, 'seg': 0.164, 'cls': 0.625, 'special': 0.0, 'embed': 0.002}
[g4_fold0] ep73 step201/249 loss=0.2383 {'ds': 0.14, 'seg': 0.185, 'cls': 0.213, 'special': 0.0, 'embed': 0.004}
[g4_fold0] ep73 step221/249 loss=0.4059 {'ds': 0.236, 'seg': 0.327, 'cls': 0.317, 'special': 0.0, 'embed': 0.001}
[g4_fold0] ep73 step241/249 loss=0.2989 {'ds': 0.16, 'seg': 0.218, 'cls': 0.325, 'special': 0.0, 'embed': 0.0}
[g4_fold0] epoch 73 loss=0.3353 dice_core=0.9193 dice_peri=0.9468 thr=[0.6, 0.4] (211s)
[g4_fold0] ep74 step21/249 loss=0.2693 {'ds': 0.138, 'seg': 0.194, 'cls': 0.3, 'special': 0.0, 'embed': 0.006}
[g4_fold0] ep74 step41/249 loss=0.1910 {'ds': 0.087, 'seg': 0.12, 'cls': 0.282, 'special': 0.0, 'embed': 0.003}
[g4_fold0] ep74 step61/249 loss=0.8358 {'ds': 0.405, 'seg': 0.692, 'cls': 0.577, 'special': 0.0, 'embed': 0.001}
[g4_fold0] ep74 step81/249 loss=0.1382 {'ds': 0.07, 'seg': 0.091, 'cls': 0.188, 'special': 0.0, 'embed': 0.002}
[g4_fold0] ep74 step101/249 loss=0.7370 {'ds': 0.398, 'seg': 0.681, 'cls': 0.224, 'special': 0.0, 'embed': 0.004}
[g4_fold0] ep74 step121/249 loss=0.2061 {'ds': 0.085, 'seg': 0.114, 'cls': 0.366, 'special': 0.0, 'embed': 0.004}
[g4_fold0] ep74 step141/249 loss=0.4684 {'ds': 0.243, 'seg': 0.322, 'cls': 0.586, 'special': 0.0, 'embed': 0.002}
[g4_fold0] ep74 step161/249 loss=0.2454 {'ds': 0.107, 'seg': 0.146, 'cls': 0.399, 'special': 0.0, 'embed': 0.001}
[g4_fold0] ep74 step181/249 loss=0.1395 {'ds': 0.071, 'seg': 0.092, 'cls': 0.19, 'special': 0.0, 'embed': 0.0}
[g4_fold0] ep74 step201/249 loss=0.3720 {'ds': 0.208, 'seg': 0.29, 'cls': 0.328, 'special': 0.0, 'embed': 0.006}
[g4_fold0] ep74 step221/249 loss=0.1831 {'ds': 0.1, 'seg': 0.135, 'cls': 0.192, 'special': 0.0, 'embed': 0.001}
[g4_fold0] ep74 step241/249 loss=0.5433 {'ds': 0.275, 'seg': 0.388, 'cls': 0.622, 'special': 0.0, 'embed': 0.002}
[g4_fold0] epoch 74 loss=0.3294 dice_core=0.9197 dice_peri=0.9470 thr=[0.6, 0.4] (229s)
[g4_fold0] ep75 step21/249 loss=0.2777 {'ds': 0.14, 'seg': 0.195, 'cls': 0.329, 'special': 0.0, 'embed': 0.003}
[g4_fold0] ep75 step41/249 loss=0.1813 {'ds': 0.106, 'seg': 0.134, 'cls': 0.189, 'special': 0.0, 'embed': 0.003}
[g4_fold0] ep75 step61/249 loss=0.2311 {'ds': 0.123, 'seg': 0.164, 'cls': 0.267, 'special': 0.0, 'embed': 0.003}
[g4_fold0] ep75 step81/249 loss=0.4014 {'ds': 0.254, 'seg': 0.31, 'cls': 0.362, 'special': 0.0, 'embed': 0.003}
[g4_fold0] ep75 step101/249 loss=0.8910 {'ds': 0.461, 'seg': 0.774, 'cls': 0.467, 'special': 0.0, 'embed': 0.001}
[g4_fold0] ep75 step121/249 loss=0.4675 {'ds': 0.188, 'seg': 0.383, 'cls': 0.338, 'special': 0.0, 'embed': 0.0}
[g4_fold0] ep75 step141/249 loss=0.1241 {'ds': 0.053, 'seg': 0.068, 'cls': 0.222, 'special': 0.0, 'embed': 0.004}
[g4_fold0] ep75 step161/249 loss=0.5305 {'ds': 0.225, 'seg': 0.437, 'cls': 0.373, 'special': 0.0, 'embed': 0.003}
[g4_fold0] ep75 step181/249 loss=0.2470 {'ds': 0.113, 'seg': 0.154, 'cls': 0.373, 'special': 0.0, 'embed': 0.001}
[g4_fold0] ep75 step201/249 loss=0.4571 {'ds': 0.177, 'seg': 0.368, 'cls': 0.358, 'special': 0.0, 'embed': 0.001}
[g4_fold0] ep75 step221/249 loss=0.8308 {'ds': 0.443, 'seg': 0.738, 'cls': 0.371, 'special': 0.0, 'embed': 0.003}
[g4_fold0] ep75 step241/249 loss=0.1610 {'ds': 0.084, 'seg': 0.109, 'cls': 0.207, 'special': 0.0, 'embed': 0.006}
[g4_fold0] epoch 75 loss=0.3431 dice_core=0.9196 dice_peri=0.9469 thr=[0.6, 0.4] (438s)
[g4_fold0] ep76 step21/249 loss=0.2139 {'ds': 0.117, 'seg': 0.16, 'cls': 0.215, 'special': 0.0, 'embed': 0.003}
[g4_fold0] ep76 step41/249 loss=0.2414 {'ds': 0.12, 'seg': 0.156, 'cls': 0.34, 'special': 0.0, 'embed': 0.001}
[g4_fold0] ep76 step61/249 loss=0.5063 {'ds': 0.244, 'seg': 0.464, 'cls': 0.169, 'special': 0.0, 'embed': 0.0}
[g4_fold0] ep76 step81/249 loss=0.7862 {'ds': 0.393, 'seg': 0.671, 'cls': 0.458, 'special': 0.0, 'embed': 0.004}
[g4_fold0] ep76 step101/249 loss=0.1411 {'ds': 0.067, 'seg': 0.085, 'cls': 0.224, 'special': 0.0, 'embed': 0.005}
[g4_fold0] ep76 step121/249 loss=0.2000 {'ds': 0.117, 'seg': 0.158, 'cls': 0.167, 'special': 0.0, 'embed': 0.001}
[g4_fold0] ep76 step141/249 loss=0.2095 {'ds': 0.115, 'seg': 0.148, 'cls': 0.244, 'special': 0.0, 'embed': 0.001}
[g4_fold0] ep76 step161/249 loss=0.2445 {'ds': 0.135, 'seg': 0.181, 'cls': 0.254, 'special': 0.0, 'embed': 0.003}
[g4_fold0] ep76 step181/249 loss=0.4812 {'ds': 0.205, 'seg': 0.418, 'cls': 0.251, 'special': 0.0, 'embed': 0.004}
[g4_fold0] ep76 step201/249 loss=0.2839 {'ds': 0.139, 'seg': 0.172, 'cls': 0.446, 'special': 0.0, 'embed': 0.001}
[g4_fold0] ep76 step221/249 loss=0.4417 {'ds': 0.273, 'seg': 0.38, 'cls': 0.246, 'special': 0.0, 'embed': 0.004}
[g4_fold0] ep76 step241/249 loss=0.3743 {'ds': 0.158, 'seg': 0.217, 'cls': 0.63, 'special': 0.0, 'embed': 0.001}
[g4_fold0] epoch 76 loss=0.3249 dice_core=0.9195 dice_peri=0.9470 thr=[0.6, 0.4] (667s)
[g4_fold0] ep77 step21/249 loss=0.7665 {'ds': 0.408, 'seg': 0.695, 'cls': 0.285, 'special': 0.0, 'embed': 0.007}
[g4_fold0] ep77 step41/249 loss=0.1958 {'ds': 0.108, 'seg': 0.138, 'cls': 0.231, 'special': 0.0, 'embed': 0.003}
[g4_fold0] ep77 step61/249 loss=0.8215 {'ds': 0.431, 'seg': 0.723, 'cls': 0.392, 'special': 0.0, 'embed': 0.001}
[g4_fold0] ep77 step81/249 loss=1.0996 {'ds': 0.56, 'seg': 1.025, 'cls': 0.299, 'special': 0.0, 'embed': 0.001}
[g4_fold0] ep77 step101/249 loss=0.7711 {'ds': 0.426, 'seg': 0.726, 'cls': 0.179, 'special': 0.0, 'embed': 0.002}
[g4_fold0] ep77 step121/249 loss=0.1455 {'ds': 0.057, 'seg': 0.077, 'cls': 0.272, 'special': 0.0, 'embed': 0.003}
[g4_fold0] ep77 step141/249 loss=0.1480 {'ds': 0.046, 'seg': 0.059, 'cls': 0.355, 'special': 0.0, 'embed': 0.002}
[g4_fold0] ep77 step161/249 loss=0.3471 {'ds': 0.209, 'seg': 0.277, 'cls': 0.28, 'special': 0.0, 'embed': 0.005}
[g4_fold0] ep77 step181/249 loss=0.4216 {'ds': 0.241, 'seg': 0.332, 'cls': 0.358, 'special': 0.0, 'embed': 0.0}
[g4_fold0] ep77 step201/249 loss=0.7995 {'ds': 0.425, 'seg': 0.719, 'cls': 0.319, 'special': 0.0, 'embed': 0.005}
[g4_fold0] ep77 step221/249 loss=0.2570 {'ds': 0.13, 'seg': 0.18, 'cls': 0.304, 'special': 0.0, 'embed': 0.008}
[g4_fold0] ep77 step241/249 loss=0.4003 {'ds': 0.225, 'seg': 0.305, 'cls': 0.381, 'special': 0.0, 'embed': 0.001}
[g4_fold0] epoch 77 loss=0.3172 dice_core=0.9195 dice_peri=0.9470 thr=[0.6, 0.4] (199s)
[g4_fold0] ep78 step21/249 loss=0.3064 {'ds': 0.134, 'seg': 0.184, 'cls': 0.49, 'special': 0.0, 'embed': 0.0}
[g4_fold0] ep78 step41/249 loss=0.1617 {'ds': 0.087, 'seg': 0.116, 'cls': 0.181, 'special': 0.0, 'embed': 0.005}
[g4_fold0] ep78 step61/249 loss=0.7925 {'ds': 0.406, 'seg': 0.691, 'cls': 0.404, 'special': 0.0, 'embed': 0.003}
[g4_fold0] ep78 step81/249 loss=0.1617 {'ds': 0.068, 'seg': 0.1, 'cls': 0.245, 'special': 0.0, 'embed': 0.002}
[g4_fold0] ep78 step101/249 loss=0.2143 {'ds': 0.115, 'seg': 0.17, 'cls': 0.174, 'special': 0.0, 'embed': 0.005}
[g4_fold0] ep78 step121/249 loss=0.1766 {'ds': 0.085, 'seg': 0.117, 'cls': 0.239, 'special': 0.0, 'embed': 0.001}
[g4_fold0] ep78 step141/249 loss=0.2788 {'ds': 0.129, 'seg': 0.17, 'cls': 0.436, 'special': 0.0, 'embed': 0.003}
[g4_fold0] ep78 step161/249 loss=0.1716 {'ds': 0.077, 'seg': 0.108, 'cls': 0.254, 'special': 0.0, 'embed': 0.006}
[g4_fold0] ep78 step181/249 loss=0.1635 {'ds': 0.068, 'seg': 0.091, 'cls': 0.291, 'special': 0.0, 'embed': 0.001}
[g4_fold0] ep78 step201/249 loss=0.1745 {'ds': 0.069, 'seg': 0.094, 'cls': 0.323, 'special': 0.0, 'embed': 0.001}
[g4_fold0] ep78 step221/249 loss=0.1789 {'ds': 0.068, 'seg': 0.093, 'cls': 0.344, 'special': 0.0, 'embed': 0.0}
[g4_fold0] ep78 step241/249 loss=0.2106 {'ds': 0.084, 'seg': 0.123, 'cls': 0.351, 'special': 0.0, 'embed': 0.001}
[g4_fold0] epoch 78 loss=0.3063 dice_core=0.9195 dice_peri=0.9471 thr=[0.6, 0.4] (199s)
[g4_fold0] ep79 step21/249 loss=1.0921 {'ds': 0.631, 'seg': 1.003, 'cls': 0.355, 'special': 0.0, 'embed': 0.002}
[g4_fold0] ep79 step41/249 loss=0.2441 {'ds': 0.117, 'seg': 0.171, 'cls': 0.29, 'special': 0.0, 'embed': 0.004}
[g4_fold0] ep79 step61/249 loss=0.2451 {'ds': 0.128, 'seg': 0.169, 'cls': 0.302, 'special': 0.0, 'embed': 0.001}
[g4_fold0] ep79 step81/249 loss=0.2352 {'ds': 0.099, 'seg': 0.132, 'cls': 0.412, 'special': 0.0, 'embed': 0.002}
[g4_fold0] ep79 step101/249 loss=0.4078 {'ds': 0.304, 'seg': 0.346, 'cls': 0.245, 'special': 0.0, 'embed': 0.003}
[g4_fold0] ep79 step121/249 loss=0.2255 {'ds': 0.113, 'seg': 0.158, 'cls': 0.268, 'special': 0.0, 'embed': 0.001}
[g4_fold0] ep79 step141/249 loss=0.7648 {'ds': 0.407, 'seg': 0.688, 'cls': 0.307, 'special': 0.0, 'embed': 0.001}
[g4_fold0] ep79 step161/249 loss=0.2640 {'ds': 0.147, 'seg': 0.194, 'cls': 0.28, 'special': 0.0, 'embed': 0.0}
[g4_fold0] ep79 step181/249 loss=0.1963 {'ds': 0.073, 'seg': 0.102, 'cls': 0.378, 'special': 0.0, 'embed': 0.001}
[g4_fold0] ep79 step201/249 loss=0.3099 {'ds': 0.153, 'seg': 0.21, 'cls': 0.398, 'special': 0.0, 'embed': 0.005}
[g4_fold0] ep79 step221/249 loss=0.7539 {'ds': 0.394, 'seg': 0.675, 'cls': 0.315, 'special': 0.0, 'embed': 0.002}
[g4_fold0] ep79 step241/249 loss=0.2925 {'ds': 0.143, 'seg': 0.185, 'cls': 0.43, 'special': 0.0, 'embed': 0.0}
[g4_fold0] epoch 79 loss=0.3097 dice_core=0.9193 dice_peri=0.9471 thr=[0.6, 0.4] (200s)
[g4_fold0] ep80 step21/249 loss=0.1715 {'ds': 0.058, 'seg': 0.075, 'cls': 0.383, 'special': 0.0, 'embed': 0.003}
[g4_fold0] ep80 step41/249 loss=0.7716 {'ds': 0.415, 'seg': 0.706, 'cls': 0.26, 'special': 0.0, 'embed': 0.003}
[g4_fold0] ep80 step61/249 loss=0.7738 {'ds': 0.406, 'seg': 0.69, 'cls': 0.335, 'special': 0.0, 'embed': 0.001}
[g4_fold0] ep80 step81/249 loss=0.3440 {'ds': 0.218, 'seg': 0.282, 'cls': 0.248, 'special': 0.0, 'embed': 0.001}
[g4_fold0] ep80 step101/249 loss=0.2321 {'ds': 0.131, 'seg': 0.179, 'cls': 0.212, 'special': 0.0, 'embed': 0.0}
[g4_fold0] ep80 step121/249 loss=0.2698 {'ds': 0.146, 'seg': 0.206, 'cls': 0.257, 'special': 0.0, 'embed': 0.001}
[g4_fold0] ep80 step141/249 loss=0.2479 {'ds': 0.115, 'seg': 0.161, 'cls': 0.344, 'special': 0.0, 'embed': 0.005}
[g4_fold0] ep80 step161/249 loss=0.6251 {'ds': 0.347, 'seg': 0.559, 'cls': 0.262, 'special': 0.0, 'embed': 0.003}
[g4_fold0] ep80 step181/249 loss=0.2259 {'ds': 0.125, 'seg': 0.178, 'cls': 0.191, 'special': 0.0, 'embed': 0.001}
[g4_fold0] ep80 step201/249 loss=0.4008 {'ds': 0.23, 'seg': 0.315, 'cls': 0.342, 'special': 0.0, 'embed': 0.003}
[g4_fold0] ep80 step221/249 loss=0.6130 {'ds': 0.278, 'seg': 0.533, 'cls': 0.317, 'special': 0.001, 'embed': 0.004}
[g4_fold0] ep80 step241/249 loss=0.2035 {'ds': 0.068, 'seg': 0.091, 'cls': 0.451, 'special': 0.0, 'embed': 0.001}
[g4_fold0] epoch 80 loss=0.3389 dice_core=0.9193 dice_peri=0.9471 thr=[0.6, 0.4] (207s)
[g4_fold0] ep81 step21/249 loss=0.1664 {'ds': 0.077, 'seg': 0.1, 'cls': 0.266, 'special': 0.0, 'embed': 0.001}
[g4_fold0] ep81 step41/249 loss=0.5536 {'ds': 0.365, 'seg': 0.449, 'cls': 0.418, 'special': 0.0, 'embed': 0.0}
[g4_fold0] ep81 step61/249 loss=0.2408 {'ds': 0.094, 'seg': 0.126, 'cls': 0.457, 'special': 0.001, 'embed': 0.001}
[g4_fold0] ep81 step81/249 loss=0.1967 {'ds': 0.09, 'seg': 0.121, 'cls': 0.3, 'special': 0.0, 'embed': 0.006}
[g4_fold0] ep81 step101/249 loss=0.4289 {'ds': 0.321, 'seg': 0.331, 'cls': 0.39, 'special': 0.0, 'embed': 0.004}
[g4_fold0] ep81 step121/249 loss=0.6459 {'ds': 0.378, 'seg': 0.582, 'cls': 0.256, 'special': 0.0, 'embed': 0.001}
[g4_fold0] ep81 step141/249 loss=0.2629 {'ds': 0.116, 'seg': 0.162, 'cls': 0.401, 'special': 0.0, 'embed': 0.003}
[g4_fold0] ep81 step161/249 loss=0.7827 {'ds': 0.417, 'seg': 0.703, 'cls': 0.318, 'special': 0.0, 'embed': 0.002}
[g4_fold0] ep81 step181/249 loss=0.8345 {'ds': 0.459, 'seg': 0.764, 'cls': 0.281, 'special': 0.0, 'embed': 0.001}
[g4_fold0] ep81 step201/249 loss=0.1618 {'ds': 0.077, 'seg': 0.103, 'cls': 0.235, 'special': 0.0, 'embed': 0.003}
[g4_fold0] ep81 step221/249 loss=0.1863 {'ds': 0.096, 'seg': 0.134, 'cls': 0.209, 'special': 0.0, 'embed': 0.001}
[g4_fold0] ep81 step241/249 loss=1.3948 {'ds': 0.75, 'seg': 1.3, 'cls': 0.378, 'special': 0.0, 'embed': 0.0}
[g4_fold0] epoch 81 loss=0.3069 dice_core=0.9196 dice_peri=0.9475 thr=[0.6, 0.4] (203s)
[g4_fold0] ep82 step21/249 loss=0.3572 {'ds': 0.185, 'seg': 0.247, 'cls': 0.441, 'special': 0.0, 'embed': 0.005}
[g4_fold0] ep82 step41/249 loss=0.2108 {'ds': 0.107, 'seg': 0.14, 'cls': 0.282, 'special': 0.0, 'embed': 0.002}
[g4_fold0] ep82 step61/249 loss=0.1568 {'ds': 0.069, 'seg': 0.091, 'cls': 0.264, 'special': 0.0, 'embed': 0.001}
[g4_fold0] ep82 step81/249 loss=0.9493 {'ds': 0.564, 'seg': 0.85, 'cls': 0.396, 'special': 0.0, 'embed': 0.003}
[g4_fold0] ep82 step101/249 loss=0.1990 {'ds': 0.096, 'seg': 0.128, 'cls': 0.283, 'special': 0.0, 'embed': 0.003}
[g4_fold0] ep82 step121/249 loss=0.7716 {'ds': 0.419, 'seg': 0.709, 'cls': 0.249, 'special': 0.0, 'embed': 0.002}
[g4_fold0] ep82 step141/249 loss=0.1348 {'ds': 0.054, 'seg': 0.069, 'cls': 0.264, 'special': 0.0, 'embed': 0.003}
[g4_fold0] ep82 step161/249 loss=0.1596 {'ds': 0.072, 'seg': 0.096, 'cls': 0.253, 'special': 0.0, 'embed': 0.001}
[g4_fold0] ep82 step181/249 loss=0.7893 {'ds': 0.401, 'seg': 0.684, 'cls': 0.419, 'special': 0.0, 'embed': 0.0}
[g4_fold0] ep82 step201/249 loss=0.1766 {'ds': 0.087, 'seg': 0.118, 'cls': 0.235, 'special': 0.0, 'embed': 0.004}
[g4_fold0] ep82 step221/249 loss=0.2535 {'ds': 0.135, 'seg': 0.185, 'cls': 0.272, 'special': 0.0, 'embed': 0.002}
[g4_fold0] ep82 step241/249 loss=0.2110 {'ds': 0.11, 'seg': 0.14, 'cls': 0.283, 'special': 0.0, 'embed': 0.001}
[g4_fold0] epoch 82 loss=0.3210 dice_core=0.9197 dice_peri=0.9476 thr=[0.6, 0.4] (207s)
[g4_fold0] ep83 step21/249 loss=0.9937 {'ds': 0.611, 'seg': 0.91, 'cls': 0.335, 'special': 0.0, 'embed': 0.002}
[g4_fold0] ep83 step41/249 loss=0.8467 {'ds': 0.462, 'seg': 0.771, 'cls': 0.3, 'special': 0.0, 'embed': 0.004}
[g4_fold0] ep83 step61/249 loss=0.7052 {'ds': 0.428, 'seg': 0.591, 'cls': 0.455, 'special': 0.0, 'embed': 0.002}
[g4_fold0] ep83 step81/249 loss=0.5001 {'ds': 0.217, 'seg': 0.41, 'cls': 0.358, 'special': 0.0, 'embed': 0.003}
[g4_fold0] ep83 step101/249 loss=0.8827 {'ds': 0.456, 'seg': 0.757, 'cls': 0.501, 'special': 0.0, 'embed': 0.001}
[g4_fold0] ep83 step121/249 loss=0.2631 {'ds': 0.139, 'seg': 0.192, 'cls': 0.284, 'special': 0.0, 'embed': 0.0}
[g4_fold0] ep83 step141/249 loss=0.1207 {'ds': 0.048, 'seg': 0.061, 'cls': 0.239, 'special': 0.0, 'embed': 0.003}
[g4_fold0] ep83 step161/249 loss=0.1972 {'ds': 0.09, 'seg': 0.119, 'cls': 0.311, 'special': 0.0, 'embed': 0.003}
[g4_fold0] ep83 step181/249 loss=0.1451 {'ds': 0.071, 'seg': 0.094, 'cls': 0.205, 'special': 0.0, 'embed': 0.001}
[g4_fold0] ep83 step201/249 loss=0.2432 {'ds': 0.148, 'seg': 0.199, 'cls': 0.178, 'special': 0.0, 'embed': 0.002}
[g4_fold0] ep83 step221/249 loss=0.2862 {'ds': 0.152, 'seg': 0.221, 'cls': 0.262, 'special': 0.0, 'embed': 0.001}
[g4_fold0] ep83 step241/249 loss=0.3136 {'ds': 0.164, 'seg': 0.23, 'cls': 0.332, 'special': 0.0, 'embed': 0.007}
[g4_fold0] epoch 83 loss=0.3291 dice_core=0.9196 dice_peri=0.9475 thr=[0.6, 0.4] (212s)
[g4_fold0] ep84 step21/249 loss=0.1671 {'ds': 0.075, 'seg': 0.1, 'cls': 0.269, 'special': 0.0, 'embed': 0.002}
[g4_fold0] ep84 step41/249 loss=0.3299 {'ds': 0.179, 'seg': 0.241, 'cls': 0.354, 'special': 0.0, 'embed': 0.001}
[g4_fold0] ep84 step61/249 loss=0.8563 {'ds': 0.476, 'seg': 0.803, 'cls': 0.214, 'special': 0.0, 'embed': 0.0}
[g4_fold0] ep84 step81/249 loss=0.7775 {'ds': 0.422, 'seg': 0.711, 'cls': 0.263, 'special': 0.0, 'embed': 0.003}
[g4_fold0] ep84 step101/249 loss=0.7362 {'ds': 0.398, 'seg': 0.675, 'cls': 0.242, 'special': 0.0, 'embed': 0.004}
[g4_fold0] ep84 step121/249 loss=0.2115 {'ds': 0.113, 'seg': 0.15, 'cls': 0.245, 'special': 0.0, 'embed': 0.001}
[g4_fold0] ep84 step141/249 loss=0.7893 {'ds': 0.414, 'seg': 0.703, 'cls': 0.344, 'special': 0.0, 'embed': 0.001}
[g4_fold0] ep84 step161/249 loss=0.3163 {'ds': 0.192, 'seg': 0.263, 'cls': 0.213, 'special': 0.0, 'embed': 0.003}
[g4_fold0] ep84 step181/249 loss=0.1675 {'ds': 0.066, 'seg': 0.089, 'cls': 0.313, 'special': 0.0, 'embed': 0.003}
[g4_fold0] ep84 step201/249 loss=0.1459 {'ds': 0.066, 'seg': 0.091, 'cls': 0.221, 'special': 0.0, 'embed': 0.001}
[g4_fold0] ep84 step221/249 loss=0.1915 {'ds': 0.071, 'seg': 0.1, 'cls': 0.365, 'special': 0.0, 'embed': 0.003}
[g4_fold0] ep84 step241/249 loss=0.3914 {'ds': 0.211, 'seg': 0.285, 'cls': 0.427, 'special': 0.0, 'embed': 0.001}
[g4_fold0] epoch 84 loss=0.3401 dice_core=0.9195 dice_peri=0.9473 thr=[0.6, 0.4] (208s)
[g4_fold0] ep85 step21/249 loss=0.2354 {'ds': 0.092, 'seg': 0.132, 'cls': 0.411, 'special': 0.0, 'embed': 0.004}
[g4_fold0] ep85 step41/249 loss=0.1373 {'ds': 0.064, 'seg': 0.083, 'cls': 0.217, 'special': 0.0, 'embed': 0.003}
[g4_fold0] ep85 step61/249 loss=0.1692 {'ds': 0.073, 'seg': 0.091, 'cls': 0.312, 'special': 0.0, 'embed': 0.001}
[g4_fold0] ep85 step81/249 loss=0.1461 {'ds': 0.059, 'seg': 0.079, 'cls': 0.269, 'special': 0.0, 'embed': 0.001}
[g4_fold0] ep85 step101/249 loss=0.1486 {'ds': 0.075, 'seg': 0.094, 'cls': 0.216, 'special': 0.0, 'embed': 0.003}
[g4_fold0] ep85 step121/249 loss=0.2978 {'ds': 0.151, 'seg': 0.212, 'cls': 0.344, 'special': 0.0, 'embed': 0.003}
[g4_fold0] ep85 step141/249 loss=0.2694 {'ds': 0.165, 'seg': 0.215, 'cls': 0.218, 'special': 0.0, 'embed': 0.001}
[g4_fold0] ep85 step161/249 loss=0.1644 {'ds': 0.075, 'seg': 0.101, 'cls': 0.254, 'special': 0.0, 'embed': 0.004}
[g4_fold0] ep85 step181/249 loss=0.2868 {'ds': 0.169, 'seg': 0.231, 'cls': 0.221, 'special': 0.0, 'embed': 0.001}
[g4_fold0] ep85 step201/249 loss=0.1939 {'ds': 0.081, 'seg': 0.108, 'cls': 0.341, 'special': 0.0, 'embed': 0.002}
[g4_fold0] ep85 step221/249 loss=0.1342 {'ds': 0.06, 'seg': 0.083, 'cls': 0.205, 'special': 0.0, 'embed': 0.005}
[g4_fold0] ep85 step241/249 loss=0.1757 {'ds': 0.084, 'seg': 0.107, 'cls': 0.275, 'special': 0.0, 'embed': 0.0}
[g4_fold0] epoch 85 loss=0.3043 dice_core=0.9193 dice_peri=0.9470 thr=[0.6, 0.4] (211s)
[g4_fold0] ep86 step21/249 loss=0.2485 {'ds': 0.126, 'seg': 0.166, 'cls': 0.328, 'special': 0.0, 'embed': 0.001}
[g4_fold0] ep86 step41/249 loss=0.2610 {'ds': 0.103, 'seg': 0.141, 'cls': 0.481, 'special': 0.0, 'embed': 0.003}
[g4_fold0] ep86 step61/249 loss=0.7919 {'ds': 0.404, 'seg': 0.692, 'cls': 0.399, 'special': 0.0, 'embed': 0.003}
[g4_fold0] ep86 step81/249 loss=0.8506 {'ds': 0.483, 'seg': 0.771, 'cls': 0.318, 'special': 0.0, 'embed': 0.001}
[g4_fold0] ep86 step101/249 loss=0.5611 {'ds': 0.273, 'seg': 0.494, 'cls': 0.266, 'special': 0.0, 'embed': 0.004}
[g4_fold0] ep86 step121/249 loss=0.3491 {'ds': 0.21, 'seg': 0.289, 'cls': 0.241, 'special': 0.0, 'embed': 0.0}
[g4_fold0] ep86 step141/249 loss=0.2826 {'ds': 0.117, 'seg': 0.157, 'cls': 0.5, 'special': 0.001, 'embed': 0.002}
[g4_fold0] ep86 step161/249 loss=0.1472 {'ds': 0.079, 'seg': 0.106, 'cls': 0.164, 'special': 0.0, 'embed': 0.005}
[g4_fold0] ep86 step181/249 loss=0.1833 {'ds': 0.093, 'seg': 0.124, 'cls': 0.237, 'special': 0.0, 'embed': 0.0}
[g4_fold0] ep86 step201/249 loss=0.4817 {'ds': 0.174, 'seg': 0.368, 'cls': 0.453, 'special': 0.0, 'embed': 0.001}
[g4_fold0] ep86 step221/249 loss=1.2080 {'ds': 0.606, 'seg': 1.097, 'cls': 0.443, 'special': 0.0, 'embed': 0.0}
[g4_fold0] ep86 step241/249 loss=1.1805 {'ds': 0.589, 'seg': 1.064, 'cls': 0.465, 'special': 0.0, 'embed': 0.001}
[g4_fold0] epoch 86 loss=0.3157 dice_core=0.9188 dice_peri=0.9467 thr=[0.6, 0.4] (215s)
[g4_fold0] ep87 step21/249 loss=0.1772 {'ds': 0.067, 'seg': 0.085, 'cls': 0.367, 'special': 0.0, 'embed': 0.001}
[g4_fold0] ep87 step41/249 loss=0.2532 {'ds': 0.143, 'seg': 0.184, 'cls': 0.275, 'special': 0.0, 'embed': 0.003}
[g4_fold0] ep87 step61/249 loss=0.3350 {'ds': 0.162, 'seg': 0.227, 'cls': 0.433, 'special': 0.0, 'embed': 0.0}
[g4_fold0] ep87 step81/249 loss=0.2630 {'ds': 0.148, 'seg': 0.202, 'cls': 0.242, 'special': 0.0, 'embed': 0.002}
[g4_fold0] ep87 step101/249 loss=0.1243 {'ds': 0.052, 'seg': 0.066, 'cls': 0.233, 'special': 0.0, 'embed': 0.004}
[g4_fold0] ep87 step121/249 loss=0.8842 {'ds': 0.478, 'seg': 0.79, 'cls': 0.377, 'special': 0.0, 'embed': 0.0}
[g4_fold0] ep87 step141/249 loss=0.2342 {'ds': 0.115, 'seg': 0.159, 'cls': 0.299, 'special': 0.0, 'embed': 0.001}
[g4_fold0] ep87 step161/249 loss=0.3496 {'ds': 0.23, 'seg': 0.264, 'cls': 0.344, 'special': 0.0, 'embed': 0.0}
[g4_fold0] ep87 step181/249 loss=0.7900 {'ds': 0.428, 'seg': 0.723, 'cls': 0.266, 'special': 0.0, 'embed': 0.001}
[g4_fold0] ep87 step201/249 loss=0.1393 {'ds': 0.055, 'seg': 0.073, 'cls': 0.265, 'special': 0.0, 'embed': 0.004}
[g4_fold0] ep87 step221/249 loss=0.2935 {'ds': 0.153, 'seg': 0.212, 'cls': 0.327, 'special': 0.0, 'embed': 0.002}
[g4_fold0] ep87 step241/249 loss=0.5401 {'ds': 0.338, 'seg': 0.458, 'cls': 0.327, 'special': 0.0, 'embed': 0.0}
[g4_fold0] epoch 87 loss=0.3074 dice_core=0.9186 dice_peri=0.9463 thr=[0.6, 0.35] (207s)
[g4_fold0] ep88 step21/249 loss=0.4979 {'ds': 0.189, 'seg': 0.386, 'cls': 0.449, 'special': 0.0, 'embed': 0.002}
[g4_fold0] ep88 step41/249 loss=0.3779 {'ds': 0.23, 'seg': 0.307, 'cls': 0.284, 'special': 0.0, 'embed': 0.004}
[g4_fold0] ep88 step61/249 loss=0.3162 {'ds': 0.195, 'seg': 0.248, 'cls': 0.275, 'special': 0.0, 'embed': 0.0}
[g4_fold0] ep88 step81/249 loss=0.2077 {'ds': 0.104, 'seg': 0.143, 'cls': 0.258, 'special': 0.0, 'embed': 0.001}
[g4_fold0] ep88 step101/249 loss=0.2940 {'ds': 0.159, 'seg': 0.208, 'cls': 0.343, 'special': 0.0, 'embed': 0.0}
[g4_fold0] ep88 step121/249 loss=0.3686 {'ds': 0.232, 'seg': 0.296, 'cls': 0.292, 'special': 0.0, 'embed': 0.001}
[g4_fold0] ep88 step141/249 loss=1.1839 {'ds': 0.673, 'seg': 1.067, 'cls': 0.467, 'special': 0.0, 'embed': 0.004}
[g4_fold0] ep88 step161/249 loss=0.2615 {'ds': 0.126, 'seg': 0.165, 'cls': 0.386, 'special': 0.0, 'embed': 0.002}
[g4_fold0] ep88 step181/249 loss=0.1871 {'ds': 0.101, 'seg': 0.138, 'cls': 0.196, 'special': 0.0, 'embed': 0.001}
[g4_fold0] ep88 step201/249 loss=0.1920 {'ds': 0.098, 'seg': 0.129, 'cls': 0.252, 'special': 0.0, 'embed': 0.002}
[g4_fold0] ep88 step221/249 loss=0.2974 {'ds': 0.157, 'seg': 0.213, 'cls': 0.336, 'special': 0.0, 'embed': 0.004}
[g4_fold0] ep88 step241/249 loss=0.5447 {'ds': 0.201, 'seg': 0.264, 'cls': 1.122, 'special': 0.0, 'embed': 0.003}
[g4_fold0] epoch 88 loss=0.3406 dice_core=0.9187 dice_peri=0.9463 thr=[0.6, 0.4] (221s)
[g4_fold0] ep89 step21/249 loss=0.1779 {'ds': 0.072, 'seg': 0.095, 'cls': 0.333, 'special': 0.0, 'embed': 0.001}
[g4_fold0] ep89 step41/249 loss=0.1055 {'ds': 0.048, 'seg': 0.061, 'cls': 0.176, 'special': 0.0, 'embed': 0.0}
[g4_fold0] ep89 step61/249 loss=0.3390 {'ds': 0.202, 'seg': 0.283, 'cls': 0.224, 'special': 0.0, 'embed': 0.001}
[g4_fold0] ep89 step81/249 loss=0.5257 {'ds': 0.331, 'seg': 0.461, 'cls': 0.258, 'special': 0.0, 'embed': 0.004}
[g4_fold0] ep89 step101/249 loss=0.2188 {'ds': 0.102, 'seg': 0.131, 'cls': 0.35, 'special': 0.0, 'embed': 0.002}
[g4_fold0] ep89 step121/249 loss=1.0273 {'ds': 0.512, 'seg': 0.97, 'cls': 0.229, 'special': 0.0, 'embed': 0.0}
[g4_fold0] ep89 step141/249 loss=0.8571 {'ds': 0.546, 'seg': 0.762, 'cls': 0.378, 'special': 0.0, 'embed': 0.002}
[g4_fold0] ep89 step161/249 loss=0.8059 {'ds': 0.428, 'seg': 0.725, 'cls': 0.323, 'special': 0.0, 'embed': 0.003}
[g4_fold0] ep89 step181/249 loss=0.2911 {'ds': 0.153, 'seg': 0.197, 'cls': 0.376, 'special': 0.0, 'embed': 0.002}
[g4_fold0] ep89 step201/249 loss=0.1557 {'ds': 0.078, 'seg': 0.102, 'cls': 0.216, 'special': 0.0, 'embed': 0.002}
[g4_fold0] ep89 step221/249 loss=0.7418 {'ds': 0.403, 'seg': 0.686, 'cls': 0.224, 'special': 0.0, 'embed': 0.001}
[g4_fold0] ep89 step241/249 loss=0.8900 {'ds': 0.416, 'seg': 0.706, 'cls': 0.736, 'special': 0.0, 'embed': 0.0}
[g4_fold0] epoch 89 loss=0.3322 dice_core=0.9188 dice_peri=0.9464 thr=[0.6, 0.35] (216s)
[g4_fold0] ep90 step21/249 loss=0.2310 {'ds': 0.093, 'seg': 0.128, 'cls': 0.41, 'special': 0.0, 'embed': 0.004}
[g4_fold0] ep90 step41/249 loss=0.2026 {'ds': 0.09, 'seg': 0.128, 'cls': 0.299, 'special': 0.0, 'embed': 0.002}
[g4_fold0] ep90 step61/249 loss=0.7475 {'ds': 0.408, 'seg': 0.693, 'cls': 0.217, 'special': 0.0, 'embed': 0.0}
[g4_fold0] ep90 step81/249 loss=0.1957 {'ds': 0.109, 'seg': 0.15, 'cls': 0.181, 'special': 0.0, 'embed': 0.002}
[g4_fold0] ep90 step101/249 loss=0.2240 {'ds': 0.091, 'seg': 0.126, 'cls': 0.393, 'special': 0.0, 'embed': 0.003}
[g4_fold0] ep90 step121/249 loss=0.2281 {'ds': 0.108, 'seg': 0.139, 'cls': 0.357, 'special': 0.0, 'embed': 0.003}
[g4_fold0] ep90 step141/249 loss=0.7518 {'ds': 0.416, 'seg': 0.704, 'cls': 0.191, 'special': 0.0, 'embed': 0.002}
[g4_fold0] ep90 step161/249 loss=0.1973 {'ds': 0.125, 'seg': 0.135, 'cls': 0.25, 'special': 0.0, 'embed': 0.001}
[g4_fold0] ep90 step181/249 loss=0.4267 {'ds': 0.16, 'seg': 0.346, 'cls': 0.324, 'special': 0.0, 'embed': 0.0}
[g4_fold0] ep90 step201/249 loss=0.8244 {'ds': 0.44, 'seg': 0.74, 'cls': 0.336, 'special': 0.0, 'embed': 0.003}
[g4_fold0] ep90 step221/249 loss=0.2933 {'ds': 0.157, 'seg': 0.219, 'cls': 0.298, 'special': 0.0, 'embed': 0.002}
[g4_fold0] ep90 step241/249 loss=0.2444 {'ds': 0.106, 'seg': 0.137, 'cls': 0.43, 'special': 0.0, 'embed': 0.001}
[g4_fold0] epoch 90 loss=0.3027 dice_core=0.9189 dice_peri=0.9465 thr=[0.6, 0.4] (218s)
[g4_fold0] ep91 step21/249 loss=0.1429 {'ds': 0.055, 'seg': 0.074, 'cls': 0.274, 'special': 0.0, 'embed': 0.002}
[g4_fold0] ep91 step41/249 loss=0.2175 {'ds': 0.109, 'seg': 0.146, 'cls': 0.286, 'special': 0.0, 'embed': 0.004}
[g4_fold0] ep91 step61/249 loss=0.3077 {'ds': 0.178, 'seg': 0.242, 'cls': 0.261, 'special': 0.0, 'embed': 0.003}
[g4_fold0] ep91 step81/249 loss=0.5341 {'ds': 0.345, 'seg': 0.481, 'cls': 0.212, 'special': 0.0, 'embed': 0.002}
[g4_fold0] ep91 step101/249 loss=0.7860 {'ds': 0.331, 'seg': 0.587, 'cls': 0.796, 'special': 0.0, 'embed': 0.001}
[g4_fold0] ep91 step121/249 loss=0.8956 {'ds': 0.489, 'seg': 0.822, 'cls': 0.295, 'special': 0.0, 'embed': 0.0}
[g4_fold0] ep91 step141/249 loss=0.2142 {'ds': 0.082, 'seg': 0.109, 'cls': 0.419, 'special': 0.0, 'embed': 0.004}
[g4_fold0] ep91 step161/249 loss=0.1935 {'ds': 0.097, 'seg': 0.127, 'cls': 0.264, 'special': 0.0, 'embed': 0.002}
[g4_fold0] ep91 step181/249 loss=0.1687 {'ds': 0.055, 'seg': 0.072, 'cls': 0.386, 'special': 0.0, 'embed': 0.001}
[g4_fold0] ep91 step201/249 loss=0.1617 {'ds': 0.088, 'seg': 0.114, 'cls': 0.189, 'special': 0.0, 'embed': 0.001}
[g4_fold0] ep91 step221/249 loss=0.3290 {'ds': 0.163, 'seg': 0.235, 'cls': 0.377, 'special': 0.0, 'embed': 0.003}
[g4_fold0] ep91 step241/249 loss=0.1293 {'ds': 0.062, 'seg': 0.082, 'cls': 0.189, 'special': 0.0, 'embed': 0.003}
[g4_fold0] epoch 91 loss=0.3240 dice_core=0.9190 dice_peri=0.9465 thr=[0.6, 0.4] (218s)
[g4_fold0] ep92 step21/249 loss=0.7658 {'ds': 0.427, 'seg': 0.722, 'cls': 0.175, 'special': 0.0, 'embed': 0.002}
[g4_fold0] ep92 step41/249 loss=0.1695 {'ds': 0.083, 'seg': 0.108, 'cls': 0.245, 'special': 0.0, 'embed': 0.001}
[g4_fold0] ep92 step61/249 loss=0.1860 {'ds': 0.056, 'seg': 0.073, 'cls': 0.45, 'special': 0.0, 'embed': 0.0}
[g4_fold0] ep92 step81/249 loss=0.2375 {'ds': 0.125, 'seg': 0.175, 'cls': 0.249, 'special': 0.0, 'embed': 0.004}
[g4_fold0] ep92 step101/249 loss=0.8652 {'ds': 0.464, 'seg': 0.78, 'cls': 0.34, 'special': 0.0, 'embed': 0.002}
[g4_fold0] ep92 step121/249 loss=0.1902 {'ds': 0.071, 'seg': 0.102, 'cls': 0.35, 'special': 0.0, 'embed': 0.001}
[g4_fold0] ep92 step141/249 loss=0.2839 {'ds': 0.154, 'seg': 0.212, 'cls': 0.289, 'special': 0.0, 'embed': 0.001}
[g4_fold0] ep92 step161/249 loss=0.6751 {'ds': 0.326, 'seg': 0.578, 'cls': 0.389, 'special': 0.0, 'embed': 0.003}
[g4_fold0] ep92 step181/249 loss=0.1379 {'ds': 0.073, 'seg': 0.091, 'cls': 0.187, 'special': 0.0, 'embed': 0.003}
[g4_fold0] ep92 step201/249 loss=0.1406 {'ds': 0.067, 'seg': 0.09, 'cls': 0.203, 'special': 0.0, 'embed': 0.001}
[g4_fold0] ep92 step221/249 loss=0.3132 {'ds': 0.188, 'seg': 0.24, 'cls': 0.294, 'special': 0.0, 'embed': 0.003}
[g4_fold0] ep92 step241/249 loss=0.1602 {'ds': 0.079, 'seg': 0.105, 'cls': 0.221, 'special': 0.0, 'embed': 0.001}
[g4_fold0] epoch 92 loss=0.3329 dice_core=0.9191 dice_peri=0.9465 thr=[0.6, 0.4] (227s)
[g4_fold0] ep93 step21/249 loss=0.1657 {'ds': 0.077, 'seg': 0.103, 'cls': 0.25, 'special': 0.0, 'embed': 0.004}
[g4_fold0] ep93 step41/249 loss=0.1631 {'ds': 0.091, 'seg': 0.117, 'cls': 0.184, 'special': 0.0, 'embed': 0.002}
[g4_fold0] ep93 step61/249 loss=0.9066 {'ds': 0.509, 'seg': 0.834, 'cls': 0.292, 'special': 0.0, 'embed': 0.001}
[g4_fold0] ep93 step81/249 loss=0.1841 {'ds': 0.065, 'seg': 0.088, 'cls': 0.385, 'special': 0.0, 'embed': 0.001}
[g4_fold0] ep93 step101/249 loss=0.1376 {'ds': 0.059, 'seg': 0.069, 'cls': 0.272, 'special': 0.0, 'embed': 0.003}
[g4_fold0] ep93 step121/249 loss=0.1965 {'ds': 0.111, 'seg': 0.15, 'cls': 0.185, 'special': 0.0, 'embed': 0.003}
[g4_fold0] ep93 step141/249 loss=0.2196 {'ds': 0.111, 'seg': 0.157, 'cls': 0.248, 'special': 0.0, 'embed': 0.001}
[g4_fold0] ep93 step161/249 loss=0.2892 {'ds': 0.166, 'seg': 0.236, 'cls': 0.213, 'special': 0.0, 'embed': 0.003}
[g4_fold0] ep93 step181/249 loss=0.2318 {'ds': 0.116, 'seg': 0.159, 'cls': 0.29, 'special': 0.0, 'embed': 0.001}
[g4_fold0] ep93 step201/249 loss=0.1651 {'ds': 0.071, 'seg': 0.096, 'cls': 0.277, 'special': 0.0, 'embed': 0.002}
[g4_fold0] ep93 step221/249 loss=0.1624 {'ds': 0.086, 'seg': 0.118, 'cls': 0.178, 'special': 0.0, 'embed': 0.004}
[g4_fold0] ep93 step241/249 loss=0.2178 {'ds': 0.106, 'seg': 0.144, 'cls': 0.295, 'special': 0.0, 'embed': 0.0}
[g4_fold0] epoch 93 loss=0.2857 dice_core=0.9191 dice_peri=0.9465 thr=[0.6, 0.4] (218s)
[g4_fold0] ep94 step21/249 loss=0.5082 {'ds': 0.309, 'seg': 0.423, 'cls': 0.339, 'special': 0.0, 'embed': 0.001}
[g4_fold0] ep94 step41/249 loss=0.2040 {'ds': 0.094, 'seg': 0.132, 'cls': 0.286, 'special': 0.0, 'embed': 0.003}
[g4_fold0] ep94 step61/249 loss=0.3311 {'ds': 0.156, 'seg': 0.218, 'cls': 0.453, 'special': 0.0, 'embed': 0.003}
[g4_fold0] ep94 step81/249 loss=0.3157 {'ds': 0.182, 'seg': 0.251, 'cls': 0.257, 'special': 0.0, 'embed': 0.001}
[g4_fold0] ep94 step101/249 loss=0.7535 {'ds': 0.407, 'seg': 0.692, 'cls': 0.246, 'special': 0.0, 'embed': 0.003}
[g4_fold0] ep94 step121/249 loss=0.1206 {'ds': 0.052, 'seg': 0.066, 'cls': 0.217, 'special': 0.0, 'embed': 0.001}
[g4_fold0] ep94 step141/249 loss=0.2586 {'ds': 0.111, 'seg': 0.167, 'cls': 0.365, 'special': 0.0, 'embed': 0.002}
[g4_fold0] ep94 step161/249 loss=0.3531 {'ds': 0.236, 'seg': 0.278, 'cls': 0.299, 'special': 0.0, 'embed': 0.004}
[g4_fold0] ep94 step181/249 loss=0.2570 {'ds': 0.133, 'seg': 0.192, 'cls': 0.261, 'special': 0.0, 'embed': 0.0}
[g4_fold0] ep94 step201/249 loss=0.1296 {'ds': 0.059, 'seg': 0.08, 'cls': 0.197, 'special': 0.0, 'embed': 0.001}
[g4_fold0] ep94 step221/249 loss=0.3283 {'ds': 0.138, 'seg': 0.176, 'cls': 0.61, 'special': 0.0, 'embed': 0.0}
[g4_fold0] ep94 step241/249 loss=0.3360 {'ds': 0.2, 'seg': 0.273, 'cls': 0.253, 'special': 0.0, 'embed': 0.001}
[g4_fold0] epoch 94 loss=0.3324 dice_core=0.9191 dice_peri=0.9465 thr=[0.6, 0.4] (218s)
[g4_fold0] ep95 step21/249 loss=0.1331 {'ds': 0.068, 'seg': 0.09, 'cls': 0.171, 'special': 0.0, 'embed': 0.001}
[g4_fold0] ep95 step41/249 loss=0.5417 {'ds': 0.242, 'seg': 0.457, 'cls': 0.338, 'special': 0.0, 'embed': 0.003}
[g4_fold0] ep95 step61/249 loss=0.1643 {'ds': 0.085, 'seg': 0.11, 'cls': 0.215, 'special': 0.0, 'embed': 0.001}
[g4_fold0] ep95 step81/249 loss=0.1654 {'ds': 0.068, 'seg': 0.084, 'cls': 0.325, 'special': 0.0, 'embed': 0.002}
[g4_fold0] ep95 step101/249 loss=0.4949 {'ds': 0.223, 'seg': 0.426, 'cls': 0.274, 'special': 0.0, 'embed': 0.004}
[g4_fold0] ep95 step121/249 loss=0.1569 {'ds': 0.063, 'seg': 0.081, 'cls': 0.303, 'special': 0.0, 'embed': 0.0}
[g4_fold0] ep95 step141/249 loss=0.8535 {'ds': 0.47, 'seg': 0.78, 'cls': 0.295, 'special': 0.0, 'embed': 0.001}
[g4_fold0] ep95 step161/249 loss=0.5845 {'ds': 0.318, 'seg': 0.482, 'cls': 0.411, 'special': 0.0, 'embed': 0.0}
[g4_fold0] ep95 step181/249 loss=0.1748 {'ds': 0.075, 'seg': 0.103, 'cls': 0.285, 'special': 0.0, 'embed': 0.001}
[g4_fold0] ep95 step201/249 loss=0.5808 {'ds': 0.366, 'seg': 0.515, 'cls': 0.262, 'special': 0.0, 'embed': 0.004}
[g4_fold0] ep95 step221/249 loss=0.2620 {'ds': 0.132, 'seg': 0.179, 'cls': 0.332, 'special': 0.0, 'embed': 0.002}
[g4_fold0] ep95 step241/249 loss=0.8461 {'ds': 0.469, 'seg': 0.778, 'cls': 0.273, 'special': 0.0, 'embed': 0.001}
[g4_fold0] epoch 95 loss=0.3276 dice_core=0.9191 dice_peri=0.9466 thr=[0.6, 0.4] (238s)
[g4_fold0] ep96 step21/249 loss=0.7332 {'ds': 0.404, 'seg': 0.686, 'cls': 0.19, 'special': 0.0, 'embed': 0.002}
[g4_fold0] ep96 step41/249 loss=0.8060 {'ds': 0.422, 'seg': 0.712, 'cls': 0.373, 'special': 0.0, 'embed': 0.004}
[g4_fold0] ep96 step61/249 loss=1.3827 {'ds': 0.75, 'seg': 1.3, 'cls': 0.329, 'special': 0.0, 'embed': 0.0}
[g4_fold0] ep96 step81/249 loss=0.7482 {'ds': 0.405, 'seg': 0.686, 'cls': 0.248, 'special': 0.0, 'embed': 0.001}
[g4_fold0] ep96 step101/249 loss=0.1881 {'ds': 0.099, 'seg': 0.119, 'cls': 0.277, 'special': 0.0, 'embed': 0.0}
[g4_fold0] ep96 step121/249 loss=0.2926 {'ds': 0.108, 'seg': 0.14, 'cls': 0.612, 'special': 0.0, 'embed': 0.001}
[g4_fold0] ep96 step141/249 loss=0.2830 {'ds': 0.138, 'seg': 0.18, 'cls': 0.409, 'special': 0.0, 'embed': 0.004}
[g4_fold0] ep96 step161/249 loss=0.2244 {'ds': 0.075, 'seg': 0.102, 'cls': 0.491, 'special': 0.0, 'embed': 0.002}
[g4_fold0] ep96 step181/249 loss=1.0753 {'ds': 0.542, 'seg': 1.009, 'cls': 0.264, 'special': 0.0, 'embed': 0.001}
[g4_fold0] ep96 step201/249 loss=0.1991 {'ds': 0.083, 'seg': 0.111, 'cls': 0.352, 'special': 0.0, 'embed': 0.002}
[g4_fold0] ep96 step221/249 loss=0.2057 {'ds': 0.111, 'seg': 0.153, 'cls': 0.209, 'special': 0.0, 'embed': 0.003}
[g4_fold0] ep96 step241/249 loss=0.3050 {'ds': 0.158, 'seg': 0.205, 'cls': 0.399, 'special': 0.0, 'embed': 0.002}
[g4_fold0] epoch 96 loss=0.3164 dice_core=0.9192 dice_peri=0.9466 thr=[0.6, 0.4] (209s)
[g4_fold0] ep97 step21/249 loss=0.2421 {'ds': 0.136, 'seg': 0.192, 'cls': 0.199, 'special': 0.0, 'embed': 0.001}
[g4_fold0] ep97 step41/249 loss=0.2560 {'ds': 0.093, 'seg': 0.139, 'cls': 0.467, 'special': 0.0, 'embed': 0.0}
[g4_fold0] ep97 step61/249 loss=0.3203 {'ds': 0.27, 'seg': 0.258, 'cls': 0.247, 'special': 0.0, 'embed': 0.001}
[g4_fold0] ep97 step81/249 loss=0.2608 {'ds': 0.121, 'seg': 0.157, 'cls': 0.416, 'special': 0.0, 'embed': 0.004}
[g4_fold0] ep97 step101/249 loss=0.2153 {'ds': 0.107, 'seg': 0.138, 'cls': 0.306, 'special': 0.001, 'embed': 0.002}
[g4_fold0] ep97 step121/249 loss=0.2902 {'ds': 0.164, 'seg': 0.22, 'cls': 0.279, 'special': 0.0, 'embed': 0.001}
[g4_fold0] ep97 step141/249 loss=0.2703 {'ds': 0.129, 'seg': 0.175, 'cls': 0.382, 'special': 0.0, 'embed': 0.002}
[g4_fold0] ep97 step161/249 loss=0.2325 {'ds': 0.114, 'seg': 0.153, 'cls': 0.317, 'special': 0.0, 'embed': 0.003}
[g4_fold0] ep97 step181/249 loss=0.1840 {'ds': 0.069, 'seg': 0.095, 'cls': 0.357, 'special': 0.0, 'embed': 0.002}
[g4_fold0] ep97 step201/249 loss=0.4931 {'ds': 0.21, 'seg': 0.417, 'cls': 0.302, 'special': 0.0, 'embed': 0.002}
[g4_fold0] ep97 step221/249 loss=0.2525 {'ds': 0.134, 'seg': 0.164, 'cls': 0.356, 'special': 0.0, 'embed': 0.001}
[g4_fold0] ep97 step241/249 loss=0.2018 {'ds': 0.086, 'seg': 0.115, 'cls': 0.346, 'special': 0.0, 'embed': 0.0}
[g4_fold0] epoch 97 loss=0.3276 dice_core=0.9192 dice_peri=0.9467 thr=[0.65, 0.4] (245s)
[g4_fold0] ep98 step21/249 loss=0.1699 {'ds': 0.06, 'seg': 0.074, 'cls': 0.382, 'special': 0.0, 'embed': 0.004}
[g4_fold0] ep98 step41/249 loss=0.2256 {'ds': 0.107, 'seg': 0.128, 'cls': 0.39, 'special': 0.0, 'embed': 0.002}
[g4_fold0] ep98 step61/249 loss=0.2869 {'ds': 0.157, 'seg': 0.214, 'cls': 0.292, 'special': 0.0, 'embed': 0.001}
[g4_fold0] ep98 step81/249 loss=0.2711 {'ds': 0.165, 'seg': 0.214, 'cls': 0.227, 'special': 0.0, 'embed': 0.002}
[g4_fold0] ep98 step101/249 loss=0.1749 {'ds': 0.076, 'seg': 0.107, 'cls': 0.269, 'special': 0.0, 'embed': 0.003}
[g4_fold0] ep98 step121/249 loss=0.3151 {'ds': 0.165, 'seg': 0.235, 'cls': 0.318, 'special': 0.0, 'embed': 0.002}
[g4_fold0] ep98 step141/249 loss=0.2277 {'ds': 0.122, 'seg': 0.164, 'cls': 0.253, 'special': 0.0, 'embed': 0.002}
[g4_fold0] ep98 step161/249 loss=1.1123 {'ds': 0.536, 'seg': 1.002, 'cls': 0.44, 'special': 0.0, 'embed': 0.001}
[g4_fold0] ep98 step181/249 loss=0.5272 {'ds': 0.322, 'seg': 0.443, 'cls': 0.337, 'special': 0.0, 'embed': 0.0}
[g4_fold0] ep98 step201/249 loss=0.2864 {'ds': 0.167, 'seg': 0.227, 'cls': 0.236, 'special': 0.0, 'embed': 0.004}
[g4_fold0] ep98 step221/249 loss=0.5455 {'ds': 0.331, 'seg': 0.447, 'cls': 0.393, 'special': 0.0, 'embed': 0.002}
[g4_fold0] ep98 step241/249 loss=0.2721 {'ds': 0.154, 'seg': 0.21, 'cls': 0.247, 'special': 0.0, 'embed': 0.001}
[g4_fold0] epoch 98 loss=0.3024 dice_core=0.9192 dice_peri=0.9467 thr=[0.65, 0.4] (221s)
[g4_fold0] ep99 step21/249 loss=0.2892 {'ds': 0.215, 'seg': 0.193, 'cls': 0.384, 'special': 0.0, 'embed': 0.002}
[g4_fold0] ep99 step41/249 loss=0.8736 {'ds': 0.475, 'seg': 0.776, 'cls': 0.388, 'special': 0.0, 'embed': 0.003}
[g4_fold0] ep99 step61/249 loss=0.3142 {'ds': 0.159, 'seg': 0.234, 'cls': 0.318, 'special': 0.001, 'embed': 0.002}
[g4_fold0] ep99 step81/249 loss=0.2900 {'ds': 0.154, 'seg': 0.205, 'cls': 0.339, 'special': 0.0, 'embed': 0.002}
[g4_fold0] ep99 step101/249 loss=0.1977 {'ds': 0.074, 'seg': 0.097, 'cls': 0.402, 'special': 0.0, 'embed': 0.001}
[g4_fold0] ep99 step121/249 loss=0.2614 {'ds': 0.12, 'seg': 0.171, 'cls': 0.362, 'special': 0.0, 'embed': 0.0}
[g4_fold0] ep99 step141/249 loss=0.1879 {'ds': 0.102, 'seg': 0.134, 'cls': 0.214, 'special': 0.0, 'embed': 0.004}
[g4_fold0] ep99 step161/249 loss=0.1313 {'ds': 0.064, 'seg': 0.084, 'cls': 0.191, 'special': 0.0, 'embed': 0.002}
[g4_fold0] ep99 step181/249 loss=0.4477 {'ds': 0.178, 'seg': 0.365, 'cls': 0.332, 'special': 0.0, 'embed': 0.001}
[g4_fold0] ep99 step201/249 loss=0.1874 {'ds': 0.076, 'seg': 0.104, 'cls': 0.334, 'special': 0.0, 'embed': 0.0}
[g4_fold0] ep99 step221/249 loss=0.5760 {'ds': 0.227, 'seg': 0.437, 'cls': 0.553, 'special': 0.0, 'embed': 0.003}
[g4_fold0] ep99 step241/249 loss=1.3711 {'ds': 0.75, 'seg': 1.3, 'cls': 0.284, 'special': 0.0, 'embed': 0.003}
[g4_fold0] epoch 99 loss=0.3258 dice_core=0.9192 dice_peri=0.9467 thr=[0.65, 0.4] (208s)
[trainer] done. best=0.9476 thr=[0.6, 0.4] -> /mnt/data_sdb/wangx/code/BrainTumorSeg/glioma_track4/checkpoints/g4_fold0/best.pth
