[trainer] 从零训练：未加载预训练权重
[trainer] tag=g4_fold1 fold=1 train=499 val=125 steps/epoch=249 特殊影像正样本=[6, 6] 重复对=True
[g4_fold1] ep0 step21/249 loss=3.4290 {'ds': 1.544, 'seg': 2.232, 'cls': 1.205, 'special': 0.638, 'embed': 9.81}
[g4_fold1] ep0 step41/249 loss=2.9760 {'ds': 1.482, 'seg': 2.148, 'cls': 1.207, 'special': 0.626, 'embed': 4.927}
[g4_fold1] ep0 step61/249 loss=3.2908 {'ds': 1.449, 'seg': 2.11, 'cls': 1.17, 'special': 0.778, 'embed': 9.249}
[g4_fold1] ep0 step81/249 loss=2.9144 {'ds': 1.459, 'seg': 2.147, 'cls': 1.182, 'special': 0.617, 'embed': 4.231}
[g4_fold1] ep0 step101/249 loss=3.2136 {'ds': 1.422, 'seg': 2.104, 'cls': 1.145, 'special': 0.763, 'embed': 8.431}
[g4_fold1] ep0 step121/249 loss=2.5973 {'ds': 1.253, 'seg': 1.829, 'cls': 1.129, 'special': 0.753, 'embed': 3.968}
[g4_fold1] ep0 step141/249 loss=2.7626 {'ds': 1.332, 'seg': 1.955, 'cls': 1.13, 'special': 0.789, 'embed': 4.366}
[g4_fold1] ep0 step161/249 loss=2.6199 {'ds': 1.241, 'seg': 1.826, 'cls': 1.136, 'special': 0.747, 'embed': 4.316}
[g4_fold1] ep0 step181/249 loss=2.9115 {'ds': 1.226, 'seg': 1.855, 'cls': 1.062, 'special': 0.735, 'embed': 8.1}
[g4_fold1] ep0 step201/249 loss=2.1705 {'ds': 1.14, 'seg': 1.725, 'cls': 1.039, 'special': 0.712, 'embed': 0.103}
[g4_fold1] ep0 step221/249 loss=2.5867 {'ds': 1.173, 'seg': 1.807, 'cls': 1.013, 'special': 0.66, 'embed': 4.819}
[g4_fold1] ep0 step241/249 loss=2.5602 {'ds': 1.157, 'seg': 1.793, 'cls': 1.023, 'special': 0.701, 'embed': 4.489}
[g4_fold1] epoch 0 loss=2.1585 dice_core=0.0504 dice_peri=0.4487 thr=[0.1, 0.6] (224s)
[g4_fold1] ep1 step21/249 loss=1.8524 {'ds': 0.846, 'seg': 1.443, 'cls': 0.945, 'special': 0.693, 'embed': 0.003}
[g4_fold1] ep1 step41/249 loss=2.2127 {'ds': 0.869, 'seg': 1.502, 'cls': 0.857, 'special': 0.788, 'embed': 3.988}
[g4_fold1] ep1 step61/249 loss=1.7394 {'ds': 0.747, 'seg': 1.34, 'cls': 0.863, 'special': 0.663, 'embed': 0.242}
[g4_fold1] ep1 step81/249 loss=1.8625 {'ds': 0.846, 'seg': 1.38, 'cls': 0.763, 'special': 0.724, 'embed': 1.475}
[g4_fold1] ep1 step101/249 loss=2.1669 {'ds': 0.837, 'seg': 1.486, 'cls': 0.868, 'special': 0.649, 'embed': 4.022}
[g4_fold1] ep1 step121/249 loss=2.0948 {'ds': 0.805, 'seg': 1.383, 'cls': 0.764, 'special': 0.602, 'embed': 4.931}
[g4_fold1] ep1 step141/249 loss=1.4752 {'ds': 0.688, 'seg': 1.136, 'cls': 0.605, 'special': 0.751, 'embed': 0.004}
[g4_fold1] ep1 step161/249 loss=1.9027 {'ds': 0.771, 'seg': 1.243, 'cls': 0.626, 'special': 0.665, 'embed': 4.488}
[g4_fold1] ep1 step181/249 loss=1.2439 {'ds': 0.443, 'seg': 0.915, 'cls': 0.544, 'special': 0.592, 'embed': 0.601}
[g4_fold1] ep1 step201/249 loss=1.6516 {'ds': 0.314, 'seg': 0.684, 'cls': 0.605, 'special': 0.51, 'embed': 9.189}
[g4_fold1] ep1 step221/249 loss=1.7083 {'ds': 0.651, 'seg': 1.058, 'cls': 0.6, 'special': 0.511, 'embed': 4.961}
[g4_fold1] ep1 step241/249 loss=1.5031 {'ds': 0.531, 'seg': 0.88, 'cls': 0.543, 'special': 0.529, 'embed': 4.73}
[g4_fold1] epoch 1 loss=1.3708 dice_core=0.2010 dice_peri=0.7332 thr=[0.55, 0.6] (194s)
[g4_fold1] ep2 step21/249 loss=1.3537 {'ds': 0.531, 'seg': 0.767, 'cls': 0.458, 'special': 0.489, 'embed': 4.664}
[g4_fold1] ep2 step41/249 loss=1.4039 {'ds': 0.618, 'seg': 0.921, 'cls': 0.399, 'special': 0.239, 'embed': 4.314}
[g4_fold1] ep2 step61/249 loss=0.9426 {'ds': 0.287, 'seg': 0.404, 'cls': 0.351, 'special': 0.312, 'embed': 4.968}
[g4_fold1] ep2 step81/249 loss=0.7090 {'ds': 0.345, 'seg': 0.476, 'cls': 0.359, 'special': 0.227, 'embed': 1.157}
[g4_fold1] ep2 step101/249 loss=1.1273 {'ds': 0.282, 'seg': 0.364, 'cls': 0.422, 'special': 1.091, 'embed': 5.127}
[g4_fold1] ep2 step121/249 loss=1.2542 {'ds': 0.409, 'seg': 0.577, 'cls': 0.992, 'special': 0.133, 'embed': 5.28}
[g4_fold1] ep2 step141/249 loss=0.8017 {'ds': 0.214, 'seg': 0.289, 'cls': 0.406, 'special': 0.141, 'embed': 5.019}
[g4_fold1] ep2 step161/249 loss=1.2303 {'ds': 0.444, 'seg': 0.662, 'cls': 0.704, 'special': 0.076, 'embed': 4.981}
[g4_fold1] ep2 step181/249 loss=0.4402 {'ds': 0.207, 'seg': 0.281, 'cls': 0.472, 'special': 0.075, 'embed': 0.296}
[g4_fold1] ep2 step201/249 loss=1.1540 {'ds': 0.47, 'seg': 0.636, 'cls': 0.597, 'special': 0.065, 'embed': 4.701}
[g4_fold1] ep2 step221/249 loss=1.4608 {'ds': 0.594, 'seg': 0.83, 'cls': 0.359, 'special': 0.051, 'embed': 7.037}
[g4_fold1] ep2 step241/249 loss=0.5215 {'ds': 0.326, 'seg': 0.36, 'cls': 0.589, 'special': 0.024, 'embed': 0.117}
[g4_fold1] epoch 2 loss=0.7299 dice_core=0.6392 dice_peri=0.8351 thr=[0.5, 0.55] (204s)
[g4_fold1] ep3 step21/249 loss=0.9368 {'ds': 0.531, 'seg': 0.723, 'cls': 0.495, 'special': 0.359, 'embed': 0.001}
[g4_fold1] ep3 step41/249 loss=0.8264 {'ds': 0.189, 'seg': 0.247, 'cls': 0.446, 'special': 0.379, 'embed': 4.969}
[g4_fold1] ep3 step61/249 loss=1.1815 {'ds': 0.576, 'seg': 0.814, 'cls': 0.338, 'special': 0.015, 'embed': 3.729}
[g4_fold1] ep3 step81/249 loss=1.2129 {'ds': 0.282, 'seg': 0.369, 'cls': 0.343, 'special': 0.052, 'embed': 9.933}
[g4_fold1] ep3 step101/249 loss=0.7395 {'ds': 0.191, 'seg': 0.239, 'cls': 0.366, 'special': 0.134, 'embed': 5.0}
[g4_fold1] ep3 step121/249 loss=1.0207 {'ds': 0.301, 'seg': 0.369, 'cls': 1.074, 'special': 0.033, 'embed': 4.997}
[g4_fold1] ep3 step141/249 loss=0.9370 {'ds': 0.204, 'seg': 0.332, 'cls': 0.422, 'special': 1.739, 'embed': 0.865}
[g4_fold1] ep3 step161/249 loss=2.1811 {'ds': 1.07, 'seg': 1.573, 'cls': 0.868, 'special': 0.055, 'embed': 5.037}
[g4_fold1] ep3 step181/249 loss=0.6642 {'ds': 0.323, 'seg': 0.461, 'cls': 0.496, 'special': 0.315, 'embed': 0.005}
[g4_fold1] ep3 step201/249 loss=0.3641 {'ds': 0.206, 'seg': 0.245, 'cls': 0.267, 'special': 0.005, 'embed': 0.684}
[g4_fold1] ep3 step221/249 loss=1.4324 {'ds': 0.693, 'seg': 0.971, 'cls': 0.312, 'special': 0.035, 'embed': 4.996}
[g4_fold1] ep3 step241/249 loss=0.7103 {'ds': 0.177, 'seg': 0.245, 'cls': 0.359, 'special': 0.003, 'embed': 4.991}
[g4_fold1] epoch 3 loss=0.6573 dice_core=0.7687 dice_peri=0.8642 thr=[0.5, 0.55] (189s)
[g4_fold1] ep4 step21/249 loss=1.1418 {'ds': 0.173, 'seg': 0.244, 'cls': 0.312, 'special': 0.282, 'embed': 9.994}
[g4_fold1] ep4 step41/249 loss=1.0524 {'ds': 0.155, 'seg': 0.221, 'cls': 0.364, 'special': 0.03, 'embed': 9.778}
[g4_fold1] ep4 step61/249 loss=1.3487 {'ds': 0.331, 'seg': 0.423, 'cls': 0.489, 'special': 1.76, 'embed': 4.845}
[g4_fold1] ep4 step81/249 loss=0.9056 {'ds': 0.316, 'seg': 0.411, 'cls': 0.354, 'special': 0.138, 'embed': 4.956}
[g4_fold1] ep4 step101/249 loss=1.8530 {'ds': 0.956, 'seg': 1.338, 'cls': 0.472, 'special': 0.022, 'embed': 5.218}
[g4_fold1] ep4 step121/249 loss=0.5826 {'ds': 0.359, 'seg': 0.448, 'cls': 0.46, 'special': 0.074, 'embed': 0.009}
[g4_fold1] ep4 step141/249 loss=0.7423 {'ds': 0.193, 'seg': 0.243, 'cls': 0.503, 'special': 0.015, 'embed': 4.929}
[g4_fold1] ep4 step161/249 loss=0.6331 {'ds': 0.151, 'seg': 0.185, 'cls': 0.292, 'special': 0.002, 'embed': 4.997}
[g4_fold1] ep4 step181/249 loss=0.8864 {'ds': 0.551, 'seg': 0.773, 'cls': 0.427, 'special': 0.024, 'embed': 0.004}
[g4_fold1] ep4 step201/249 loss=1.1493 {'ds': 0.709, 'seg': 0.963, 'cls': 0.467, 'special': 0.061, 'embed': 0.729}
[g4_fold1] ep4 step221/249 loss=0.2523 {'ds': 0.138, 'seg': 0.17, 'cls': 0.294, 'special': 0.036, 'embed': 0.004}
[g4_fold1] ep4 step241/249 loss=0.7424 {'ds': 0.28, 'seg': 0.364, 'cls': 0.403, 'special': 0.073, 'embed': 3.453}
[g4_fold1] epoch 4 loss=0.6356 dice_core=0.8032 dice_peri=0.8811 thr=[0.5, 0.6] (204s)
[g4_fold1] ep5 step21/249 loss=1.2576 {'ds': 0.552, 'seg': 0.735, 'cls': 0.593, 'special': 0.01, 'embed': 4.959}
[g4_fold1] ep5 step41/249 loss=1.1016 {'ds': 0.369, 'seg': 0.523, 'cls': 0.427, 'special': 0.01, 'embed': 6.26}
[g4_fold1] ep5 step61/249 loss=0.7989 {'ds': 0.22, 'seg': 0.272, 'cls': 0.616, 'special': 0.011, 'embed': 4.936}
[g4_fold1] ep5 step81/249 loss=1.0404 {'ds': 0.602, 'seg': 0.848, 'cls': 0.766, 'special': 0.003, 'embed': 0.003}
[g4_fold1] ep5 step101/249 loss=0.6764 {'ds': 0.372, 'seg': 0.513, 'cls': 0.593, 'special': 0.06, 'embed': 0.003}
[g4_fold1] ep5 step121/249 loss=1.0193 {'ds': 0.364, 'seg': 0.52, 'cls': 0.539, 'special': 0.026, 'embed': 4.77}
[g4_fold1] ep5 step141/249 loss=1.0109 {'ds': 0.118, 'seg': 0.151, 'cls': 0.392, 'special': 0.053, 'embed': 9.981}
[g4_fold1] ep5 step161/249 loss=0.9473 {'ds': 0.461, 'seg': 0.561, 'cls': 0.421, 'special': 0.034, 'embed': 3.636}
[g4_fold1] ep5 step181/249 loss=1.8458 {'ds': 1.012, 'seg': 1.418, 'cls': 0.35, 'special': 0.008, 'embed': 4.508}
[g4_fold1] ep5 step201/249 loss=1.3141 {'ds': 0.849, 'seg': 1.184, 'cls': 0.473, 'special': 0.041, 'embed': 0.021}
[g4_fold1] ep5 step221/249 loss=0.7315 {'ds': 0.148, 'seg': 0.201, 'cls': 0.339, 'special': 0.016, 'embed': 5.886}
[g4_fold1] ep5 step241/249 loss=0.6203 {'ds': 0.343, 'seg': 0.467, 'cls': 0.582, 'special': 0.003, 'embed': 0.089}
[g4_fold1] epoch 5 loss=0.6201 dice_core=0.8158 dice_peri=0.8938 thr=[0.6, 0.6] (193s)
[g4_fold1] ep6 step21/249 loss=0.3721 {'ds': 0.197, 'seg': 0.261, 'cls': 0.412, 'special': 0.031, 'embed': 0.001}
[g4_fold1] ep6 step41/249 loss=0.7278 {'ds': 0.18, 'seg': 0.246, 'cls': 0.425, 'special': 0.017, 'embed': 4.948}
[g4_fold1] ep6 step61/249 loss=0.2438 {'ds': 0.091, 'seg': 0.12, 'cls': 0.313, 'special': 0.169, 'embed': 0.051}
[g4_fold1] ep6 step81/249 loss=1.0433 {'ds': 0.111, 'seg': 0.155, 'cls': 0.538, 'special': 0.034, 'embed': 9.939}
[g4_fold1] ep6 step101/249 loss=1.0814 {'ds': 0.662, 'seg': 0.943, 'cls': 0.529, 'special': 0.006, 'embed': 0.069}
[g4_fold1] ep6 step121/249 loss=0.5763 {'ds': 0.145, 'seg': 0.202, 'cls': 0.306, 'special': 0.019, 'embed': 3.912}
[g4_fold1] ep6 step141/249 loss=1.0947 {'ds': 0.406, 'seg': 0.566, 'cls': 0.433, 'special': 0.004, 'embed': 5.597}
[g4_fold1] ep6 step161/249 loss=0.7645 {'ds': 0.1, 'seg': 0.135, 'cls': 0.405, 'special': 0.009, 'embed': 7.007}
[g4_fold1] ep6 step181/249 loss=1.0924 {'ds': 0.38, 'seg': 0.525, 'cls': 0.78, 'special': 0.006, 'embed': 4.944}
[g4_fold1] ep6 step201/249 loss=0.5575 {'ds': 0.279, 'seg': 0.392, 'cls': 0.656, 'special': 0.004, 'embed': 0.013}
[g4_fold1] ep6 step221/249 loss=0.6127 {'ds': 0.12, 'seg': 0.15, 'cls': 0.351, 'special': 0.001, 'embed': 4.994}
[g4_fold1] ep6 step241/249 loss=0.3508 {'ds': 0.177, 'seg': 0.247, 'cls': 0.403, 'special': 0.012, 'embed': 0.006}
[g4_fold1] epoch 6 loss=0.5479 dice_core=0.8244 dice_peri=0.9033 thr=[0.65, 0.6] (200s)
[g4_fold1] ep7 step21/249 loss=1.2277 {'ds': 0.277, 'seg': 0.363, 'cls': 0.422, 'special': 0.038, 'embed': 9.998}
[g4_fold1] ep7 step41/249 loss=1.0015 {'ds': 0.14, 'seg': 0.171, 'cls': 0.413, 'special': 0.026, 'embed': 9.61}
[g4_fold1] ep7 step61/249 loss=1.5513 {'ds': 0.455, 'seg': 0.609, 'cls': 0.807, 'special': 0.014, 'embed': 9.829}
[g4_fold1] ep7 step81/249 loss=1.0418 {'ds': 0.135, 'seg': 0.172, 'cls': 0.598, 'special': 0.013, 'embed': 9.556}
[g4_fold1] ep7 step101/249 loss=1.2341 {'ds': 0.239, 'seg': 0.326, 'cls': 0.524, 'special': 1.614, 'embed': 4.977}
[g4_fold1] ep7 step121/249 loss=0.9332 {'ds': 0.176, 'seg': 0.238, 'cls': 0.47, 'special': 0.112, 'embed': 7.331}
[g4_fold1] ep7 step141/249 loss=0.6208 {'ds': 0.267, 'seg': 0.354, 'cls': 0.894, 'special': 0.138, 'embed': 0.112}
[g4_fold1] ep7 step161/249 loss=0.6345 {'ds': 0.114, 'seg': 0.152, 'cls': 0.292, 'special': 0.16, 'embed': 4.925}
[g4_fold1] ep7 step181/249 loss=1.3218 {'ds': 0.826, 'seg': 1.149, 'cls': 0.384, 'special': 0.307, 'embed': 0.001}
[g4_fold1] ep7 step201/249 loss=0.6066 {'ds': 0.246, 'seg': 0.297, 'cls': 0.317, 'special': 0.026, 'embed': 2.984}
[g4_fold1] ep7 step221/249 loss=0.6559 {'ds': 0.285, 'seg': 0.4, 'cls': 0.595, 'special': 0.422, 'embed': 0.021}
[g4_fold1] ep7 step241/249 loss=1.2337 {'ds': 0.525, 'seg': 0.724, 'cls': 0.558, 'special': 0.006, 'embed': 4.914}
[g4_fold1] epoch 7 loss=0.5571 dice_core=0.8320 dice_peri=0.9100 thr=[0.7, 0.6] (207s)
[g4_fold1] ep8 step21/249 loss=0.4587 {'ds': 0.268, 'seg': 0.344, 'cls': 0.425, 'special': 0.011, 'embed': 0.074}
[g4_fold1] ep8 step41/249 loss=0.6734 {'ds': 0.163, 'seg': 0.218, 'cls': 0.333, 'special': 0.008, 'embed': 4.933}
[g4_fold1] ep8 step61/249 loss=0.3279 {'ds': 0.156, 'seg': 0.222, 'cls': 0.407, 'special': 0.014, 'embed': 0.004}
[g4_fold1] ep8 step81/249 loss=0.4885 {'ds': 0.266, 'seg': 0.358, 'cls': 0.517, 'special': 0.003, 'embed': 0.004}
[g4_fold1] ep8 step101/249 loss=0.6274 {'ds': 0.132, 'seg': 0.178, 'cls': 0.26, 'special': 0.033, 'embed': 5.012}
[g4_fold1] ep8 step121/249 loss=0.6965 {'ds': 0.258, 'seg': 0.355, 'cls': 0.762, 'special': 0.099, 'embed': 1.68}
[g4_fold1] ep8 step141/249 loss=1.1793 {'ds': 0.657, 'seg': 0.918, 'cls': 0.39, 'special': 0.017, 'embed': 2.126}
[g4_fold1] ep8 step161/249 loss=0.8804 {'ds': 0.108, 'seg': 0.136, 'cls': 0.485, 'special': 1.82, 'embed': 2.242}
[g4_fold1] ep8 step181/249 loss=0.8460 {'ds': 0.231, 'seg': 0.355, 'cls': 0.499, 'special': 0.005, 'embed': 4.868}
[g4_fold1] ep8 step201/249 loss=0.2554 {'ds': 0.117, 'seg': 0.14, 'cls': 0.455, 'special': 0.001, 'embed': 0.022}
[g4_fold1] ep8 step221/249 loss=0.3884 {'ds': 0.178, 'seg': 0.26, 'cls': 0.384, 'special': 0.092, 'embed': 0.123}
[g4_fold1] ep8 step241/249 loss=0.4937 {'ds': 0.268, 'seg': 0.372, 'cls': 0.332, 'special': 0.025, 'embed': 0.431}
[g4_fold1] epoch 8 loss=0.5234 dice_core=0.8389 dice_peri=0.9142 thr=[0.75, 0.6] (196s)
[g4_fold1] ep9 step21/249 loss=0.4137 {'ds': 0.18, 'seg': 0.226, 'cls': 0.729, 'special': 0.021, 'embed': 0.001}
[g4_fold1] ep9 step41/249 loss=0.9293 {'ds': 0.604, 'seg': 0.845, 'cls': 0.308, 'special': 0.029, 'embed': 0.004}
[g4_fold1] ep9 step61/249 loss=1.1096 {'ds': 0.574, 'seg': 0.801, 'cls': 0.535, 'special': 0.0, 'embed': 2.331}
[g4_fold1] ep9 step81/249 loss=0.2722 {'ds': 0.121, 'seg': 0.142, 'cls': 0.517, 'special': 0.001, 'embed': 0.003}
[g4_fold1] ep9 step101/249 loss=0.9327 {'ds': 0.37, 'seg': 0.501, 'cls': 0.28, 'special': 0.766, 'embed': 2.267}
[g4_fold1] ep9 step121/249 loss=0.7673 {'ds': 0.176, 'seg': 0.234, 'cls': 0.57, 'special': 0.005, 'embed': 5.196}
[g4_fold1] ep9 step141/249 loss=0.3040 {'ds': 0.154, 'seg': 0.19, 'cls': 0.417, 'special': 0.036, 'embed': 0.005}
[g4_fold1] ep9 step161/249 loss=0.6039 {'ds': 0.128, 'seg': 0.16, 'cls': 0.287, 'special': 0.006, 'embed': 4.941}
[g4_fold1] ep9 step181/249 loss=0.3538 {'ds': 0.124, 'seg': 0.164, 'cls': 0.475, 'special': 0.022, 'embed': 0.87}
[g4_fold1] ep9 step201/249 loss=0.6538 {'ds': 0.136, 'seg': 0.176, 'cls': 0.223, 'special': 0.0, 'embed': 5.62}
[g4_fold1] ep9 step221/249 loss=0.7557 {'ds': 0.154, 'seg': 0.218, 'cls': 0.641, 'special': 0.023, 'embed': 4.962}
[g4_fold1] ep9 step241/249 loss=0.5603 {'ds': 0.348, 'seg': 0.49, 'cls': 0.276, 'special': 0.006, 'embed': 0.001}
[g4_fold1] epoch 9 loss=0.5388 dice_core=0.8471 dice_peri=0.9184 thr=[0.75, 0.6] (174s)
[g4_fold1] ep10 step21/249 loss=0.7498 {'ds': 0.394, 'seg': 0.569, 'cls': 0.713, 'special': 0.008, 'embed': 0.002}
[g4_fold1] ep10 step41/249 loss=0.2926 {'ds': 0.135, 'seg': 0.188, 'cls': 0.414, 'special': 0.003, 'embed': 0.012}
[g4_fold1] ep10 step61/249 loss=0.6663 {'ds': 0.405, 'seg': 0.559, 'cls': 0.423, 'special': 0.006, 'embed': 0.007}
[g4_fold1] ep10 step81/249 loss=0.6970 {'ds': 0.167, 'seg': 0.216, 'cls': 0.42, 'special': 0.004, 'embed': 4.996}
[g4_fold1] ep10 step101/249 loss=0.8614 {'ds': 0.294, 'seg': 0.353, 'cls': 0.484, 'special': 0.004, 'embed': 5.15}
[g4_fold1] ep10 step121/249 loss=1.4066 {'ds': 0.704, 'seg': 1.015, 'cls': 0.386, 'special': 0.007, 'embed': 3.909}
[g4_fold1] ep10 step141/249 loss=0.8442 {'ds': 0.079, 'seg': 0.105, 'cls': 0.537, 'special': 0.013, 'embed': 8.015}
[g4_fold1] ep10 step161/249 loss=0.7581 {'ds': 0.232, 'seg': 0.304, 'cls': 0.405, 'special': 0.004, 'embed': 4.687}
[g4_fold1] ep10 step181/249 loss=1.3871 {'ds': 0.925, 'seg': 1.29, 'cls': 0.325, 'special': 0.003, 'embed': 0.209}
[g4_fold1] ep10 step201/249 loss=0.2708 {'ds': 0.129, 'seg': 0.174, 'cls': 0.384, 'special': 0.002, 'embed': 0.002}
[g4_fold1] ep10 step221/249 loss=1.5527 {'ds': 1.007, 'seg': 1.409, 'cls': 0.541, 'special': 0.004, 'embed': 0.095}
[g4_fold1] ep10 step241/249 loss=0.2472 {'ds': 0.111, 'seg': 0.131, 'cls': 0.45, 'special': 0.013, 'embed': 0.001}
[g4_fold1] epoch 10 loss=0.5000 dice_core=0.8635 dice_peri=0.9262 thr=[0.7, 0.55] (186s)
[g4_fold1] ep11 step21/249 loss=0.7345 {'ds': 0.468, 'seg': 0.668, 'cls': 0.256, 'special': 0.0, 'embed': 0.034}
[g4_fold1] ep11 step41/249 loss=0.9928 {'ds': 0.37, 'seg': 0.5, 'cls': 0.469, 'special': 0.004, 'embed': 4.995}
[g4_fold1] ep11 step61/249 loss=1.3795 {'ds': 0.622, 'seg': 0.847, 'cls': 0.423, 'special': 0.212, 'embed': 4.99}
[g4_fold1] ep11 step81/249 loss=0.5864 {'ds': 0.086, 'seg': 0.116, 'cls': 0.506, 'special': 0.018, 'embed': 4.522}
[g4_fold1] ep11 step101/249 loss=0.3729 {'ds': 0.128, 'seg': 0.177, 'cls': 0.324, 'special': 0.003, 'embed': 1.519}
[g4_fold1] ep11 step121/249 loss=0.4593 {'ds': 0.254, 'seg': 0.335, 'cls': 0.471, 'special': 0.002, 'embed': 0.081}
[g4_fold1] ep11 step141/249 loss=0.3226 {'ds': 0.112, 'seg': 0.149, 'cls': 0.336, 'special': 0.002, 'embed': 1.184}
[g4_fold1] ep11 step161/249 loss=1.8229 {'ds': 0.875, 'seg': 1.234, 'cls': 0.826, 'special': 0.002, 'embed': 5.09}
[g4_fold1] ep11 step181/249 loss=0.6062 {'ds': 0.153, 'seg': 0.194, 'cls': 0.372, 'special': 0.001, 'embed': 4.258}
[g4_fold1] ep11 step201/249 loss=0.3107 {'ds': 0.174, 'seg': 0.226, 'cls': 0.26, 'special': 0.0, 'embed': 0.266}
[g4_fold1] ep11 step221/249 loss=0.3028 {'ds': 0.123, 'seg': 0.188, 'cls': 0.411, 'special': 0.003, 'embed': 0.146}
[g4_fold1] ep11 step241/249 loss=0.6522 {'ds': 0.173, 'seg': 0.23, 'cls': 0.288, 'special': 0.001, 'embed': 4.661}
[g4_fold1] epoch 11 loss=0.5135 dice_core=0.8716 dice_peri=0.9302 thr=[0.65, 0.55] (185s)
[g4_fold1] ep12 step21/249 loss=0.7848 {'ds': 0.195, 'seg': 0.27, 'cls': 0.546, 'special': 0.003, 'embed': 5.041}
[g4_fold1] ep12 step41/249 loss=0.5385 {'ds': 0.277, 'seg': 0.388, 'cls': 0.316, 'special': 0.012, 'embed': 0.914}
[g4_fold1] ep12 step61/249 loss=0.8914 {'ds': 0.585, 'seg': 0.815, 'cls': 0.307, 'special': 0.0, 'embed': 0.001}
[g4_fold1] ep12 step81/249 loss=0.3204 {'ds': 0.152, 'seg': 0.222, 'cls': 0.382, 'special': 0.006, 'embed': 0.019}
[g4_fold1] ep12 step101/249 loss=0.5518 {'ds': 0.137, 'seg': 0.179, 'cls': 0.215, 'special': 0.208, 'embed': 3.56}
[g4_fold1] ep12 step121/249 loss=0.2397 {'ds': 0.139, 'seg': 0.178, 'cls': 0.238, 'special': 0.007, 'embed': 0.005}
[g4_fold1] ep12 step141/249 loss=0.8028 {'ds': 0.51, 'seg': 0.691, 'cls': 0.388, 'special': 0.003, 'embed': 0.19}
[g4_fold1] ep12 step161/249 loss=0.6878 {'ds': 0.428, 'seg': 0.56, 'cls': 0.468, 'special': 0.001, 'embed': 0.139}
[g4_fold1] ep12 step181/249 loss=0.6048 {'ds': 0.354, 'seg': 0.49, 'cls': 0.457, 'special': 0.0, 'embed': 0.0}
[g4_fold1] ep12 step201/249 loss=0.7742 {'ds': 0.366, 'seg': 0.505, 'cls': 1.072, 'special': 0.002, 'embed': 0.006}
[g4_fold1] ep12 step221/249 loss=0.2633 {'ds': 0.132, 'seg': 0.169, 'cls': 0.371, 'special': 0.001, 'embed': 0.023}
[g4_fold1] ep12 step241/249 loss=0.7543 {'ds': 0.212, 'seg': 0.272, 'cls': 0.469, 'special': 0.001, 'embed': 4.86}
[g4_fold1] epoch 12 loss=0.4382 dice_core=0.8803 dice_peri=0.9340 thr=[0.65, 0.55] (184s)
[g4_fold1] ep13 step21/249 loss=0.2860 {'ds': 0.163, 'seg': 0.22, 'cls': 0.261, 'special': 0.001, 'embed': 0.001}
[g4_fold1] ep13 step41/249 loss=0.5914 {'ds': 0.097, 'seg': 0.124, 'cls': 0.427, 'special': 0.002, 'embed': 4.806}
[g4_fold1] ep13 step61/249 loss=0.3925 {'ds': 0.164, 'seg': 0.216, 'cls': 0.703, 'special': 0.002, 'embed': 0.001}
[g4_fold1] ep13 step81/249 loss=0.9385 {'ds': 0.579, 'seg': 0.773, 'cls': 0.414, 'special': 0.138, 'embed': 0.367}
[g4_fold1] ep13 step101/249 loss=0.9041 {'ds': 0.579, 'seg': 0.816, 'cls': 0.32, 'special': 0.005, 'embed': 0.091}
[g4_fold1] ep13 step121/249 loss=0.9992 {'ds': 0.637, 'seg': 0.871, 'cls': 0.5, 'special': 0.003, 'embed': 0.029}
[g4_fold1] ep13 step141/249 loss=0.4246 {'ds': 0.252, 'seg': 0.359, 'cls': 0.255, 'special': 0.0, 'embed': 0.018}
[g4_fold1] ep13 step161/249 loss=0.2917 {'ds': 0.161, 'seg': 0.211, 'cls': 0.315, 'special': 0.0, 'embed': 0.024}
[g4_fold1] ep13 step181/249 loss=0.7129 {'ds': 0.477, 'seg': 0.642, 'cls': 0.28, 'special': 0.002, 'embed': 0.005}
[g4_fold1] ep13 step201/249 loss=0.2099 {'ds': 0.083, 'seg': 0.115, 'cls': 0.304, 'special': 0.0, 'embed': 0.244}
[g4_fold1] ep13 step221/249 loss=0.5060 {'ds': 0.193, 'seg': 0.265, 'cls': 0.963, 'special': 0.001, 'embed': 0.003}
[g4_fold1] ep13 step241/249 loss=0.4954 {'ds': 0.239, 'seg': 0.327, 'cls': 0.647, 'special': 0.001, 'embed': 0.088}
[g4_fold1] epoch 13 loss=0.4589 dice_core=0.8827 dice_peri=0.9353 thr=[0.65, 0.55] (198s)
[g4_fold1] ep14 step21/249 loss=0.4086 {'ds': 0.169, 'seg': 0.228, 'cls': 0.485, 'special': 0.001, 'embed': 0.794}
[g4_fold1] ep14 step41/249 loss=0.6199 {'ds': 0.33, 'seg': 0.42, 'cls': 0.546, 'special': 0.248, 'embed': 0.019}
[g4_fold1] ep14 step61/249 loss=0.2268 {'ds': 0.098, 'seg': 0.126, 'cls': 0.401, 'special': 0.002, 'embed': 0.003}
[g4_fold1] ep14 step81/249 loss=0.6629 {'ds': 0.228, 'seg': 0.316, 'cls': 0.264, 'special': 1.026, 'embed': 0.322}
[g4_fold1] ep14 step101/249 loss=0.2813 {'ds': 0.122, 'seg': 0.156, 'cls': 0.451, 'special': 0.0, 'embed': 0.169}
[g4_fold1] ep14 step121/249 loss=0.4332 {'ds': 0.219, 'seg': 0.311, 'cls': 0.346, 'special': 0.004, 'embed': 0.466}
[g4_fold1] ep14 step141/249 loss=0.7593 {'ds': 0.388, 'seg': 0.544, 'cls': 0.49, 'special': 0.0, 'embed': 1.23}
[g4_fold1] ep14 step161/249 loss=0.6247 {'ds': 0.107, 'seg': 0.147, 'cls': 0.532, 'special': 0.008, 'embed': 4.572}
[g4_fold1] ep14 step181/249 loss=0.5224 {'ds': 0.318, 'seg': 0.431, 'cls': 0.336, 'special': 0.003, 'embed': 0.094}
[g4_fold1] ep14 step201/249 loss=0.5249 {'ds': 0.331, 'seg': 0.427, 'cls': 0.371, 'special': 0.001, 'embed': 0.067}
[g4_fold1] ep14 step221/249 loss=0.6661 {'ds': 0.395, 'seg': 0.544, 'cls': 0.47, 'special': 0.0, 'embed': 0.054}
[g4_fold1] ep14 step241/249 loss=0.9558 {'ds': 0.593, 'seg': 0.826, 'cls': 0.487, 'special': 0.001, 'embed': 0.109}
[g4_fold1] epoch 14 loss=0.4145 dice_core=0.8850 dice_peri=0.9369 thr=[0.6, 0.55] (193s)
[g4_fold1] ep15 step21/249 loss=1.0220 {'ds': 0.302, 'seg': 0.348, 'cls': 0.433, 'special': 0.003, 'embed': 7.538}
[g4_fold1] ep15 step41/249 loss=0.3076 {'ds': 0.17, 'seg': 0.215, 'cls': 0.326, 'special': 0.001, 'embed': 0.145}
[g4_fold1] ep15 step61/249 loss=0.5824 {'ds': 0.098, 'seg': 0.122, 'cls': 0.371, 'special': 0.001, 'embed': 4.896}
[g4_fold1] ep15 step81/249 loss=0.3795 {'ds': 0.12, 'seg': 0.157, 'cls': 0.317, 'special': 0.002, 'embed': 1.907}
[g4_fold1] ep15 step101/249 loss=1.3565 {'ds': 0.866, 'seg': 1.212, 'cls': 0.575, 'special': 0.001, 'embed': 0.0}
[g4_fold1] ep15 step121/249 loss=0.8911 {'ds': 0.54, 'seg': 0.752, 'cls': 0.542, 'special': 0.002, 'embed': 0.043}
[g4_fold1] ep15 step141/249 loss=1.5238 {'ds': 1.004, 'seg': 1.41, 'cls': 0.437, 'special': 0.0, 'embed': 0.064}
[g4_fold1] ep15 step161/249 loss=1.1655 {'ds': 0.762, 'seg': 1.057, 'cls': 0.295, 'special': 0.001, 'embed': 0.461}
[g4_fold1] ep15 step181/249 loss=1.0047 {'ds': 0.652, 'seg': 0.885, 'cls': 0.467, 'special': 0.001, 'embed': 0.029}
[g4_fold1] ep15 step201/249 loss=0.3109 {'ds': 0.23, 'seg': 0.234, 'cls': 0.306, 'special': 0.001, 'embed': 0.002}
[g4_fold1] ep15 step221/249 loss=1.5345 {'ds': 1.004, 'seg': 1.408, 'cls': 0.496, 'special': 0.001, 'embed': 0.03}
[g4_fold1] ep15 step241/249 loss=0.1866 {'ds': 0.092, 'seg': 0.117, 'cls': 0.269, 'special': 0.001, 'embed': 0.026}
[g4_fold1] epoch 15 loss=0.4454 dice_core=0.8866 dice_peri=0.9382 thr=[0.6, 0.55] (187s)
[g4_fold1] ep16 step21/249 loss=0.4538 {'ds': 0.238, 'seg': 0.31, 'cls': 0.555, 'special': 0.001, 'embed': 0.065}
[g4_fold1] ep16 step41/249 loss=0.2634 {'ds': 0.139, 'seg': 0.198, 'cls': 0.262, 'special': 0.0, 'embed': 0.0}
[g4_fold1] ep16 step61/249 loss=0.2554 {'ds': 0.118, 'seg': 0.156, 'cls': 0.398, 'special': 0.0, 'embed': 0.001}
[g4_fold1] ep16 step81/249 loss=0.4477 {'ds': 0.265, 'seg': 0.357, 'cls': 0.352, 'special': 0.001, 'embed': 0.033}
[g4_fold1] ep16 step101/249 loss=0.2890 {'ds': 0.148, 'seg': 0.199, 'cls': 0.358, 'special': 0.001, 'embed': 0.002}
[g4_fold1] ep16 step121/249 loss=0.5798 {'ds': 0.254, 'seg': 0.341, 'cls': 0.944, 'special': 0.001, 'embed': 0.04}
[g4_fold1] ep16 step141/249 loss=0.5352 {'ds': 0.233, 'seg': 0.321, 'cls': 0.855, 'special': 0.001, 'embed': 0.001}
[g4_fold1] ep16 step161/249 loss=0.2647 {'ds': 0.132, 'seg': 0.182, 'cls': 0.329, 'special': 0.0, 'embed': 0.001}
[g4_fold1] ep16 step181/249 loss=1.2729 {'ds': 0.777, 'seg': 1.088, 'cls': 0.74, 'special': 0.001, 'embed': 0.002}
[g4_fold1] ep16 step201/249 loss=0.2624 {'ds': 0.135, 'seg': 0.198, 'cls': 0.251, 'special': 0.001, 'embed': 0.015}
[g4_fold1] ep16 step221/249 loss=0.4244 {'ds': 0.197, 'seg': 0.266, 'cls': 0.619, 'special': 0.001, 'embed': 0.042}
[g4_fold1] ep16 step241/249 loss=0.3143 {'ds': 0.172, 'seg': 0.231, 'cls': 0.328, 'special': 0.001, 'embed': 0.016}
[g4_fold1] epoch 16 loss=0.4168 dice_core=0.8884 dice_peri=0.9392 thr=[0.6, 0.5] (204s)
[g4_fold1] ep17 step21/249 loss=0.2403 {'ds': 0.104, 'seg': 0.14, 'cls': 0.387, 'special': 0.003, 'embed': 0.031}
[g4_fold1] ep17 step41/249 loss=0.6329 {'ds': 0.364, 'seg': 0.502, 'cls': 0.522, 'special': 0.001, 'embed': 0.004}
[g4_fold1] ep17 step61/249 loss=0.6001 {'ds': 0.322, 'seg': 0.448, 'cls': 0.604, 'special': 0.001, 'embed': 0.015}
[g4_fold1] ep17 step81/249 loss=0.4379 {'ds': 0.245, 'seg': 0.356, 'cls': 0.327, 'special': 0.001, 'embed': 0.001}
[g4_fold1] ep17 step101/249 loss=0.5899 {'ds': 0.356, 'seg': 0.465, 'cls': 0.496, 'special': 0.001, 'embed': 0.011}
[g4_fold1] ep17 step121/249 loss=0.3103 {'ds': 0.144, 'seg': 0.199, 'cls': 0.441, 'special': 0.001, 'embed': 0.008}
[g4_fold1] ep17 step141/249 loss=0.3722 {'ds': 0.186, 'seg': 0.252, 'cls': 0.463, 'special': 0.001, 'embed': 0.063}
[g4_fold1] ep17 step161/249 loss=0.8577 {'ds': 0.542, 'seg': 0.759, 'cls': 0.371, 'special': 0.001, 'embed': 0.07}
[g4_fold1] ep17 step181/249 loss=0.2529 {'ds': 0.113, 'seg': 0.151, 'cls': 0.4, 'special': 0.003, 'embed': 0.01}
[g4_fold1] ep17 step201/249 loss=0.2438 {'ds': 0.103, 'seg': 0.132, 'cls': 0.354, 'special': 0.002, 'embed': 0.306}
[g4_fold1] ep17 step221/249 loss=0.7056 {'ds': 0.418, 'seg': 0.568, 'cls': 0.539, 'special': 0.007, 'embed': 0.02}
[g4_fold1] ep17 step241/249 loss=0.3384 {'ds': 0.194, 'seg': 0.254, 'cls': 0.338, 'special': 0.0, 'embed': 0.001}
[g4_fold1] epoch 17 loss=0.4119 dice_core=0.8903 dice_peri=0.9403 thr=[0.55, 0.5] (202s)
[g4_fold1] ep18 step21/249 loss=0.7012 {'ds': 0.426, 'seg': 0.591, 'cls': 0.441, 'special': 0.001, 'embed': 0.001}
[g4_fold1] ep18 step41/249 loss=0.2315 {'ds': 0.135, 'seg': 0.171, 'cls': 0.237, 'special': 0.0, 'embed': 0.013}
[g4_fold1] ep18 step61/249 loss=0.5087 {'ds': 0.265, 'seg': 0.345, 'cls': 0.654, 'special': 0.0, 'embed': 0.005}
[g4_fold1] ep18 step81/249 loss=0.2842 {'ds': 0.156, 'seg': 0.21, 'cls': 0.285, 'special': 0.0, 'embed': 0.04}
[g4_fold1] ep18 step101/249 loss=0.8825 {'ds': 0.582, 'seg': 0.808, 'cls': 0.289, 'special': 0.0, 'embed': 0.029}
[g4_fold1] ep18 step121/249 loss=0.5968 {'ds': 0.389, 'seg': 0.524, 'cls': 0.285, 'special': 0.0, 'embed': 0.022}
[g4_fold1] ep18 step141/249 loss=0.2158 {'ds': 0.112, 'seg': 0.142, 'cls': 0.294, 'special': 0.0, 'embed': 0.006}
[g4_fold1] ep18 step161/249 loss=0.2413 {'ds': 0.11, 'seg': 0.155, 'cls': 0.337, 'special': 0.003, 'embed': 0.02}
[g4_fold1] ep18 step181/249 loss=0.2041 {'ds': 0.111, 'seg': 0.139, 'cls': 0.256, 'special': 0.001, 'embed': 0.007}
[g4_fold1] ep18 step201/249 loss=0.3526 {'ds': 0.162, 'seg': 0.229, 'cls': 0.493, 'special': 0.001, 'embed': 0.001}
[g4_fold1] ep18 step221/249 loss=1.1525 {'ds': 0.759, 'seg': 1.033, 'cls': 0.466, 'special': 0.0, 'embed': 0.044}
[g4_fold1] ep18 step241/249 loss=0.6132 {'ds': 0.318, 'seg': 0.438, 'cls': 0.688, 'special': 0.0, 'embed': 0.043}
[g4_fold1] epoch 18 loss=0.4142 dice_core=0.8922 dice_peri=0.9416 thr=[0.55, 0.5] (206s)
[g4_fold1] ep19 step21/249 loss=0.3449 {'ds': 0.184, 'seg': 0.244, 'cls': 0.397, 'special': 0.001, 'embed': 0.017}
[g4_fold1] ep19 step41/249 loss=0.8142 {'ds': 0.43, 'seg': 0.562, 'cls': 0.451, 'special': 0.008, 'embed': 1.83}
[g4_fold1] ep19 step61/249 loss=1.1550 {'ds': 0.529, 'seg': 0.735, 'cls': 0.369, 'special': 0.003, 'embed': 4.365}
[g4_fold1] ep19 step81/249 loss=0.6293 {'ds': 0.356, 'seg': 0.475, 'cls': 0.613, 'special': 0.0, 'embed': 0.017}
[g4_fold1] ep19 step101/249 loss=0.4942 {'ds': 0.311, 'seg': 0.345, 'cls': 0.436, 'special': 0.0, 'embed': 0.529}
[g4_fold1] ep19 step121/249 loss=0.2502 {'ds': 0.116, 'seg': 0.151, 'cls': 0.397, 'special': 0.0, 'embed': 0.002}
[g4_fold1] ep19 step141/249 loss=0.8027 {'ds': 0.455, 'seg': 0.721, 'cls': 0.327, 'special': 0.0, 'embed': 0.001}
[g4_fold1] ep19 step161/249 loss=0.4282 {'ds': 0.233, 'seg': 0.317, 'cls': 0.441, 'special': 0.002, 'embed': 0.005}
[g4_fold1] ep19 step181/249 loss=0.2238 {'ds': 0.107, 'seg': 0.14, 'cls': 0.32, 'special': 0.002, 'embed': 0.046}
[g4_fold1] ep19 step201/249 loss=0.3004 {'ds': 0.129, 'seg': 0.17, 'cls': 0.5, 'special': 0.0, 'embed': 0.07}
[g4_fold1] ep19 step221/249 loss=0.1315 {'ds': 0.047, 'seg': 0.059, 'cls': 0.29, 'special': 0.001, 'embed': 0.0}
[g4_fold1] ep19 step241/249 loss=0.3842 {'ds': 0.219, 'seg': 0.294, 'cls': 0.359, 'special': 0.002, 'embed': 0.001}
[g4_fold1] epoch 19 loss=0.4167 dice_core=0.8941 dice_peri=0.9425 thr=[0.55, 0.5] (202s)
[g4_fold1] ep20 step21/249 loss=0.1799 {'ds': 0.093, 'seg': 0.122, 'cls': 0.226, 'special': 0.001, 'embed': 0.014}
[g4_fold1] ep20 step41/249 loss=0.8257 {'ds': 0.483, 'seg': 0.672, 'cls': 0.609, 'special': 0.0, 'embed': 0.026}
[g4_fold1] ep20 step61/249 loss=0.2269 {'ds': 0.114, 'seg': 0.143, 'cls': 0.336, 'special': 0.0, 'embed': 0.001}
[g4_fold1] ep20 step81/249 loss=0.3941 {'ds': 0.288, 'seg': 0.295, 'cls': 0.394, 'special': 0.0, 'embed': 0.0}
[g4_fold1] ep20 step101/249 loss=0.8428 {'ds': 0.541, 'seg': 0.76, 'cls': 0.328, 'special': 0.001, 'embed': 0.01}
[g4_fold1] ep20 step121/249 loss=0.2526 {'ds': 0.121, 'seg': 0.167, 'cls': 0.333, 'special': 0.001, 'embed': 0.027}
[g4_fold1] ep20 step141/249 loss=0.5223 {'ds': 0.24, 'seg': 0.403, 'cls': 0.465, 'special': 0.0, 'embed': 0.045}
[g4_fold1] ep20 step161/249 loss=0.2713 {'ds': 0.141, 'seg': 0.196, 'cls': 0.297, 'special': 0.001, 'embed': 0.002}
[g4_fold1] ep20 step181/249 loss=0.3328 {'ds': 0.152, 'seg': 0.21, 'cls': 0.489, 'special': 0.0, 'embed': 0.002}
[g4_fold1] ep20 step201/249 loss=0.2682 {'ds': 0.155, 'seg': 0.208, 'cls': 0.238, 'special': 0.0, 'embed': 0.014}
[g4_fold1] ep20 step221/249 loss=0.2616 {'ds': 0.119, 'seg': 0.163, 'cls': 0.386, 'special': 0.001, 'embed': 0.03}
[g4_fold1] ep20 step241/249 loss=0.3295 {'ds': 0.153, 'seg': 0.189, 'cls': 0.56, 'special': 0.0, 'embed': 0.004}
[g4_fold1] epoch 20 loss=0.4132 dice_core=0.8954 dice_peri=0.9434 thr=[0.55, 0.5] (205s)
[g4_fold1] ep21 step21/249 loss=0.1596 {'ds': 0.077, 'seg': 0.1, 'cls': 0.237, 'special': 0.001, 'embed': 0.001}
[g4_fold1] ep21 step41/249 loss=0.3292 {'ds': 0.131, 'seg': 0.159, 'cls': 0.668, 'special': 0.001, 'embed': 0.035}
[g4_fold1] ep21 step61/249 loss=0.2167 {'ds': 0.092, 'seg': 0.128, 'cls': 0.353, 'special': 0.0, 'embed': 0.003}
[g4_fold1] ep21 step81/249 loss=0.2120 {'ds': 0.09, 'seg': 0.12, 'cls': 0.363, 'special': 0.001, 'embed': 0.015}
[g4_fold1] ep21 step101/249 loss=0.8023 {'ds': 0.438, 'seg': 0.73, 'cls': 0.287, 'special': 0.0, 'embed': 0.0}
[g4_fold1] ep21 step121/249 loss=0.2051 {'ds': 0.081, 'seg': 0.109, 'cls': 0.386, 'special': 0.0, 'embed': 0.001}
[g4_fold1] ep21 step141/249 loss=0.5440 {'ds': 0.3, 'seg': 0.414, 'cls': 0.52, 'special': 0.0, 'embed': 0.001}
[g4_fold1] ep21 step161/249 loss=0.4574 {'ds': 0.221, 'seg': 0.295, 'cls': 0.647, 'special': 0.0, 'embed': 0.004}
[g4_fold1] ep21 step181/249 loss=1.4219 {'ds': 0.89, 'seg': 1.221, 'cls': 0.578, 'special': 0.0, 'embed': 0.746}
[g4_fold1] ep21 step201/249 loss=0.3772 {'ds': 0.201, 'seg': 0.257, 'cls': 0.293, 'special': 0.0, 'embed': 0.625}
[g4_fold1] ep21 step221/249 loss=0.4479 {'ds': 0.264, 'seg': 0.355, 'cls': 0.373, 'special': 0.0, 'embed': 0.0}
[g4_fold1] ep21 step241/249 loss=0.2334 {'ds': 0.095, 'seg': 0.112, 'cls': 0.452, 'special': 0.0, 'embed': 0.109}
[g4_fold1] epoch 21 loss=0.3990 dice_core=0.8968 dice_peri=0.9442 thr=[0.55, 0.45] (187s)
[g4_fold1] ep22 step21/249 loss=0.3800 {'ds': 0.182, 'seg': 0.268, 'cls': 0.41, 'special': 0.001, 'embed': 0.124}
[g4_fold1] ep22 step41/249 loss=0.8637 {'ds': 0.459, 'seg': 0.763, 'cls': 0.401, 'special': 0.0, 'embed': 0.001}
[g4_fold1] ep22 step61/249 loss=0.2547 {'ds': 0.086, 'seg': 0.118, 'cls': 0.546, 'special': 0.0, 'embed': 0.006}
[g4_fold1] ep22 step81/249 loss=0.5986 {'ds': 0.275, 'seg': 0.496, 'cls': 0.408, 'special': 0.0, 'embed': 0.003}
[g4_fold1] ep22 step101/249 loss=0.2879 {'ds': 0.139, 'seg': 0.19, 'cls': 0.306, 'special': 0.0, 'embed': 0.291}
[g4_fold1] ep22 step121/249 loss=0.2105 {'ds': 0.092, 'seg': 0.133, 'cls': 0.252, 'special': 0.003, 'embed': 0.183}
[g4_fold1] ep22 step141/249 loss=0.8167 {'ds': 0.43, 'seg': 0.726, 'cls': 0.362, 'special': 0.0, 'embed': 0.002}
[g4_fold1] ep22 step161/249 loss=0.8453 {'ds': 0.484, 'seg': 0.752, 'cls': 0.371, 'special': 0.001, 'embed': 0.001}
[g4_fold1] ep22 step181/249 loss=0.4821 {'ds': 0.285, 'seg': 0.373, 'cls': 0.434, 'special': 0.0, 'embed': 0.003}
[g4_fold1] ep22 step201/249 loss=0.1888 {'ds': 0.09, 'seg': 0.119, 'cls': 0.276, 'special': 0.0, 'embed': 0.013}
[g4_fold1] ep22 step221/249 loss=0.5077 {'ds': 0.261, 'seg': 0.37, 'cls': 0.549, 'special': 0.0, 'embed': 0.006}
[g4_fold1] ep22 step241/249 loss=0.2251 {'ds': 0.096, 'seg': 0.122, 'cls': 0.403, 'special': 0.0, 'embed': 0.032}
[g4_fold1] epoch 22 loss=0.3939 dice_core=0.8976 dice_peri=0.9449 thr=[0.5, 0.45] (203s)
[g4_fold1] ep23 step21/249 loss=0.3359 {'ds': 0.179, 'seg': 0.244, 'cls': 0.367, 'special': 0.0, 'embed': 0.001}
[g4_fold1] ep23 step41/249 loss=0.2850 {'ds': 0.112, 'seg': 0.146, 'cls': 0.545, 'special': 0.0, 'embed': 0.032}
[g4_fold1] ep23 step61/249 loss=0.3946 {'ds': 0.228, 'seg': 0.312, 'cls': 0.32, 'special': 0.0, 'embed': 0.038}
[g4_fold1] ep23 step81/249 loss=0.8143 {'ds': 0.407, 'seg': 0.714, 'cls': 0.4, 'special': 0.0, 'embed': 0.004}
[g4_fold1] ep23 step101/249 loss=0.2836 {'ds': 0.226, 'seg': 0.202, 'cls': 0.327, 'special': 0.0, 'embed': 0.0}
[g4_fold1] ep23 step121/249 loss=0.3124 {'ds': 0.148, 'seg': 0.215, 'cls': 0.388, 'special': 0.0, 'embed': 0.001}
[g4_fold1] ep23 step141/249 loss=0.2550 {'ds': 0.108, 'seg': 0.17, 'cls': 0.335, 'special': 0.0, 'embed': 0.015}
[g4_fold1] ep23 step161/249 loss=0.2920 {'ds': 0.162, 'seg': 0.229, 'cls': 0.247, 'special': 0.0, 'embed': 0.017}
[g4_fold1] ep23 step181/249 loss=0.2182 {'ds': 0.102, 'seg': 0.15, 'cls': 0.266, 'special': 0.001, 'embed': 0.019}
[g4_fold1] ep23 step201/249 loss=0.6401 {'ds': 0.413, 'seg': 0.565, 'cls': 0.302, 'special': 0.0, 'embed': 0.001}
[g4_fold1] ep23 step221/249 loss=1.2182 {'ds': 0.768, 'seg': 1.082, 'cls': 0.544, 'special': 0.0, 'embed': 0.001}
[g4_fold1] ep23 step241/249 loss=0.2393 {'ds': 0.097, 'seg': 0.129, 'cls': 0.44, 'special': 0.0, 'embed': 0.001}
[g4_fold1] epoch 23 loss=0.3588 dice_core=0.8985 dice_peri=0.9458 thr=[0.5, 0.45] (193s)
[g4_fold1] ep24 step21/249 loss=0.1935 {'ds': 0.104, 'seg': 0.141, 'cls': 0.208, 'special': 0.0, 'embed': 0.002}
[g4_fold1] ep24 step41/249 loss=0.6725 {'ds': 0.437, 'seg': 0.571, 'cls': 0.406, 'special': 0.0, 'embed': 0.001}
[g4_fold1] ep24 step61/249 loss=0.4285 {'ds': 0.276, 'seg': 0.36, 'cls': 0.271, 'special': 0.0, 'embed': 0.004}
[g4_fold1] ep24 step81/249 loss=0.2091 {'ds': 0.109, 'seg': 0.136, 'cls': 0.29, 'special': 0.0, 'embed': 0.009}
[g4_fold1] ep24 step101/249 loss=0.5731 {'ds': 0.319, 'seg': 0.442, 'cls': 0.525, 'special': 0.0, 'embed': 0.002}
[g4_fold1] ep24 step121/249 loss=0.2063 {'ds': 0.099, 'seg': 0.127, 'cls': 0.313, 'special': 0.0, 'embed': 0.009}
[g4_fold1] ep24 step141/249 loss=0.2161 {'ds': 0.076, 'seg': 0.1, 'cls': 0.463, 'special': 0.0, 'embed': 0.001}
[g4_fold1] ep24 step161/249 loss=0.2891 {'ds': 0.147, 'seg': 0.172, 'cls': 0.468, 'special': 0.0, 'embed': 0.001}
[g4_fold1] ep24 step181/249 loss=0.1938 {'ds': 0.06, 'seg': 0.083, 'cls': 0.444, 'special': 0.0, 'embed': 0.001}
[g4_fold1] ep24 step201/249 loss=0.2552 {'ds': 0.108, 'seg': 0.142, 'cls': 0.443, 'special': 0.0, 'embed': 0.029}
[g4_fold1] ep24 step221/249 loss=0.2845 {'ds': 0.155, 'seg': 0.207, 'cls': 0.286, 'special': 0.0, 'embed': 0.075}
[g4_fold1] ep24 step241/249 loss=0.2495 {'ds': 0.136, 'seg': 0.183, 'cls': 0.257, 'special': 0.001, 'embed': 0.022}
[g4_fold1] epoch 24 loss=0.3555 dice_core=0.8993 dice_peri=0.9467 thr=[0.5, 0.45] (186s)
[g4_fold1] ep25 step21/249 loss=0.4040 {'ds': 0.206, 'seg': 0.292, 'cls': 0.443, 'special': 0.003, 'embed': 0.012}
[g4_fold1] ep25 step41/249 loss=0.3030 {'ds': 0.165, 'seg': 0.22, 'cls': 0.307, 'special': 0.0, 'embed': 0.079}
[g4_fold1] ep25 step61/249 loss=0.7582 {'ds': 0.398, 'seg': 0.676, 'cls': 0.312, 'special': 0.001, 'embed': 0.047}
[g4_fold1] ep25 step81/249 loss=0.4869 {'ds': 0.172, 'seg': 0.229, 'cls': 0.477, 'special': 0.002, 'embed': 1.84}
[g4_fold1] ep25 step101/249 loss=1.1659 {'ds': 0.644, 'seg': 1.028, 'cls': 0.549, 'special': 0.001, 'embed': 0.0}
[g4_fold1] ep25 step121/249 loss=0.2057 {'ds': 0.09, 'seg': 0.114, 'cls': 0.365, 'special': 0.001, 'embed': 0.001}
[g4_fold1] ep25 step141/249 loss=0.1914 {'ds': 0.081, 'seg': 0.108, 'cls': 0.316, 'special': 0.0, 'embed': 0.063}
[g4_fold1] ep25 step161/249 loss=0.9298 {'ds': 0.497, 'seg': 0.833, 'cls': 0.384, 'special': 0.0, 'embed': 0.016}
[g4_fold1] ep25 step181/249 loss=0.2833 {'ds': 0.163, 'seg': 0.225, 'cls': 0.222, 'special': 0.0, 'embed': 0.037}
[g4_fold1] ep25 step201/249 loss=0.2729 {'ds': 0.111, 'seg': 0.152, 'cls': 0.339, 'special': 0.0, 'embed': 0.482}
[g4_fold1] ep25 step221/249 loss=0.9849 {'ds': 0.475, 'seg': 0.681, 'cls': 0.996, 'special': 0.001, 'embed': 0.733}
[g4_fold1] ep25 step241/249 loss=0.6688 {'ds': 0.364, 'seg': 0.484, 'cls': 0.512, 'special': 0.043, 'embed': 0.619}
[g4_fold1] epoch 25 loss=0.4044 dice_core=0.8992 dice_peri=0.9474 thr=[0.5, 0.45] (206s)
[g4_fold1] ep26 step21/249 loss=0.3917 {'ds': 0.2, 'seg': 0.282, 'cls': 0.434, 'special': 0.0, 'embed': 0.021}
[g4_fold1] ep26 step41/249 loss=0.2688 {'ds': 0.123, 'seg': 0.154, 'cls': 0.456, 'special': 0.001, 'embed': 0.009}
[g4_fold1] ep26 step61/249 loss=0.2595 {'ds': 0.103, 'seg': 0.128, 'cls': 0.473, 'special': 0.0, 'embed': 0.174}
[g4_fold1] ep26 step81/249 loss=0.3992 {'ds': 0.23, 'seg': 0.314, 'cls': 0.335, 'special': 0.0, 'embed': 0.023}
[g4_fold1] ep26 step101/249 loss=0.2634 {'ds': 0.112, 'seg': 0.158, 'cls': 0.421, 'special': 0.0, 'embed': 0.002}
[g4_fold1] ep26 step121/249 loss=1.3016 {'ds': 0.772, 'seg': 1.213, 'cls': 0.351, 'special': 0.0, 'embed': 0.01}
[g4_fold1] ep26 step141/249 loss=0.3890 {'ds': 0.168, 'seg': 0.204, 'cls': 0.739, 'special': 0.0, 'embed': 0.003}
[g4_fold1] ep26 step161/249 loss=0.3281 {'ds': 0.177, 'seg': 0.241, 'cls': 0.304, 'special': 0.0, 'embed': 0.152}
[g4_fold1] ep26 step181/249 loss=0.1900 {'ds': 0.087, 'seg': 0.116, 'cls': 0.295, 'special': 0.0, 'embed': 0.001}
[g4_fold1] ep26 step201/249 loss=0.2212 {'ds': 0.116, 'seg': 0.165, 'cls': 0.223, 'special': 0.0, 'embed': 0.0}
[g4_fold1] ep26 step221/249 loss=0.4951 {'ds': 0.277, 'seg': 0.385, 'cls': 0.434, 'special': 0.0, 'embed': 0.026}
[g4_fold1] ep26 step241/249 loss=0.2126 {'ds': 0.079, 'seg': 0.108, 'cls': 0.418, 'special': 0.0, 'embed': 0.001}
[g4_fold1] epoch 26 loss=0.3606 dice_core=0.9000 dice_peri=0.9477 thr=[0.5, 0.5] (198s)
[g4_fold1] ep27 step21/249 loss=0.3526 {'ds': 0.193, 'seg': 0.269, 'cls': 0.317, 'special': 0.0, 'embed': 0.057}
[g4_fold1] ep27 step41/249 loss=0.3796 {'ds': 0.231, 'seg': 0.312, 'cls': 0.262, 'special': 0.0, 'embed': 0.022}
[g4_fold1] ep27 step61/249 loss=0.9532 {'ds': 0.506, 'seg': 0.815, 'cls': 0.548, 'special': 0.0, 'embed': 0.021}
[g4_fold1] ep27 step81/249 loss=0.3492 {'ds': 0.189, 'seg': 0.221, 'cls': 0.513, 'special': 0.0, 'embed': 0.004}
[g4_fold1] ep27 step101/249 loss=0.6936 {'ds': 0.405, 'seg': 0.564, 'cls': 0.515, 'special': 0.0, 'embed': 0.012}
[g4_fold1] ep27 step121/249 loss=0.3000 {'ds': 0.147, 'seg': 0.207, 'cls': 0.37, 'special': 0.0, 'embed': 0.004}
[g4_fold1] ep27 step141/249 loss=0.2349 {'ds': 0.11, 'seg': 0.13, 'cls': 0.416, 'special': 0.0, 'embed': 0.004}
[g4_fold1] ep27 step161/249 loss=0.2102 {'ds': 0.072, 'seg': 0.099, 'cls': 0.442, 'special': 0.0, 'embed': 0.003}
[g4_fold1] ep27 step181/249 loss=0.2972 {'ds': 0.148, 'seg': 0.203, 'cls': 0.376, 'special': 0.0, 'embed': 0.001}
[g4_fold1] ep27 step201/249 loss=1.5067 {'ds': 0.847, 'seg': 1.32, 'cls': 0.73, 'special': 0.0, 'embed': 0.048}
[g4_fold1] ep27 step221/249 loss=0.2163 {'ds': 0.087, 'seg': 0.112, 'cls': 0.417, 'special': 0.0, 'embed': 0.001}
[g4_fold1] ep27 step241/249 loss=0.3725 {'ds': 0.189, 'seg': 0.263, 'cls': 0.436, 'special': 0.0, 'embed': 0.001}
[g4_fold1] epoch 27 loss=0.3592 dice_core=0.9009 dice_peri=0.9479 thr=[0.5, 0.5] (201s)
[g4_fold1] ep28 step21/249 loss=0.3787 {'ds': 0.196, 'seg': 0.283, 'cls': 0.381, 'special': 0.0, 'embed': 0.003}
[g4_fold1] ep28 step41/249 loss=0.2262 {'ds': 0.087, 'seg': 0.128, 'cls': 0.391, 'special': 0.0, 'embed': 0.01}
[g4_fold1] ep28 step61/249 loss=0.6716 {'ds': 0.413, 'seg': 0.574, 'cls': 0.388, 'special': 0.0, 'embed': 0.004}
[g4_fold1] ep28 step81/249 loss=0.8271 {'ds': 0.424, 'seg': 0.721, 'cls': 0.419, 'special': 0.0, 'embed': 0.015}
[g4_fold1] ep28 step101/249 loss=0.2350 {'ds': 0.119, 'seg': 0.163, 'cls': 0.288, 'special': 0.0, 'embed': 0.002}
[g4_fold1] ep28 step121/249 loss=0.3161 {'ds': 0.166, 'seg': 0.233, 'cls': 0.332, 'special': 0.0, 'embed': 0.001}
[g4_fold1] ep28 step141/249 loss=0.1682 {'ds': 0.082, 'seg': 0.106, 'cls': 0.238, 'special': 0.0, 'embed': 0.036}
[g4_fold1] ep28 step161/249 loss=0.3322 {'ds': 0.178, 'seg': 0.237, 'cls': 0.38, 'special': 0.0, 'embed': 0.001}
[g4_fold1] ep28 step181/249 loss=0.8381 {'ds': 0.434, 'seg': 0.729, 'cls': 0.435, 'special': 0.0, 'embed': 0.001}
[g4_fold1] ep28 step201/249 loss=0.1970 {'ds': 0.089, 'seg': 0.115, 'cls': 0.328, 'special': 0.0, 'embed': 0.003}
[g4_fold1] ep28 step221/249 loss=1.3080 {'ds': 0.84, 'seg': 1.169, 'cls': 0.554, 'special': 0.0, 'embed': 0.003}
[g4_fold1] ep28 step241/249 loss=0.8195 {'ds': 0.414, 'seg': 0.704, 'cls': 0.459, 'special': 0.0, 'embed': 0.004}
[g4_fold1] epoch 28 loss=0.3703 dice_core=0.9015 dice_peri=0.9481 thr=[0.5, 0.45] (198s)
[g4_fold1] ep29 step21/249 loss=0.4468 {'ds': 0.217, 'seg': 0.303, 'cls': 0.573, 'special': 0.0, 'embed': 0.012}
[g4_fold1] ep29 step41/249 loss=0.1743 {'ds': 0.053, 'seg': 0.065, 'cls': 0.436, 'special': 0.001, 'embed': 0.006}
[g4_fold1] ep29 step61/249 loss=0.2151 {'ds': 0.107, 'seg': 0.142, 'cls': 0.291, 'special': 0.0, 'embed': 0.002}
[g4_fold1] ep29 step81/249 loss=0.4803 {'ds': 0.274, 'seg': 0.383, 'cls': 0.38, 'special': 0.0, 'embed': 0.027}
[g4_fold1] ep29 step101/249 loss=0.3726 {'ds': 0.203, 'seg': 0.28, 'cls': 0.368, 'special': 0.0, 'embed': 0.003}
[g4_fold1] ep29 step121/249 loss=0.8554 {'ds': 0.479, 'seg': 0.783, 'cls': 0.269, 'special': 0.0, 'embed': 0.071}
[g4_fold1] ep29 step141/249 loss=0.8018 {'ds': 0.414, 'seg': 0.703, 'cls': 0.394, 'special': 0.0, 'embed': 0.001}
[g4_fold1] ep29 step161/249 loss=0.2118 {'ds': 0.074, 'seg': 0.099, 'cls': 0.444, 'special': 0.0, 'embed': 0.018}
[g4_fold1] ep29 step181/249 loss=0.3291 {'ds': 0.185, 'seg': 0.25, 'cls': 0.315, 'special': 0.0, 'embed': 0.009}
[g4_fold1] ep29 step201/249 loss=0.5995 {'ds': 0.386, 'seg': 0.511, 'cls': 0.353, 'special': 0.0, 'embed': 0.002}
[g4_fold1] ep29 step221/249 loss=0.4747 {'ds': 0.241, 'seg': 0.332, 'cls': 0.571, 'special': 0.0, 'embed': 0.006}
[g4_fold1] ep29 step241/249 loss=0.6487 {'ds': 0.389, 'seg': 0.534, 'cls': 0.459, 'special': 0.0, 'embed': 0.001}
[g4_fold1] epoch 29 loss=0.3804 dice_core=0.9023 dice_peri=0.9484 thr=[0.5, 0.45] (187s)
[g4_fold1] ep30 step21/249 loss=0.2442 {'ds': 0.098, 'seg': 0.144, 'cls': 0.395, 'special': 0.0, 'embed': 0.018}
[g4_fold1] ep30 step41/249 loss=0.4013 {'ds': 0.224, 'seg': 0.286, 'cls': 0.462, 'special': 0.0, 'embed': 0.0}
[g4_fold1] ep30 step61/249 loss=0.6381 {'ds': 0.324, 'seg': 0.569, 'cls': 0.278, 'special': 0.0, 'embed': 0.001}
[g4_fold1] ep30 step81/249 loss=0.4589 {'ds': 0.253, 'seg': 0.354, 'cls': 0.419, 'special': 0.0, 'embed': 0.002}
[g4_fold1] ep30 step101/249 loss=0.2849 {'ds': 0.185, 'seg': 0.211, 'cls': 0.293, 'special': 0.0, 'embed': 0.004}
[g4_fold1] ep30 step121/249 loss=0.8228 {'ds': 0.44, 'seg': 0.73, 'cls': 0.372, 'special': 0.0, 'embed': 0.004}
[g4_fold1] ep30 step141/249 loss=0.5504 {'ds': 0.319, 'seg': 0.437, 'cls': 0.454, 'special': 0.0, 'embed': 0.002}
[g4_fold1] ep30 step161/249 loss=0.1783 {'ds': 0.055, 'seg': 0.082, 'cls': 0.386, 'special': 0.0, 'embed': 0.001}
[g4_fold1] ep30 step181/249 loss=0.2911 {'ds': 0.137, 'seg': 0.177, 'cls': 0.454, 'special': 0.0, 'embed': 0.011}
[g4_fold1] ep30 step201/249 loss=0.3195 {'ds': 0.166, 'seg': 0.228, 'cls': 0.363, 'special': 0.0, 'embed': 0.011}
[g4_fold1] ep30 step221/249 loss=0.3213 {'ds': 0.138, 'seg': 0.196, 'cls': 0.498, 'special': 0.0, 'embed': 0.007}
[g4_fold1] ep30 step241/249 loss=0.9453 {'ds': 0.605, 'seg': 0.835, 'cls': 0.436, 'special': 0.0, 'embed': 0.019}
[g4_fold1] epoch 30 loss=0.3767 dice_core=0.9029 dice_peri=0.9487 thr=[0.5, 0.45] (193s)
[g4_fold1] ep31 step21/249 loss=0.1872 {'ds': 0.076, 'seg': 0.103, 'cls': 0.337, 'special': 0.0, 'embed': 0.001}
[g4_fold1] ep31 step41/249 loss=0.4267 {'ds': 0.159, 'seg': 0.232, 'cls': 0.775, 'special': 0.0, 'embed': 0.015}
[g4_fold1] ep31 step61/249 loss=0.3096 {'ds': 0.179, 'seg': 0.241, 'cls': 0.269, 'special': 0.0, 'embed': 0.013}
[g4_fold1] ep31 step81/249 loss=0.3848 {'ds': 0.303, 'seg': 0.319, 'cls': 0.263, 'special': 0.0, 'embed': 0.002}
[g4_fold1] ep31 step101/249 loss=0.4046 {'ds': 0.247, 'seg': 0.308, 'cls': 0.385, 'special': 0.0, 'embed': 0.004}
[g4_fold1] ep31 step121/249 loss=0.2194 {'ds': 0.072, 'seg': 0.095, 'cls': 0.497, 'special': 0.0, 'embed': 0.002}
[g4_fold1] ep31 step141/249 loss=0.8098 {'ds': 0.443, 'seg': 0.721, 'cls': 0.353, 'special': 0.0, 'embed': 0.004}
[g4_fold1] ep31 step161/249 loss=0.2231 {'ds': 0.128, 'seg': 0.171, 'cls': 0.205, 'special': 0.0, 'embed': 0.007}
[g4_fold1] ep31 step181/249 loss=0.3897 {'ds': 0.226, 'seg': 0.32, 'cls': 0.27, 'special': 0.0, 'embed': 0.023}
[g4_fold1] ep31 step201/249 loss=1.1467 {'ds': 0.55, 'seg': 0.886, 'cls': 1.042, 'special': 0.0, 'embed': 0.002}
[g4_fold1] ep31 step221/249 loss=0.2266 {'ds': 0.093, 'seg': 0.123, 'cls': 0.416, 'special': 0.0, 'embed': 0.001}
[g4_fold1] ep31 step241/249 loss=0.4221 {'ds': 0.243, 'seg': 0.326, 'cls': 0.385, 'special': 0.0, 'embed': 0.001}
[g4_fold1] epoch 31 loss=0.3567 dice_core=0.9034 dice_peri=0.9493 thr=[0.45, 0.45] (195s)
[g4_fold1] ep32 step21/249 loss=0.2541 {'ds': 0.134, 'seg': 0.18, 'cls': 0.293, 'special': 0.0, 'embed': 0.005}
[g4_fold1] ep32 step41/249 loss=0.5749 {'ds': 0.21, 'seg': 0.449, 'cls': 0.505, 'special': 0.0, 'embed': 0.001}
[g4_fold1] ep32 step61/249 loss=0.7656 {'ds': 0.503, 'seg': 0.676, 'cls': 0.357, 'special': 0.0, 'embed': 0.001}
[g4_fold1] ep32 step81/249 loss=0.3442 {'ds': 0.157, 'seg': 0.224, 'cls': 0.481, 'special': 0.0, 'embed': 0.004}
[g4_fold1] ep32 step101/249 loss=0.2249 {'ds': 0.116, 'seg': 0.161, 'cls': 0.253, 'special': 0.0, 'embed': 0.006}
[g4_fold1] ep32 step121/249 loss=0.2488 {'ds': 0.094, 'seg': 0.125, 'cls': 0.489, 'special': 0.0, 'embed': 0.017}
[g4_fold1] ep32 step141/249 loss=0.3522 {'ds': 0.192, 'seg': 0.262, 'cls': 0.36, 'special': 0.0, 'embed': 0.008}
[g4_fold1] ep32 step161/249 loss=0.2265 {'ds': 0.122, 'seg': 0.157, 'cls': 0.274, 'special': 0.0, 'embed': 0.011}
[g4_fold1] ep32 step181/249 loss=0.8960 {'ds': 0.494, 'seg': 0.813, 'cls': 0.33, 'special': 0.0, 'embed': 0.002}
[g4_fold1] ep32 step201/249 loss=0.2296 {'ds': 0.111, 'seg': 0.15, 'cls': 0.312, 'special': 0.0, 'embed': 0.014}
[g4_fold1] ep32 step221/249 loss=0.2798 {'ds': 0.149, 'seg': 0.204, 'cls': 0.298, 'special': 0.0, 'embed': 0.013}
[g4_fold1] ep32 step241/249 loss=0.5154 {'ds': 0.244, 'seg': 0.333, 'cls': 0.728, 'special': 0.0, 'embed': 0.007}
[g4_fold1] epoch 32 loss=0.3586 dice_core=0.9044 dice_peri=0.9498 thr=[0.45, 0.45] (199s)
[g4_fold1] ep33 step21/249 loss=0.2690 {'ds': 0.144, 'seg': 0.193, 'cls': 0.299, 'special': 0.0, 'embed': 0.009}
[g4_fold1] ep33 step41/249 loss=0.2349 {'ds': 0.139, 'seg': 0.164, 'cls': 0.281, 'special': 0.0, 'embed': 0.003}
[g4_fold1] ep33 step61/249 loss=0.6163 {'ds': 0.407, 'seg': 0.55, 'cls': 0.261, 'special': 0.0, 'embed': 0.011}
[g4_fold1] ep33 step81/249 loss=0.2905 {'ds': 0.149, 'seg': 0.195, 'cls': 0.379, 'special': 0.0, 'embed': 0.003}
[g4_fold1] ep33 step101/249 loss=0.2174 {'ds': 0.086, 'seg': 0.113, 'cls': 0.342, 'special': 0.0, 'embed': 0.255}
[g4_fold1] ep33 step121/249 loss=0.3462 {'ds': 0.16, 'seg': 0.22, 'cls': 0.289, 'special': 0.0, 'embed': 0.722}
[g4_fold1] ep33 step141/249 loss=0.3217 {'ds': 0.151, 'seg': 0.215, 'cls': 0.407, 'special': 0.0, 'embed': 0.069}
[g4_fold1] ep33 step161/249 loss=0.8050 {'ds': 0.302, 'seg': 0.554, 'cls': 0.975, 'special': 0.001, 'embed': 0.094}
[g4_fold1] ep33 step181/249 loss=0.4640 {'ds': 0.23, 'seg': 0.322, 'cls': 0.566, 'special': 0.0, 'embed': 0.005}
[g4_fold1] ep33 step201/249 loss=0.6429 {'ds': 0.347, 'seg': 0.49, 'cls': 0.313, 'special': 0.0, 'embed': 0.996}
[g4_fold1] ep33 step221/249 loss=0.3496 {'ds': 0.201, 'seg': 0.256, 'cls': 0.372, 'special': 0.0, 'embed': 0.013}
[g4_fold1] ep33 step241/249 loss=0.2261 {'ds': 0.09, 'seg': 0.13, 'cls': 0.297, 'special': 0.0, 'embed': 0.287}
[g4_fold1] epoch 33 loss=0.4042 dice_core=0.9049 dice_peri=0.9499 thr=[0.45, 0.45] (214s)
[g4_fold1] ep34 step21/249 loss=0.2013 {'ds': 0.08, 'seg': 0.109, 'cls': 0.37, 'special': 0.0, 'embed': 0.001}
[g4_fold1] ep34 step41/249 loss=0.9373 {'ds': 0.532, 'seg': 0.838, 'cls': 0.396, 'special': 0.0, 'embed': 0.004}
[g4_fold1] ep34 step61/249 loss=0.8164 {'ds': 0.433, 'seg': 0.726, 'cls': 0.363, 'special': 0.0, 'embed': 0.001}
[g4_fold1] ep34 step81/249 loss=0.1908 {'ds': 0.081, 'seg': 0.109, 'cls': 0.286, 'special': 0.0, 'embed': 0.139}
[g4_fold1] ep34 step101/249 loss=0.2424 {'ds': 0.089, 'seg': 0.116, 'cls': 0.455, 'special': 0.0, 'embed': 0.161}
[g4_fold1] ep34 step121/249 loss=0.5314 {'ds': 0.331, 'seg': 0.427, 'cls': 0.393, 'special': 0.0, 'embed': 0.088}
[g4_fold1] ep34 step141/249 loss=0.8023 {'ds': 0.448, 'seg': 0.749, 'cls': 0.213, 'special': 0.0, 'embed': 0.003}
[g4_fold1] ep34 step161/249 loss=0.2643 {'ds': 0.128, 'seg': 0.181, 'cls': 0.325, 'special': 0.001, 'embed': 0.019}
[g4_fold1] ep34 step181/249 loss=0.9732 {'ds': 0.638, 'seg': 0.886, 'cls': 0.347, 'special': 0.0, 'embed': 0.005}
[g4_fold1] ep34 step201/249 loss=0.9158 {'ds': 0.585, 'seg': 0.833, 'cls': 0.33, 'special': 0.0, 'embed': 0.008}
[g4_fold1] ep34 step221/249 loss=0.2895 {'ds': 0.163, 'seg': 0.213, 'cls': 0.305, 'special': 0.0, 'embed': 0.009}
[g4_fold1] ep34 step241/249 loss=0.7444 {'ds': 0.502, 'seg': 0.674, 'cls': 0.277, 'special': 0.0, 'embed': 0.008}
[g4_fold1] epoch 34 loss=0.3716 dice_core=0.9053 dice_peri=0.9498 thr=[0.45, 0.45] (196s)
[g4_fold1] ep35 step21/249 loss=0.2464 {'ds': 0.098, 'seg': 0.135, 'cls': 0.424, 'special': 0.0, 'embed': 0.07}
[g4_fold1] ep35 step41/249 loss=0.3846 {'ds': 0.21, 'seg': 0.305, 'cls': 0.311, 'special': 0.0, 'embed': 0.026}
[g4_fold1] ep35 step61/249 loss=0.4052 {'ds': 0.213, 'seg': 0.282, 'cls': 0.489, 'special': 0.0, 'embed': 0.008}
[g4_fold1] ep35 step81/249 loss=0.4413 {'ds': 0.274, 'seg': 0.334, 'cls': 0.426, 'special': 0.0, 'embed': 0.005}
[g4_fold1] ep35 step101/249 loss=0.1737 {'ds': 0.091, 'seg': 0.124, 'cls': 0.197, 'special': 0.0, 'embed': 0.008}
[g4_fold1] ep35 step121/249 loss=0.8084 {'ds': 0.518, 'seg': 0.718, 'cls': 0.361, 'special': 0.0, 'embed': 0.002}
[g4_fold1] ep35 step141/249 loss=0.8310 {'ds': 0.43, 'seg': 0.729, 'cls': 0.409, 'special': 0.0, 'embed': 0.001}
[g4_fold1] ep35 step161/249 loss=0.4786 {'ds': 0.286, 'seg': 0.366, 'cls': 0.45, 'special': 0.0, 'embed': 0.003}
[g4_fold1] ep35 step181/249 loss=0.2485 {'ds': 0.121, 'seg': 0.165, 'cls': 0.334, 'special': 0.0, 'embed': 0.004}
[g4_fold1] ep35 step201/249 loss=0.2556 {'ds': 0.125, 'seg': 0.169, 'cls': 0.34, 'special': 0.0, 'embed': 0.018}
[g4_fold1] ep35 step221/249 loss=0.2607 {'ds': 0.12, 'seg': 0.152, 'cls': 0.435, 'special': 0.0, 'embed': 0.004}
[g4_fold1] ep35 step241/249 loss=0.2666 {'ds': 0.144, 'seg': 0.19, 'cls': 0.304, 'special': 0.0, 'embed': 0.004}
[g4_fold1] epoch 35 loss=0.3649 dice_core=0.9057 dice_peri=0.9497 thr=[0.45, 0.5] (189s)
[g4_fold1] ep36 step21/249 loss=0.1568 {'ds': 0.077, 'seg': 0.096, 'cls': 0.241, 'special': 0.0, 'embed': 0.003}
[g4_fold1] ep36 step41/249 loss=0.2254 {'ds': 0.088, 'seg': 0.12, 'cls': 0.411, 'special': 0.0, 'embed': 0.036}
[g4_fold1] ep36 step61/249 loss=0.8507 {'ds': 0.451, 'seg': 0.753, 'cls': 0.39, 'special': 0.0, 'embed': 0.0}
[g4_fold1] ep36 step81/249 loss=0.8049 {'ds': 0.415, 'seg': 0.702, 'cls': 0.41, 'special': 0.0, 'embed': 0.0}
[g4_fold1] ep36 step101/249 loss=0.6351 {'ds': 0.4, 'seg': 0.542, 'cls': 0.371, 'special': 0.0, 'embed': 0.008}
[g4_fold1] ep36 step121/249 loss=0.2932 {'ds': 0.157, 'seg': 0.219, 'cls': 0.295, 'special': 0.0, 'embed': 0.004}
[g4_fold1] ep36 step141/249 loss=0.8039 {'ds': 0.44, 'seg': 0.732, 'cls': 0.283, 'special': 0.0, 'embed': 0.013}
[g4_fold1] ep36 step161/249 loss=0.2143 {'ds': 0.11, 'seg': 0.137, 'cls': 0.309, 'special': 0.0, 'embed': 0.002}
[g4_fold1] ep36 step181/249 loss=0.2032 {'ds': 0.102, 'seg': 0.138, 'cls': 0.259, 'special': 0.0, 'embed': 0.0}
[g4_fold1] ep36 step201/249 loss=0.2662 {'ds': 0.133, 'seg': 0.17, 'cls': 0.383, 'special': 0.0, 'embed': 0.001}
[g4_fold1] ep36 step221/249 loss=0.1860 {'ds': 0.074, 'seg': 0.099, 'cls': 0.343, 'special': 0.0, 'embed': 0.02}
[g4_fold1] ep36 step241/249 loss=0.2864 {'ds': 0.158, 'seg': 0.219, 'cls': 0.268, 'special': 0.0, 'embed': 0.003}
[g4_fold1] epoch 36 loss=0.3509 dice_core=0.9057 dice_peri=0.9497 thr=[0.45, 0.5] (193s)
[g4_fold1] ep37 step21/249 loss=0.2852 {'ds': 0.143, 'seg': 0.173, 'cls': 0.447, 'special': 0.0, 'embed': 0.0}
[g4_fold1] ep37 step41/249 loss=0.4638 {'ds': 0.175, 'seg': 0.239, 'cls': 0.898, 'special': 0.0, 'embed': 0.004}
[g4_fold1] ep37 step61/249 loss=0.2646 {'ds': 0.127, 'seg': 0.166, 'cls': 0.394, 'special': 0.0, 'embed': 0.003}
[g4_fold1] ep37 step81/249 loss=0.2634 {'ds': 0.147, 'seg': 0.198, 'cls': 0.26, 'special': 0.0, 'embed': 0.009}
[g4_fold1] ep37 step101/249 loss=0.7661 {'ds': 0.406, 'seg': 0.695, 'cls': 0.281, 'special': 0.001, 'embed': 0.003}
[g4_fold1] ep37 step121/249 loss=0.1549 {'ds': 0.082, 'seg': 0.106, 'cls': 0.195, 'special': 0.0, 'embed': 0.003}
[g4_fold1] ep37 step141/249 loss=0.5256 {'ds': 0.323, 'seg': 0.443, 'cls': 0.327, 'special': 0.0, 'embed': 0.006}
[g4_fold1] ep37 step161/249 loss=0.1906 {'ds': 0.098, 'seg': 0.14, 'cls': 0.201, 'special': 0.0, 'embed': 0.008}
[g4_fold1] ep37 step181/249 loss=0.5796 {'ds': 0.224, 'seg': 0.311, 'cls': 1.073, 'special': 0.0, 'embed': 0.004}
[g4_fold1] ep37 step201/249 loss=0.1588 {'ds': 0.062, 'seg': 0.085, 'cls': 0.293, 'special': 0.0, 'embed': 0.004}
[g4_fold1] ep37 step221/249 loss=0.3775 {'ds': 0.148, 'seg': 0.205, 'cls': 0.691, 'special': 0.0, 'embed': 0.002}
[g4_fold1] ep37 step241/249 loss=0.2728 {'ds': 0.151, 'seg': 0.177, 'cls': 0.384, 'special': 0.0, 'embed': 0.002}
[g4_fold1] epoch 37 loss=0.3591 dice_core=0.9059 dice_peri=0.9502 thr=[0.5, 0.5] (194s)
[g4_fold1] ep38 step21/249 loss=1.1807 {'ds': 0.67, 'seg': 1.053, 'cls': 0.508, 'special': 0.0, 'embed': 0.011}
[g4_fold1] ep38 step41/249 loss=0.4720 {'ds': 0.307, 'seg': 0.405, 'cls': 0.266, 'special': 0.0, 'embed': 0.004}
[g4_fold1] ep38 step61/249 loss=0.8781 {'ds': 0.579, 'seg': 0.807, 'cls': 0.285, 'special': 0.0, 'embed': 0.001}
[g4_fold1] ep38 step81/249 loss=0.7860 {'ds': 0.407, 'seg': 0.693, 'cls': 0.369, 'special': 0.0, 'embed': 0.003}
[g4_fold1] ep38 step101/249 loss=0.2174 {'ds': 0.099, 'seg': 0.127, 'cls': 0.358, 'special': 0.0, 'embed': 0.006}
[g4_fold1] ep38 step121/249 loss=0.3074 {'ds': 0.157, 'seg': 0.213, 'cls': 0.374, 'special': 0.0, 'embed': 0.004}
[g4_fold1] ep38 step141/249 loss=0.3899 {'ds': 0.198, 'seg': 0.315, 'cls': 0.299, 'special': 0.0, 'embed': 0.005}
[g4_fold1] ep38 step161/249 loss=0.3329 {'ds': 0.169, 'seg': 0.242, 'cls': 0.364, 'special': 0.0, 'embed': 0.002}
[g4_fold1] ep38 step181/249 loss=0.5175 {'ds': 0.28, 'seg': 0.377, 'cls': 0.561, 'special': 0.0, 'embed': 0.005}
[g4_fold1] ep38 step201/249 loss=0.5316 {'ds': 0.214, 'seg': 0.415, 'cls': 0.462, 'special': 0.0, 'embed': 0.008}
[g4_fold1] ep38 step221/249 loss=0.2871 {'ds': 0.147, 'seg': 0.19, 'cls': 0.386, 'special': 0.001, 'embed': 0.004}
[g4_fold1] ep38 step241/249 loss=0.3436 {'ds': 0.197, 'seg': 0.285, 'cls': 0.231, 'special': 0.0, 'embed': 0.005}
[g4_fold1] epoch 38 loss=0.3761 dice_core=0.9063 dice_peri=0.9505 thr=[0.5, 0.55] (209s)
[g4_fold1] ep39 step21/249 loss=0.7721 {'ds': 0.403, 'seg': 0.7, 'cls': 0.285, 'special': 0.0, 'embed': 0.004}
[g4_fold1] ep39 step41/249 loss=0.1765 {'ds': 0.1, 'seg': 0.133, 'cls': 0.173, 'special': 0.0, 'embed': 0.005}
[g4_fold1] ep39 step61/249 loss=0.4577 {'ds': 0.184, 'seg': 0.252, 'cls': 0.822, 'special': 0.0, 'embed': 0.007}
[g4_fold1] ep39 step81/249 loss=0.1959 {'ds': 0.111, 'seg': 0.135, 'cls': 0.24, 'special': 0.0, 'embed': 0.012}
[g4_fold1] ep39 step101/249 loss=0.2241 {'ds': 0.098, 'seg': 0.132, 'cls': 0.366, 'special': 0.0, 'embed': 0.001}
[g4_fold1] ep39 step121/249 loss=0.2017 {'ds': 0.058, 'seg': 0.078, 'cls': 0.494, 'special': 0.0, 'embed': 0.003}
[g4_fold1] ep39 step141/249 loss=0.9432 {'ds': 0.415, 'seg': 0.704, 'cls': 0.948, 'special': 0.001, 'embed': 0.018}
[g4_fold1] ep39 step161/249 loss=0.3644 {'ds': 0.192, 'seg': 0.275, 'cls': 0.355, 'special': 0.0, 'embed': 0.015}
[g4_fold1] ep39 step181/249 loss=0.1866 {'ds': 0.083, 'seg': 0.11, 'cls': 0.304, 'special': 0.0, 'embed': 0.008}
[g4_fold1] ep39 step201/249 loss=0.6072 {'ds': 0.36, 'seg': 0.496, 'cls': 0.444, 'special': 0.0, 'embed': 0.001}
[g4_fold1] ep39 step221/249 loss=0.3105 {'ds': 0.166, 'seg': 0.231, 'cls': 0.312, 'special': 0.006, 'embed': 0.003}
[g4_fold1] ep39 step241/249 loss=0.2675 {'ds': 0.15, 'seg': 0.178, 'cls': 0.355, 'special': 0.003, 'embed': 0.001}
[g4_fold1] epoch 39 loss=0.3846 dice_core=0.9070 dice_peri=0.9507 thr=[0.5, 0.55] (200s)
[g4_fold1] ep40 step21/249 loss=0.1986 {'ds': 0.105, 'seg': 0.139, 'cls': 0.236, 'special': 0.0, 'embed': 0.005}
[g4_fold1] ep40 step41/249 loss=0.2083 {'ds': 0.094, 'seg': 0.118, 'cls': 0.361, 'special': 0.0, 'embed': 0.001}
[g4_fold1] ep40 step61/249 loss=0.7897 {'ds': 0.428, 'seg': 0.72, 'cls': 0.279, 'special': 0.0, 'embed': 0.002}
[g4_fold1] ep40 step81/249 loss=0.2726 {'ds': 0.123, 'seg': 0.157, 'cls': 0.457, 'special': 0.001, 'embed': 0.011}
[g4_fold1] ep40 step101/249 loss=0.1712 {'ds': 0.087, 'seg': 0.098, 'cls': 0.292, 'special': 0.0, 'embed': 0.001}
[g4_fold1] ep40 step121/249 loss=0.2993 {'ds': 0.17, 'seg': 0.217, 'cls': 0.328, 'special': 0.0, 'embed': 0.008}
[g4_fold1] ep40 step141/249 loss=0.2077 {'ds': 0.082, 'seg': 0.113, 'cls': 0.38, 'special': 0.0, 'embed': 0.001}
[g4_fold1] ep40 step161/249 loss=0.3535 {'ds': 0.234, 'seg': 0.303, 'cls': 0.198, 'special': 0.0, 'embed': 0.019}
[g4_fold1] ep40 step181/249 loss=0.9792 {'ds': 0.662, 'seg': 0.911, 'cls': 0.273, 'special': 0.0, 'embed': 0.002}
[g4_fold1] ep40 step201/249 loss=0.1922 {'ds': 0.078, 'seg': 0.112, 'cls': 0.32, 'special': 0.0, 'embed': 0.007}
[g4_fold1] ep40 step221/249 loss=0.5122 {'ds': 0.325, 'seg': 0.454, 'cls': 0.23, 'special': 0.0, 'embed': 0.002}
[g4_fold1] ep40 step241/249 loss=0.4480 {'ds': 0.273, 'seg': 0.382, 'cls': 0.262, 'special': 0.0, 'embed': 0.008}
[g4_fold1] epoch 40 loss=0.3698 dice_core=0.9078 dice_peri=0.9512 thr=[0.45, 0.5] (201s)
[g4_fold1] ep41 step21/249 loss=0.9493 {'ds': 0.529, 'seg': 0.864, 'cls': 0.341, 'special': 0.0, 'embed': 0.007}
[g4_fold1] ep41 step41/249 loss=0.3314 {'ds': 0.157, 'seg': 0.224, 'cls': 0.43, 'special': 0.0, 'embed': 0.002}
[g4_fold1] ep41 step61/249 loss=0.3888 {'ds': 0.246, 'seg': 0.318, 'cls': 0.277, 'special': 0.0, 'embed': 0.023}
[g4_fold1] ep41 step81/249 loss=0.2022 {'ds': 0.081, 'seg': 0.107, 'cls': 0.382, 'special': 0.0, 'embed': 0.001}
[g4_fold1] ep41 step101/249 loss=0.7356 {'ds': 0.423, 'seg': 0.592, 'cls': 0.572, 'special': 0.0, 'embed': 0.001}
[g4_fold1] ep41 step121/249 loss=0.6184 {'ds': 0.303, 'seg': 0.499, 'cls': 0.475, 'special': 0.0, 'embed': 0.005}
[g4_fold1] ep41 step141/249 loss=0.3687 {'ds': 0.179, 'seg': 0.246, 'cls': 0.49, 'special': 0.0, 'embed': 0.001}
[g4_fold1] ep41 step161/249 loss=0.2404 {'ds': 0.12, 'seg': 0.164, 'cls': 0.305, 'special': 0.0, 'embed': 0.001}
[g4_fold1] ep41 step181/249 loss=0.7091 {'ds': 0.441, 'seg': 0.613, 'cls': 0.381, 'special': 0.0, 'embed': 0.008}
[g4_fold1] ep41 step201/249 loss=0.3572 {'ds': 0.167, 'seg': 0.222, 'cls': 0.539, 'special': 0.0, 'embed': 0.003}
[g4_fold1] ep41 step221/249 loss=0.3463 {'ds': 0.134, 'seg': 0.228, 'cls': 0.472, 'special': 0.0, 'embed': 0.007}
[g4_fold1] ep41 step241/249 loss=0.3722 {'ds': 0.21, 'seg': 0.279, 'cls': 0.374, 'special': 0.0, 'embed': 0.001}
[g4_fold1] epoch 41 loss=0.3518 dice_core=0.9084 dice_peri=0.9513 thr=[0.45, 0.5] (198s)
[g4_fold1] ep42 step21/249 loss=0.8247 {'ds': 0.415, 'seg': 0.706, 'cls': 0.474, 'special': 0.001, 'embed': 0.001}
[g4_fold1] ep42 step41/249 loss=0.4474 {'ds': 0.243, 'seg': 0.335, 'cls': 0.447, 'special': 0.0, 'embed': 0.001}
[g4_fold1] ep42 step61/249 loss=0.3186 {'ds': 0.158, 'seg': 0.22, 'cls': 0.393, 'special': 0.0, 'embed': 0.001}
[g4_fold1] ep42 step81/249 loss=0.4381 {'ds': 0.188, 'seg': 0.383, 'cls': 0.214, 'special': 0.0, 'embed': 0.019}
[g4_fold1] ep42 step101/249 loss=0.7938 {'ds': 0.42, 'seg': 0.706, 'cls': 0.35, 'special': 0.0, 'embed': 0.002}
[g4_fold1] ep42 step121/249 loss=0.1747 {'ds': 0.075, 'seg': 0.098, 'cls': 0.304, 'special': 0.0, 'embed': 0.005}
[g4_fold1] ep42 step141/249 loss=0.1432 {'ds': 0.068, 'seg': 0.084, 'cls': 0.234, 'special': 0.0, 'embed': 0.003}
[g4_fold1] ep42 step161/249 loss=0.8892 {'ds': 0.483, 'seg': 0.804, 'cls': 0.336, 'special': 0.0, 'embed': 0.011}
[g4_fold1] ep42 step181/249 loss=0.8253 {'ds': 0.508, 'seg': 0.777, 'cls': 0.193, 'special': 0.0, 'embed': 0.001}
[g4_fold1] ep42 step201/249 loss=0.2910 {'ds': 0.157, 'seg': 0.228, 'cls': 0.25, 'special': 0.0, 'embed': 0.0}
[g4_fold1] ep42 step221/249 loss=0.4493 {'ds': 0.246, 'seg': 0.372, 'cls': 0.307, 'special': 0.0, 'embed': 0.003}
[g4_fold1] ep42 step241/249 loss=1.3801 {'ds': 0.75, 'seg': 1.3, 'cls': 0.319, 'special': 0.0, 'embed': 0.004}
[g4_fold1] epoch 42 loss=0.3880 dice_core=0.9088 dice_peri=0.9514 thr=[0.45, 0.5] (196s)
[g4_fold1] ep43 step21/249 loss=0.5001 {'ds': 0.22, 'seg': 0.42, 'cls': 0.313, 'special': 0.0, 'embed': 0.028}
[g4_fold1] ep43 step41/249 loss=0.7487 {'ds': 0.408, 'seg': 0.695, 'cls': 0.212, 'special': 0.0, 'embed': 0.011}
[g4_fold1] ep43 step61/249 loss=0.8242 {'ds': 0.471, 'seg': 0.781, 'cls': 0.171, 'special': 0.0, 'embed': 0.005}
[g4_fold1] ep43 step81/249 loss=1.1448 {'ds': 0.573, 'seg': 0.909, 'cls': 0.941, 'special': 0.0, 'embed': 0.003}
[g4_fold1] ep43 step101/249 loss=0.3185 {'ds': 0.19, 'seg': 0.254, 'cls': 0.256, 'special': 0.0, 'embed': 0.003}
[g4_fold1] ep43 step121/249 loss=0.4249 {'ds': 0.272, 'seg': 0.343, 'cls': 0.325, 'special': 0.0, 'embed': 0.002}
[g4_fold1] ep43 step141/249 loss=0.2328 {'ds': 0.102, 'seg': 0.142, 'cls': 0.361, 'special': 0.0, 'embed': 0.002}
[g4_fold1] ep43 step161/249 loss=0.2134 {'ds': 0.076, 'seg': 0.102, 'cls': 0.443, 'special': 0.0, 'embed': 0.005}
[g4_fold1] ep43 step181/249 loss=0.1543 {'ds': 0.063, 'seg': 0.083, 'cls': 0.285, 'special': 0.0, 'embed': 0.003}
[g4_fold1] ep43 step201/249 loss=0.3688 {'ds': 0.21, 'seg': 0.289, 'cls': 0.313, 'special': 0.0, 'embed': 0.019}
[g4_fold1] ep43 step221/249 loss=0.2355 {'ds': 0.108, 'seg': 0.152, 'cls': 0.333, 'special': 0.0, 'embed': 0.001}
[g4_fold1] ep43 step241/249 loss=0.2384 {'ds': 0.115, 'seg': 0.158, 'cls': 0.32, 'special': 0.0, 'embed': 0.001}
[g4_fold1] epoch 43 loss=0.3684 dice_core=0.9096 dice_peri=0.9517 thr=[0.45, 0.5] (225s)
[g4_fold1] ep44 step21/249 loss=0.5107 {'ds': 0.308, 'seg': 0.399, 'cls': 0.448, 'special': 0.0, 'embed': 0.002}
[g4_fold1] ep44 step41/249 loss=0.1638 {'ds': 0.073, 'seg': 0.095, 'cls': 0.271, 'special': 0.0, 'embed': 0.007}
[g4_fold1] ep44 step61/249 loss=0.2415 {'ds': 0.093, 'seg': 0.134, 'cls': 0.429, 'special': 0.0, 'embed': 0.003}
[g4_fold1] ep44 step81/249 loss=0.1839 {'ds': 0.074, 'seg': 0.104, 'cls': 0.318, 'special': 0.0, 'embed': 0.003}
[g4_fold1] ep44 step101/249 loss=0.3249 {'ds': 0.16, 'seg': 0.217, 'cls': 0.431, 'special': 0.0, 'embed': 0.001}
[g4_fold1] ep44 step121/249 loss=0.3842 {'ds': 0.227, 'seg': 0.313, 'cls': 0.285, 'special': 0.0, 'embed': 0.001}
[g4_fold1] ep44 step141/249 loss=0.1864 {'ds': 0.085, 'seg': 0.115, 'cls': 0.283, 'special': 0.0, 'embed': 0.006}
[g4_fold1] ep44 step161/249 loss=1.3372 {'ds': 0.775, 'seg': 1.205, 'cls': 0.527, 'special': 0.0, 'embed': 0.005}
[g4_fold1] ep44 step181/249 loss=0.2093 {'ds': 0.107, 'seg': 0.146, 'cls': 0.254, 'special': 0.0, 'embed': 0.002}
[g4_fold1] ep44 step201/249 loss=0.4014 {'ds': 0.223, 'seg': 0.295, 'cls': 0.427, 'special': 0.0, 'embed': 0.002}
[g4_fold1] ep44 step221/249 loss=0.2145 {'ds': 0.105, 'seg': 0.147, 'cls': 0.262, 'special': 0.0, 'embed': 0.024}
[g4_fold1] ep44 step241/249 loss=0.1862 {'ds': 0.096, 'seg': 0.127, 'cls': 0.237, 'special': 0.0, 'embed': 0.002}
[g4_fold1] epoch 44 loss=0.3449 dice_core=0.9101 dice_peri=0.9516 thr=[0.45, 0.5] (193s)
[g4_fold1] ep45 step21/249 loss=0.6798 {'ds': 0.343, 'seg': 0.613, 'cls': 0.265, 'special': 0.0, 'embed': 0.002}
[g4_fold1] ep45 step41/249 loss=0.8372 {'ds': 0.384, 'seg': 0.667, 'cls': 0.679, 'special': 0.0, 'embed': 0.002}
[g4_fold1] ep45 step61/249 loss=0.1993 {'ds': 0.108, 'seg': 0.139, 'cls': 0.241, 'special': 0.0, 'embed': 0.001}
[g4_fold1] ep45 step81/249 loss=0.8342 {'ds': 0.453, 'seg': 0.754, 'cls': 0.32, 'special': 0.0, 'embed': 0.008}
[g4_fold1] ep45 step101/249 loss=0.4194 {'ds': 0.176, 'seg': 0.23, 'cls': 0.759, 'special': 0.0, 'embed': 0.001}
[g4_fold1] ep45 step121/249 loss=0.2722 {'ds': 0.131, 'seg': 0.176, 'cls': 0.384, 'special': 0.0, 'embed': 0.002}
[g4_fold1] ep45 step141/249 loss=0.2216 {'ds': 0.096, 'seg': 0.131, 'cls': 0.364, 'special': 0.0, 'embed': 0.002}
[g4_fold1] ep45 step161/249 loss=0.1691 {'ds': 0.065, 'seg': 0.085, 'cls': 0.301, 'special': 0.0, 'embed': 0.12}
[g4_fold1] ep45 step181/249 loss=0.2884 {'ds': 0.117, 'seg': 0.16, 'cls': 0.482, 'special': 0.0, 'embed': 0.106}
[g4_fold1] ep45 step201/249 loss=0.8095 {'ds': 0.416, 'seg': 0.703, 'cls': 0.422, 'special': 0.0, 'embed': 0.01}
[g4_fold1] ep45 step221/249 loss=0.7969 {'ds': 0.419, 'seg': 0.714, 'cls': 0.33, 'special': 0.0, 'embed': 0.001}
[g4_fold1] ep45 step241/249 loss=0.8121 {'ds': 0.399, 'seg': 0.682, 'cls': 0.517, 'special': 0.0, 'embed': 0.006}
[g4_fold1] epoch 45 loss=0.3747 dice_core=0.9103 dice_peri=0.9517 thr=[0.45, 0.5] (207s)
[g4_fold1] ep46 step21/249 loss=0.5893 {'ds': 0.252, 'seg': 0.464, 'cls': 0.495, 'special': 0.0, 'embed': 0.015}
[g4_fold1] ep46 step41/249 loss=0.4944 {'ds': 0.198, 'seg': 0.394, 'cls': 0.398, 'special': 0.0, 'embed': 0.006}
[g4_fold1] ep46 step61/249 loss=0.2367 {'ds': 0.115, 'seg': 0.159, 'cls': 0.308, 'special': 0.0, 'embed': 0.003}
[g4_fold1] ep46 step81/249 loss=0.2175 {'ds': 0.119, 'seg': 0.165, 'cls': 0.206, 'special': 0.0, 'embed': 0.02}
[g4_fold1] ep46 step101/249 loss=0.3063 {'ds': 0.109, 'seg': 0.151, 'cls': 0.524, 'special': 0.0, 'embed': 0.331}
[g4_fold1] ep46 step121/249 loss=0.5265 {'ds': 0.311, 'seg': 0.436, 'cls': 0.36, 'special': 0.0, 'embed': 0.003}
[g4_fold1] ep46 step141/249 loss=0.7893 {'ds': 0.426, 'seg': 0.713, 'cls': 0.302, 'special': 0.0, 'embed': 0.018}
[g4_fold1] ep46 step161/249 loss=0.2945 {'ds': 0.156, 'seg': 0.213, 'cls': 0.325, 'special': 0.0, 'embed': 0.001}
[g4_fold1] ep46 step181/249 loss=0.5609 {'ds': 0.226, 'seg': 0.435, 'cls': 0.496, 'special': 0.0, 'embed': 0.024}
[g4_fold1] ep46 step201/249 loss=0.3394 {'ds': 0.178, 'seg': 0.233, 'cls': 0.207, 'special': 0.001, 'embed': 0.724}
[g4_fold1] ep46 step221/249 loss=0.5647 {'ds': 0.233, 'seg': 0.45, 'cls': 0.455, 'special': 0.0, 'embed': 0.008}
[g4_fold1] ep46 step241/249 loss=0.2462 {'ds': 0.134, 'seg': 0.179, 'cls': 0.219, 'special': 0.0, 'embed': 0.164}
[g4_fold1] epoch 46 loss=0.3577 dice_core=0.9103 dice_peri=0.9518 thr=[0.45, 0.5] (193s)
[g4_fold1] ep47 step21/249 loss=0.3807 {'ds': 0.207, 'seg': 0.283, 'cls': 0.378, 'special': 0.0, 'embed': 0.043}
[g4_fold1] ep47 step41/249 loss=0.3207 {'ds': 0.183, 'seg': 0.238, 'cls': 0.33, 'special': 0.0, 'embed': 0.001}
[g4_fold1] ep47 step61/249 loss=0.3937 {'ds': 0.231, 'seg': 0.317, 'cls': 0.305, 'special': 0.0, 'embed': 0.003}
[g4_fold1] ep47 step81/249 loss=0.6148 {'ds': 0.332, 'seg': 0.475, 'cls': 0.55, 'special': 0.0, 'embed': 0.023}
[g4_fold1] ep47 step101/249 loss=0.2786 {'ds': 0.134, 'seg': 0.181, 'cls': 0.388, 'special': 0.0, 'embed': 0.002}
[g4_fold1] ep47 step121/249 loss=0.6267 {'ds': 0.417, 'seg': 0.53, 'cls': 0.383, 'special': 0.0, 'embed': 0.007}
[g4_fold1] ep47 step141/249 loss=0.3289 {'ds': 0.165, 'seg': 0.222, 'cls': 0.426, 'special': 0.0, 'embed': 0.008}
[g4_fold1] ep47 step161/249 loss=0.3896 {'ds': 0.222, 'seg': 0.301, 'cls': 0.348, 'special': 0.0, 'embed': 0.017}
[g4_fold1] ep47 step181/249 loss=0.2888 {'ds': 0.144, 'seg': 0.186, 'cls': 0.411, 'special': 0.0, 'embed': 0.004}
[g4_fold1] ep47 step201/249 loss=0.3712 {'ds': 0.22, 'seg': 0.293, 'cls': 0.312, 'special': 0.0, 'embed': 0.003}
[g4_fold1] ep47 step221/249 loss=0.7468 {'ds': 0.454, 'seg': 0.668, 'cls': 0.315, 'special': 0.0, 'embed': 0.001}
[g4_fold1] ep47 step241/249 loss=0.1956 {'ds': 0.097, 'seg': 0.131, 'cls': 0.255, 'special': 0.0, 'embed': 0.005}
[g4_fold1] epoch 47 loss=0.3596 dice_core=0.9107 dice_peri=0.9518 thr=[0.45, 0.5] (189s)
[g4_fold1] ep48 step21/249 loss=0.6136 {'ds': 0.324, 'seg': 0.454, 'cls': 0.632, 'special': 0.0, 'embed': 0.024}
[g4_fold1] ep48 step41/249 loss=0.3497 {'ds': 0.133, 'seg': 0.176, 'cls': 0.695, 'special': 0.0, 'embed': 0.0}
[g4_fold1] ep48 step61/249 loss=0.2960 {'ds': 0.166, 'seg': 0.209, 'cls': 0.346, 'special': 0.002, 'embed': 0.005}
[g4_fold1] ep48 step81/249 loss=0.2275 {'ds': 0.118, 'seg': 0.162, 'cls': 0.258, 'special': 0.0, 'embed': 0.009}
[g4_fold1] ep48 step101/249 loss=0.2774 {'ds': 0.165, 'seg': 0.22, 'cls': 0.229, 'special': 0.0, 'embed': 0.004}
[g4_fold1] ep48 step121/249 loss=0.8899 {'ds': 0.561, 'seg': 0.779, 'cls': 0.438, 'special': 0.0, 'embed': 0.022}
[g4_fold1] ep48 step141/249 loss=0.4419 {'ds': 0.267, 'seg': 0.326, 'cls': 0.462, 'special': 0.0, 'embed': 0.003}
[g4_fold1] ep48 step161/249 loss=0.3197 {'ds': 0.146, 'seg': 0.217, 'cls': 0.41, 'special': 0.0, 'embed': 0.001}
[g4_fold1] ep48 step181/249 loss=0.2316 {'ds': 0.112, 'seg': 0.15, 'cls': 0.325, 'special': 0.0, 'embed': 0.003}
[g4_fold1] ep48 step201/249 loss=0.2345 {'ds': 0.131, 'seg': 0.173, 'cls': 0.243, 'special': 0.0, 'embed': 0.008}
[g4_fold1] ep48 step221/249 loss=0.2099 {'ds': 0.052, 'seg': 0.07, 'cls': 0.556, 'special': 0.0, 'embed': 0.009}
[g4_fold1] ep48 step241/249 loss=0.2688 {'ds': 0.136, 'seg': 0.172, 'cls': 0.387, 'special': 0.0, 'embed': 0.006}
[g4_fold1] epoch 48 loss=0.3486 dice_core=0.9112 dice_peri=0.9520 thr=[0.4, 0.5] (211s)
[g4_fold1] ep49 step21/249 loss=0.2046 {'ds': 0.067, 'seg': 0.084, 'cls': 0.48, 'special': 0.0, 'embed': 0.01}
[g4_fold1] ep49 step41/249 loss=0.2073 {'ds': 0.057, 'seg': 0.077, 'cls': 0.521, 'special': 0.0, 'embed': 0.005}
[g4_fold1] ep49 step61/249 loss=0.1844 {'ds': 0.073, 'seg': 0.1, 'cls': 0.338, 'special': 0.0, 'embed': 0.006}
[g4_fold1] ep49 step81/249 loss=0.2601 {'ds': 0.154, 'seg': 0.211, 'cls': 0.195, 'special': 0.0, 'embed': 0.002}
[g4_fold1] ep49 step101/249 loss=1.1644 {'ds': 0.567, 'seg': 1.035, 'cls': 0.518, 'special': 0.0, 'embed': 0.0}
[g4_fold1] ep49 step121/249 loss=0.7573 {'ds': 0.418, 'seg': 0.699, 'cls': 0.232, 'special': 0.0, 'embed': 0.004}
[g4_fold1] ep49 step141/249 loss=0.8063 {'ds': 0.407, 'seg': 0.69, 'cls': 0.464, 'special': 0.0, 'embed': 0.004}
[g4_fold1] ep49 step161/249 loss=0.3927 {'ds': 0.248, 'seg': 0.326, 'cls': 0.267, 'special': 0.0, 'embed': 0.005}
[g4_fold1] ep49 step181/249 loss=0.2128 {'ds': 0.106, 'seg': 0.147, 'cls': 0.26, 'special': 0.0, 'embed': 0.008}
[g4_fold1] ep49 step201/249 loss=0.2479 {'ds': 0.12, 'seg': 0.16, 'cls': 0.347, 'special': 0.0, 'embed': 0.01}
[g4_fold1] ep49 step221/249 loss=0.2513 {'ds': 0.112, 'seg': 0.153, 'cls': 0.39, 'special': 0.0, 'embed': 0.006}
[g4_fold1] ep49 step241/249 loss=0.4660 {'ds': 0.204, 'seg': 0.4, 'cls': 0.266, 'special': 0.0, 'embed': 0.001}
[g4_fold1] epoch 49 loss=0.3507 dice_core=0.9118 dice_peri=0.9521 thr=[0.4, 0.5] (213s)
[g4_fold1] ep50 step21/249 loss=0.3168 {'ds': 0.177, 'seg': 0.227, 'cls': 0.357, 'special': 0.0, 'embed': 0.003}
[g4_fold1] ep50 step41/249 loss=0.2604 {'ds': 0.127, 'seg': 0.174, 'cls': 0.347, 'special': 0.0, 'embed': 0.0}
[g4_fold1] ep50 step61/249 loss=0.1983 {'ds': 0.069, 'seg': 0.088, 'cls': 0.438, 'special': 0.0, 'embed': 0.004}
[g4_fold1] ep50 step81/249 loss=0.2926 {'ds': 0.179, 'seg': 0.23, 'cls': 0.249, 'special': 0.0, 'embed': 0.002}
[g4_fold1] ep50 step101/249 loss=1.3025 {'ds': 0.551, 'seg': 0.893, 'cls': 1.637, 'special': 0.0, 'embed': 0.004}
[g4_fold1] ep50 step121/249 loss=0.2617 {'ds': 0.131, 'seg': 0.169, 'cls': 0.362, 'special': 0.0, 'embed': 0.029}
[g4_fold1] ep50 step141/249 loss=0.7688 {'ds': 0.418, 'seg': 0.701, 'cls': 0.271, 'special': 0.0, 'embed': 0.005}
[g4_fold1] ep50 step161/249 loss=0.3096 {'ds': 0.149, 'seg': 0.184, 'cls': 0.464, 'special': 0.0, 'embed': 0.129}
[g4_fold1] ep50 step181/249 loss=0.2049 {'ds': 0.107, 'seg': 0.141, 'cls': 0.257, 'special': 0.0, 'embed': 0.001}
[g4_fold1] ep50 step201/249 loss=0.1703 {'ds': 0.069, 'seg': 0.087, 'cls': 0.332, 'special': 0.0, 'embed': 0.002}
[g4_fold1] ep50 step221/249 loss=0.2087 {'ds': 0.103, 'seg': 0.139, 'cls': 0.278, 'special': 0.0, 'embed': 0.002}
[g4_fold1] ep50 step241/249 loss=1.5285 {'ds': 0.896, 'seg': 1.377, 'cls': 0.604, 'special': 0.0, 'embed': 0.002}
[g4_fold1] epoch 50 loss=0.3544 dice_core=0.9118 dice_peri=0.9521 thr=[0.45, 0.5] (193s)
[g4_fold1] ep51 step21/249 loss=0.1966 {'ds': 0.08, 'seg': 0.108, 'cls': 0.348, 'special': 0.0, 'embed': 0.015}
[g4_fold1] ep51 step41/249 loss=0.6243 {'ds': 0.355, 'seg': 0.497, 'cls': 0.507, 'special': 0.001, 'embed': 0.008}
[g4_fold1] ep51 step61/249 loss=0.2680 {'ds': 0.13, 'seg': 0.182, 'cls': 0.34, 'special': 0.0, 'embed': 0.01}
[g4_fold1] ep51 step81/249 loss=1.1307 {'ds': 0.661, 'seg': 1.047, 'cls': 0.333, 'special': 0.0, 'embed': 0.002}
[g4_fold1] ep51 step101/249 loss=0.3049 {'ds': 0.182, 'seg': 0.252, 'cls': 0.208, 'special': 0.0, 'embed': 0.016}
[g4_fold1] ep51 step121/249 loss=0.1988 {'ds': 0.095, 'seg': 0.131, 'cls': 0.272, 'special': 0.0, 'embed': 0.001}
[g4_fold1] ep51 step141/249 loss=0.5001 {'ds': 0.342, 'seg': 0.365, 'cls': 0.533, 'special': 0.005, 'embed': 0.001}
[g4_fold1] ep51 step161/249 loss=0.8203 {'ds': 0.416, 'seg': 0.706, 'cls': 0.457, 'special': 0.0, 'embed': 0.005}
[g4_fold1] ep51 step181/249 loss=0.2669 {'ds': 0.145, 'seg': 0.202, 'cls': 0.258, 'special': 0.0, 'embed': 0.002}
[g4_fold1] ep51 step201/249 loss=1.1229 {'ds': 0.556, 'seg': 0.928, 'cls': 0.778, 'special': 0.0, 'embed': 0.008}
[g4_fold1] ep51 step221/249 loss=0.2602 {'ds': 0.142, 'seg': 0.188, 'cls': 0.288, 'special': 0.0, 'embed': 0.0}
[g4_fold1] ep51 step241/249 loss=0.8248 {'ds': 0.455, 'seg': 0.762, 'cls': 0.249, 'special': 0.0, 'embed': 0.003}
[g4_fold1] epoch 51 loss=0.3602 dice_core=0.9121 dice_peri=0.9521 thr=[0.4, 0.5] (201s)
[g4_fold1] ep52 step21/249 loss=0.7955 {'ds': 0.469, 'seg': 0.642, 'cls': 0.614, 'special': 0.0, 'embed': 0.002}
[g4_fold1] ep52 step41/249 loss=0.2436 {'ds': 0.107, 'seg': 0.143, 'cls': 0.397, 'special': 0.0, 'embed': 0.02}
[g4_fold1] ep52 step61/249 loss=0.2297 {'ds': 0.115, 'seg': 0.152, 'cls': 0.309, 'special': 0.0, 'embed': 0.001}
[g4_fold1] ep52 step81/249 loss=0.1945 {'ds': 0.081, 'seg': 0.116, 'cls': 0.315, 'special': 0.0, 'embed': 0.001}
[g4_fold1] ep52 step101/249 loss=0.2132 {'ds': 0.111, 'seg': 0.14, 'cls': 0.292, 'special': 0.0, 'embed': 0.003}
[g4_fold1] ep52 step121/249 loss=0.2683 {'ds': 0.106, 'seg': 0.145, 'cls': 0.492, 'special': 0.0, 'embed': 0.006}
[g4_fold1] ep52 step141/249 loss=0.4421 {'ds': 0.283, 'seg': 0.388, 'cls': 0.214, 'special': 0.0, 'embed': 0.01}
[g4_fold1] ep52 step161/249 loss=0.8531 {'ds': 0.465, 'seg': 0.767, 'cls': 0.346, 'special': 0.0, 'embed': 0.0}
[g4_fold1] ep52 step181/249 loss=0.3369 {'ds': 0.165, 'seg': 0.218, 'cls': 0.474, 'special': 0.0, 'embed': 0.004}
[g4_fold1] ep52 step201/249 loss=0.6787 {'ds': 0.336, 'seg': 0.565, 'cls': 0.455, 'special': 0.0, 'embed': 0.003}
[g4_fold1] ep52 step221/249 loss=0.1675 {'ds': 0.082, 'seg': 0.109, 'cls': 0.235, 'special': 0.0, 'embed': 0.002}
[g4_fold1] ep52 step241/249 loss=0.4632 {'ds': 0.31, 'seg': 0.383, 'cls': 0.321, 'special': 0.0, 'embed': 0.003}
[g4_fold1] epoch 52 loss=0.3690 dice_core=0.9124 dice_peri=0.9523 thr=[0.4, 0.5] (202s)
[g4_fold1] ep53 step21/249 loss=0.3030 {'ds': 0.164, 'seg': 0.234, 'cls': 0.275, 'special': 0.0, 'embed': 0.001}
[g4_fold1] ep53 step41/249 loss=0.2863 {'ds': 0.162, 'seg': 0.218, 'cls': 0.272, 'special': 0.0, 'embed': 0.004}
[g4_fold1] ep53 step61/249 loss=0.2629 {'ds': 0.13, 'seg': 0.173, 'cls': 0.356, 'special': 0.0, 'embed': 0.007}
[g4_fold1] ep53 step81/249 loss=0.5126 {'ds': 0.286, 'seg': 0.395, 'cls': 0.462, 'special': 0.0, 'embed': 0.024}
[g4_fold1] ep53 step101/249 loss=0.3819 {'ds': 0.256, 'seg': 0.3, 'cls': 0.326, 'special': 0.0, 'embed': 0.001}
[g4_fold1] ep53 step121/249 loss=0.4301 {'ds': 0.085, 'seg': 0.108, 'cls': 0.284, 'special': 0.0, 'embed': 3.349}
[g4_fold1] ep53 step141/249 loss=0.9146 {'ds': 0.438, 'seg': 0.741, 'cls': 0.693, 'special': 0.0, 'embed': 0.003}
[g4_fold1] ep53 step161/249 loss=0.7997 {'ds': 0.416, 'seg': 0.702, 'cls': 0.378, 'special': 0.0, 'embed': 0.04}
[g4_fold1] ep53 step181/249 loss=0.2592 {'ds': 0.127, 'seg': 0.175, 'cls': 0.329, 'special': 0.0, 'embed': 0.018}
[g4_fold1] ep53 step201/249 loss=0.5800 {'ds': 0.386, 'seg': 0.474, 'cls': 0.424, 'special': 0.0, 'embed': 0.003}
[g4_fold1] ep53 step221/249 loss=0.3602 {'ds': 0.113, 'seg': 0.155, 'cls': 0.82, 'special': 0.0, 'embed': 0.001}
[g4_fold1] ep53 step241/249 loss=0.3805 {'ds': 0.226, 'seg': 0.31, 'cls': 0.283, 'special': 0.0, 'embed': 0.001}
[g4_fold1] epoch 53 loss=0.3662 dice_core=0.9129 dice_peri=0.9525 thr=[0.4, 0.5] (195s)
[g4_fold1] ep54 step21/249 loss=0.2209 {'ds': 0.113, 'seg': 0.153, 'cls': 0.258, 'special': 0.0, 'embed': 0.042}
[g4_fold1] ep54 step41/249 loss=1.1137 {'ds': 0.727, 'seg': 1.039, 'cls': 0.296, 'special': 0.0, 'embed': 0.012}
[g4_fold1] ep54 step61/249 loss=0.4657 {'ds': 0.301, 'seg': 0.373, 'cls': 0.371, 'special': 0.0, 'embed': 0.002}
[g4_fold1] ep54 step81/249 loss=0.2512 {'ds': 0.134, 'seg': 0.154, 'cls': 0.389, 'special': 0.0, 'embed': 0.001}
[g4_fold1] ep54 step101/249 loss=0.4469 {'ds': 0.297, 'seg': 0.373, 'cls': 0.29, 'special': 0.0, 'embed': 0.019}
[g4_fold1] ep54 step121/249 loss=0.2042 {'ds': 0.099, 'seg': 0.13, 'cls': 0.291, 'special': 0.0, 'embed': 0.016}
[g4_fold1] ep54 step141/249 loss=0.2032 {'ds': 0.111, 'seg': 0.147, 'cls': 0.222, 'special': 0.0, 'embed': 0.005}
[g4_fold1] ep54 step161/249 loss=0.5557 {'ds': 0.317, 'seg': 0.444, 'cls': 0.446, 'special': 0.0, 'embed': 0.001}
[g4_fold1] ep54 step181/249 loss=0.2510 {'ds': 0.139, 'seg': 0.194, 'cls': 0.227, 'special': 0.0, 'embed': 0.002}
[g4_fold1] ep54 step201/249 loss=0.3357 {'ds': 0.193, 'seg': 0.253, 'cls': 0.323, 'special': 0.0, 'embed': 0.025}
[g4_fold1] ep54 step221/249 loss=0.2045 {'ds': 0.06, 'seg': 0.08, 'cls': 0.497, 'special': 0.0, 'embed': 0.005}
[g4_fold1] ep54 step241/249 loss=0.8073 {'ds': 0.421, 'seg': 0.712, 'cls': 0.377, 'special': 0.0, 'embed': 0.009}
[g4_fold1] epoch 54 loss=0.3340 dice_core=0.9130 dice_peri=0.9529 thr=[0.4, 0.5] (188s)
[g4_fold1] ep55 step21/249 loss=0.3517 {'ds': 0.179, 'seg': 0.245, 'cls': 0.425, 'special': 0.0, 'embed': 0.002}
[g4_fold1] ep55 step41/249 loss=0.1894 {'ds': 0.094, 'seg': 0.125, 'cls': 0.253, 'special': 0.0, 'embed': 0.013}
[g4_fold1] ep55 step61/249 loss=0.1607 {'ds': 0.067, 'seg': 0.088, 'cls': 0.289, 'special': 0.0, 'embed': 0.011}
[g4_fold1] ep55 step81/249 loss=0.3280 {'ds': 0.192, 'seg': 0.246, 'cls': 0.328, 'special': 0.0, 'embed': 0.005}
[g4_fold1] ep55 step101/249 loss=0.3241 {'ds': 0.178, 'seg': 0.228, 'cls': 0.384, 'special': 0.0, 'embed': 0.001}
[g4_fold1] ep55 step121/249 loss=0.6882 {'ds': 0.41, 'seg': 0.579, 'cls': 0.435, 'special': 0.0, 'embed': 0.005}
[g4_fold1] ep55 step141/249 loss=0.2192 {'ds': 0.116, 'seg': 0.159, 'cls': 0.241, 'special': 0.0, 'embed': 0.007}
[g4_fold1] ep55 step161/249 loss=0.5013 {'ds': 0.256, 'seg': 0.35, 'cls': 0.606, 'special': 0.0, 'embed': 0.002}
[g4_fold1] ep55 step181/249 loss=0.2493 {'ds': 0.106, 'seg': 0.149, 'cls': 0.398, 'special': 0.0, 'embed': 0.006}
[g4_fold1] ep55 step201/249 loss=0.5409 {'ds': 0.227, 'seg': 0.432, 'cls': 0.437, 'special': 0.0, 'embed': 0.0}
[g4_fold1] ep55 step221/249 loss=0.1993 {'ds': 0.084, 'seg': 0.114, 'cls': 0.339, 'special': 0.0, 'embed': 0.002}
[g4_fold1] ep55 step241/249 loss=0.2158 {'ds': 0.117, 'seg': 0.155, 'cls': 0.242, 'special': 0.0, 'embed': 0.001}
[g4_fold1] epoch 55 loss=0.3186 dice_core=0.9133 dice_peri=0.9532 thr=[0.4, 0.5] (188s)
[g4_fold1] ep56 step21/249 loss=0.2804 {'ds': 0.147, 'seg': 0.201, 'cls': 0.317, 'special': 0.0, 'embed': 0.001}
[g4_fold1] ep56 step41/249 loss=0.1562 {'ds': 0.073, 'seg': 0.104, 'cls': 0.208, 'special': 0.0, 'embed': 0.001}
[g4_fold1] ep56 step61/249 loss=0.1588 {'ds': 0.076, 'seg': 0.094, 'cls': 0.26, 'special': 0.0, 'embed': 0.004}
[g4_fold1] ep56 step81/249 loss=0.2260 {'ds': 0.121, 'seg': 0.153, 'cls': 0.288, 'special': 0.0, 'embed': 0.009}
[g4_fold1] ep56 step101/249 loss=0.2313 {'ds': 0.129, 'seg': 0.175, 'cls': 0.226, 'special': 0.0, 'embed': 0.002}
[g4_fold1] ep56 step121/249 loss=0.2308 {'ds': 0.129, 'seg': 0.174, 'cls': 0.224, 'special': 0.0, 'embed': 0.007}
[g4_fold1] ep56 step141/249 loss=0.1977 {'ds': 0.065, 'seg': 0.092, 'cls': 0.424, 'special': 0.0, 'embed': 0.0}
[g4_fold1] ep56 step161/249 loss=0.2058 {'ds': 0.097, 'seg': 0.133, 'cls': 0.291, 'special': 0.0, 'embed': 0.0}
[g4_fold1] ep56 step181/249 loss=0.2976 {'ds': 0.163, 'seg': 0.225, 'cls': 0.288, 'special': 0.0, 'embed': 0.001}
[g4_fold1] ep56 step201/249 loss=0.2466 {'ds': 0.123, 'seg': 0.172, 'cls': 0.292, 'special': 0.0, 'embed': 0.017}
[g4_fold1] ep56 step221/249 loss=0.8095 {'ds': 0.406, 'seg': 0.697, 'cls': 0.448, 'special': 0.0, 'embed': 0.005}
[g4_fold1] ep56 step241/249 loss=0.8920 {'ds': 0.476, 'seg': 0.773, 'cls': 0.475, 'special': 0.0, 'embed': 0.01}
[g4_fold1] epoch 56 loss=0.3195 dice_core=0.9136 dice_peri=0.9533 thr=[0.35, 0.5] (212s)
[g4_fold1] ep57 step21/249 loss=0.3108 {'ds': 0.147, 'seg': 0.196, 'cls': 0.456, 'special': 0.0, 'embed': 0.005}
[g4_fold1] ep57 step41/249 loss=0.9508 {'ds': 0.533, 'seg': 0.863, 'cls': 0.351, 'special': 0.0, 'embed': 0.002}
[g4_fold1] ep57 step61/249 loss=0.3757 {'ds': 0.187, 'seg': 0.249, 'cls': 0.507, 'special': 0.0, 'embed': 0.002}
[g4_fold1] ep57 step81/249 loss=0.2107 {'ds': 0.111, 'seg': 0.147, 'cls': 0.254, 'special': 0.0, 'embed': 0.0}
[g4_fold1] ep57 step101/249 loss=1.0408 {'ds': 0.523, 'seg': 0.866, 'cls': 0.698, 'special': 0.0, 'embed': 0.001}
[g4_fold1] ep57 step121/249 loss=0.8026 {'ds': 0.412, 'seg': 0.729, 'cls': 0.295, 'special': 0.0, 'embed': 0.001}
[g4_fold1] ep57 step141/249 loss=0.5685 {'ds': 0.261, 'seg': 0.451, 'cls': 0.465, 'special': 0.0, 'embed': 0.015}
[g4_fold1] ep57 step161/249 loss=0.2237 {'ds': 0.119, 'seg': 0.156, 'cls': 0.269, 'special': 0.0, 'embed': 0.006}
[g4_fold1] ep57 step181/249 loss=0.4934 {'ds': 0.333, 'seg': 0.407, 'cls': 0.341, 'special': 0.0, 'embed': 0.008}
[g4_fold1] ep57 step201/249 loss=0.4586 {'ds': 0.199, 'seg': 0.401, 'cls': 0.23, 'special': 0.0, 'embed': 0.002}
[g4_fold1] ep57 step221/249 loss=0.2447 {'ds': 0.112, 'seg': 0.15, 'cls': 0.378, 'special': 0.0, 'embed': 0.004}
[g4_fold1] ep57 step241/249 loss=0.9738 {'ds': 0.466, 'seg': 0.781, 'cls': 0.772, 'special': 0.0, 'embed': 0.0}
[g4_fold1] epoch 57 loss=0.3428 dice_core=0.9137 dice_peri=0.9534 thr=[0.35, 0.5] (215s)
[g4_fold1] ep58 step21/249 loss=0.2125 {'ds': 0.103, 'seg': 0.138, 'cls': 0.298, 'special': 0.0, 'embed': 0.001}
[g4_fold1] ep58 step41/249 loss=0.7030 {'ds': 0.403, 'seg': 0.527, 'cls': 0.704, 'special': 0.0, 'embed': 0.001}
[g4_fold1] ep58 step61/249 loss=0.7848 {'ds': 0.416, 'seg': 0.705, 'cls': 0.318, 'special': 0.0, 'embed': 0.001}
[g4_fold1] ep58 step81/249 loss=0.2512 {'ds': 0.146, 'seg': 0.185, 'cls': 0.254, 'special': 0.0, 'embed': 0.033}
[g4_fold1] ep58 step101/249 loss=0.5091 {'ds': 0.202, 'seg': 0.395, 'cls': 0.447, 'special': 0.0, 'embed': 0.037}
[g4_fold1] ep58 step121/249 loss=0.2362 {'ds': 0.114, 'seg': 0.157, 'cls': 0.311, 'special': 0.0, 'embed': 0.016}
[g4_fold1] ep58 step141/249 loss=0.2372 {'ds': 0.124, 'seg': 0.171, 'cls': 0.264, 'special': 0.0, 'embed': 0.005}
[g4_fold1] ep58 step161/249 loss=0.2941 {'ds': 0.186, 'seg': 0.239, 'cls': 0.218, 'special': 0.0, 'embed': 0.004}
[g4_fold1] ep58 step181/249 loss=0.3329 {'ds': 0.173, 'seg': 0.229, 'cls': 0.416, 'special': 0.0, 'embed': 0.0}
[g4_fold1] ep58 step201/249 loss=0.4981 {'ds': 0.182, 'seg': 0.369, 'cls': 0.517, 'special': 0.0, 'embed': 0.002}
[g4_fold1] ep58 step221/249 loss=0.2121 {'ds': 0.12, 'seg': 0.16, 'cls': 0.206, 'special': 0.0, 'embed': 0.001}
[g4_fold1] ep58 step241/249 loss=0.1546 {'ds': 0.078, 'seg': 0.104, 'cls': 0.204, 'special': 0.0, 'embed': 0.002}
[g4_fold1] epoch 58 loss=0.3406 dice_core=0.9135 dice_peri=0.9533 thr=[0.35, 0.5] (213s)
[g4_fold1] ep59 step21/249 loss=0.2299 {'ds': 0.111, 'seg': 0.151, 'cls': 0.31, 'special': 0.0, 'embed': 0.017}
[g4_fold1] ep59 step41/249 loss=0.1362 {'ds': 0.049, 'seg': 0.067, 'cls': 0.276, 'special': 0.0, 'embed': 0.003}
[g4_fold1] ep59 step61/249 loss=0.1631 {'ds': 0.055, 'seg': 0.073, 'cls': 0.358, 'special': 0.0, 'embed': 0.01}
[g4_fold1] ep59 step81/249 loss=0.1283 {'ds': 0.053, 'seg': 0.07, 'cls': 0.234, 'special': 0.0, 'embed': 0.002}
[g4_fold1] ep59 step101/249 loss=0.2463 {'ds': 0.126, 'seg': 0.161, 'cls': 0.338, 'special': 0.0, 'embed': 0.005}
[g4_fold1] ep59 step121/249 loss=0.2338 {'ds': 0.1, 'seg': 0.14, 'cls': 0.376, 'special': 0.0, 'embed': 0.0}
[g4_fold1] ep59 step141/249 loss=0.2311 {'ds': 0.128, 'seg': 0.159, 'cls': 0.285, 'special': 0.0, 'embed': 0.007}
[g4_fold1] ep59 step161/249 loss=0.3343 {'ds': 0.196, 'seg': 0.256, 'cls': 0.313, 'special': 0.0, 'embed': 0.003}
[g4_fold1] ep59 step181/249 loss=0.5734 {'ds': 0.312, 'seg': 0.423, 'cls': 0.599, 'special': 0.0, 'embed': 0.002}
[g4_fold1] ep59 step201/249 loss=0.2903 {'ds': 0.162, 'seg': 0.223, 'cls': 0.268, 'special': 0.0, 'embed': 0.008}
[g4_fold1] ep59 step221/249 loss=0.2088 {'ds': 0.104, 'seg': 0.138, 'cls': 0.281, 'special': 0.0, 'embed': 0.008}
[g4_fold1] ep59 step241/249 loss=0.2434 {'ds': 0.114, 'seg': 0.14, 'cls': 0.412, 'special': 0.0, 'embed': 0.001}
[g4_fold1] epoch 59 loss=0.3029 dice_core=0.9138 dice_peri=0.9533 thr=[0.35, 0.5] (218s)
[g4_fold1] ep60 step21/249 loss=0.1810 {'ds': 0.072, 'seg': 0.095, 'cls': 0.342, 'special': 0.0, 'embed': 0.002}
[g4_fold1] ep60 step41/249 loss=0.4968 {'ds': 0.216, 'seg': 0.416, 'cls': 0.323, 'special': 0.0, 'embed': 0.004}
[g4_fold1] ep60 step61/249 loss=0.1661 {'ds': 0.09, 'seg': 0.115, 'cls': 0.204, 'special': 0.0, 'embed': 0.0}
[g4_fold1] ep60 step81/249 loss=0.7347 {'ds': 0.307, 'seg': 0.675, 'cls': 0.237, 'special': 0.0, 'embed': 0.001}
[g4_fold1] ep60 step101/249 loss=0.3763 {'ds': 0.211, 'seg': 0.306, 'cls': 0.28, 'special': 0.0, 'embed': 0.003}
[g4_fold1] ep60 step121/249 loss=0.2287 {'ds': 0.119, 'seg': 0.162, 'cls': 0.265, 'special': 0.0, 'embed': 0.002}
[g4_fold1] ep60 step141/249 loss=0.2915 {'ds': 0.139, 'seg': 0.195, 'cls': 0.382, 'special': 0.0, 'embed': 0.01}
[g4_fold1] ep60 step161/249 loss=0.7851 {'ds': 0.336, 'seg': 0.694, 'cls': 0.365, 'special': 0.0, 'embed': 0.001}
[g4_fold1] ep60 step181/249 loss=0.2179 {'ds': 0.094, 'seg': 0.129, 'cls': 0.356, 'special': 0.0, 'embed': 0.001}
[g4_fold1] ep60 step201/249 loss=0.2701 {'ds': 0.167, 'seg': 0.219, 'cls': 0.206, 'special': 0.0, 'embed': 0.001}
[g4_fold1] ep60 step221/249 loss=0.1612 {'ds': 0.067, 'seg': 0.102, 'cls': 0.234, 'special': 0.0, 'embed': 0.004}
[g4_fold1] ep60 step241/249 loss=0.3378 {'ds': 0.171, 'seg': 0.227, 'cls': 0.439, 'special': 0.0, 'embed': 0.012}
[g4_fold1] epoch 60 loss=0.3201 dice_core=0.9144 dice_peri=0.9534 thr=[0.35, 0.5] (198s)
[g4_fold1] ep61 step21/249 loss=0.2298 {'ds': 0.1, 'seg': 0.14, 'cls': 0.358, 'special': 0.0, 'embed': 0.004}
[g4_fold1] ep61 step41/249 loss=1.0900 {'ds': 0.625, 'seg': 1.013, 'cls': 0.307, 'special': 0.0, 'embed': 0.003}
[g4_fold1] ep61 step61/249 loss=0.1440 {'ds': 0.064, 'seg': 0.082, 'cls': 0.246, 'special': 0.0, 'embed': 0.001}
[g4_fold1] ep61 step81/249 loss=0.3476 {'ds': 0.191, 'seg': 0.255, 'cls': 0.368, 'special': 0.0, 'embed': 0.009}
[g4_fold1] ep61 step101/249 loss=0.2031 {'ds': 0.115, 'seg': 0.155, 'cls': 0.191, 'special': 0.0, 'embed': 0.0}
[g4_fold1] ep61 step121/249 loss=0.2492 {'ds': 0.108, 'seg': 0.144, 'cls': 0.419, 'special': 0.0, 'embed': 0.0}
[g4_fold1] ep61 step141/249 loss=0.2441 {'ds': 0.131, 'seg': 0.179, 'cls': 0.259, 'special': 0.0, 'embed': 0.001}
[g4_fold1] ep61 step161/249 loss=0.6372 {'ds': 0.363, 'seg': 0.512, 'cls': 0.5, 'special': 0.0, 'embed': 0.003}
[g4_fold1] ep61 step181/249 loss=0.1476 {'ds': 0.074, 'seg': 0.1, 'cls': 0.188, 'special': 0.0, 'embed': 0.005}
[g4_fold1] ep61 step201/249 loss=0.1975 {'ds': 0.095, 'seg': 0.132, 'cls': 0.26, 'special': 0.0, 'embed': 0.001}
[g4_fold1] ep61 step221/249 loss=0.4119 {'ds': 0.243, 'seg': 0.314, 'cls': 0.391, 'special': 0.0, 'embed': 0.001}
[g4_fold1] ep61 step241/249 loss=0.7818 {'ds': 0.333, 'seg': 0.707, 'cls': 0.298, 'special': 0.0, 'embed': 0.003}
[g4_fold1] epoch 61 loss=0.3221 dice_core=0.9149 dice_peri=0.9534 thr=[0.35, 0.5] (196s)
[g4_fold1] ep62 step21/249 loss=0.4944 {'ds': 0.298, 'seg': 0.411, 'cls': 0.332, 'special': 0.0, 'embed': 0.008}
[g4_fold1] ep62 step41/249 loss=0.7824 {'ds': 0.317, 'seg': 0.689, 'cls': 0.371, 'special': 0.0, 'embed': 0.001}
[g4_fold1] ep62 step61/249 loss=0.3203 {'ds': 0.158, 'seg': 0.204, 'cls': 0.464, 'special': 0.0, 'embed': 0.001}
[g4_fold1] ep62 step81/249 loss=1.1247 {'ds': 0.473, 'seg': 1.049, 'cls': 0.301, 'special': 0.0, 'embed': 0.001}
[g4_fold1] ep62 step101/249 loss=0.2882 {'ds': 0.156, 'seg': 0.212, 'cls': 0.304, 'special': 0.0, 'embed': 0.003}
[g4_fold1] ep62 step121/249 loss=0.7166 {'ds': 0.273, 'seg': 0.632, 'cls': 0.337, 'special': 0.0, 'embed': 0.003}
[g4_fold1] ep62 step141/249 loss=0.9671 {'ds': 0.264, 'seg': 0.863, 'cls': 0.418, 'special': 0.0, 'embed': 0.001}
[g4_fold1] ep62 step161/249 loss=0.4918 {'ds': 0.23, 'seg': 0.308, 'cls': 0.737, 'special': 0.0, 'embed': 0.001}
[g4_fold1] ep62 step181/249 loss=0.2649 {'ds': 0.147, 'seg': 0.195, 'cls': 0.277, 'special': 0.0, 'embed': 0.004}
[g4_fold1] ep62 step201/249 loss=0.1692 {'ds': 0.076, 'seg': 0.105, 'cls': 0.256, 'special': 0.0, 'embed': 0.003}
[g4_fold1] ep62 step221/249 loss=0.5040 {'ds': 0.287, 'seg': 0.4, 'cls': 0.415, 'special': 0.0, 'embed': 0.002}
[g4_fold1] ep62 step241/249 loss=0.3017 {'ds': 0.182, 'seg': 0.213, 'cls': 0.353, 'special': 0.0, 'embed': 0.006}
[g4_fold1] epoch 62 loss=0.3202 dice_core=0.9151 dice_peri=0.9535 thr=[0.4, 0.5] (204s)
[g4_fold1] ep63 step21/249 loss=0.2033 {'ds': 0.087, 'seg': 0.125, 'cls': 0.312, 'special': 0.0, 'embed': 0.001}
[g4_fold1] ep63 step41/249 loss=0.2172 {'ds': 0.088, 'seg': 0.112, 'cls': 0.421, 'special': 0.0, 'embed': 0.003}
[g4_fold1] ep63 step61/249 loss=0.2114 {'ds': 0.087, 'seg': 0.106, 'cls': 0.421, 'special': 0.0, 'embed': 0.006}
[g4_fold1] ep63 step81/249 loss=0.3049 {'ds': 0.165, 'seg': 0.227, 'cls': 0.311, 'special': 0.0, 'embed': 0.001}
[g4_fold1] ep63 step101/249 loss=0.1917 {'ds': 0.067, 'seg': 0.097, 'cls': 0.381, 'special': 0.0, 'embed': 0.001}
[g4_fold1] ep63 step121/249 loss=0.5176 {'ds': 0.285, 'seg': 0.369, 'cls': 0.589, 'special': 0.0, 'embed': 0.014}
[g4_fold1] ep63 step141/249 loss=0.2198 {'ds': 0.115, 'seg': 0.155, 'cls': 0.258, 'special': 0.0, 'embed': 0.004}
[g4_fold1] ep63 step161/249 loss=0.7122 {'ds': 0.265, 'seg': 0.624, 'cls': 0.353, 'special': 0.0, 'embed': 0.003}
[g4_fold1] ep63 step181/249 loss=0.8039 {'ds': 0.559, 'seg': 0.746, 'cls': 0.23, 'special': 0.0, 'embed': 0.004}
[g4_fold1] ep63 step201/249 loss=0.3351 {'ds': 0.201, 'seg': 0.286, 'cls': 0.196, 'special': 0.0, 'embed': 0.001}
[g4_fold1] ep63 step221/249 loss=0.2011 {'ds': 0.112, 'seg': 0.153, 'cls': 0.19, 'special': 0.0, 'embed': 0.001}
[g4_fold1] ep63 step241/249 loss=0.3090 {'ds': 0.14, 'seg': 0.193, 'cls': 0.462, 'special': 0.0, 'embed': 0.002}
[g4_fold1] epoch 63 loss=0.3261 dice_core=0.9152 dice_peri=0.9537 thr=[0.4, 0.5] (206s)
[g4_fold1] ep64 step21/249 loss=0.1984 {'ds': 0.094, 'seg': 0.125, 'cls': 0.294, 'special': 0.0, 'embed': 0.001}
[g4_fold1] ep64 step41/249 loss=0.4698 {'ds': 0.304, 'seg': 0.421, 'cls': 0.193, 'special': 0.0, 'embed': 0.001}
[g4_fold1] ep64 step61/249 loss=0.2679 {'ds': 0.104, 'seg': 0.15, 'cls': 0.469, 'special': 0.0, 'embed': 0.003}
[g4_fold1] ep64 step81/249 loss=0.1213 {'ds': 0.046, 'seg': 0.059, 'cls': 0.25, 'special': 0.0, 'embed': 0.002}
[g4_fold1] ep64 step101/249 loss=0.4264 {'ds': 0.257, 'seg': 0.348, 'cls': 0.313, 'special': 0.0, 'embed': 0.002}
[g4_fold1] ep64 step121/249 loss=0.2110 {'ds': 0.123, 'seg': 0.159, 'cls': 0.206, 'special': 0.0, 'embed': 0.002}
[g4_fold1] ep64 step141/249 loss=0.7504 {'ds': 0.297, 'seg': 0.66, 'cls': 0.363, 'special': 0.0, 'embed': 0.001}
[g4_fold1] ep64 step161/249 loss=0.1442 {'ds': 0.064, 'seg': 0.077, 'cls': 0.267, 'special': 0.0, 'embed': 0.003}
[g4_fold1] ep64 step181/249 loss=0.7377 {'ds': 0.283, 'seg': 0.633, 'cls': 0.419, 'special': 0.0, 'embed': 0.001}
[g4_fold1] ep64 step201/249 loss=0.7649 {'ds': 0.314, 'seg': 0.672, 'cls': 0.37, 'special': 0.0, 'embed': 0.004}
[g4_fold1] ep64 step221/249 loss=0.1675 {'ds': 0.074, 'seg': 0.091, 'cls': 0.303, 'special': 0.0, 'embed': 0.003}
[g4_fold1] ep64 step241/249 loss=0.1398 {'ds': 0.072, 'seg': 0.096, 'cls': 0.172, 'special': 0.0, 'embed': 0.005}
[g4_fold1] epoch 64 loss=0.3380 dice_core=0.9154 dice_peri=0.9538 thr=[0.4, 0.5] (208s)
[g4_fold1] ep65 step21/249 loss=0.3521 {'ds': 0.212, 'seg': 0.297, 'cls': 0.221, 'special': 0.0, 'embed': 0.004}
[g4_fold1] ep65 step41/249 loss=0.1771 {'ds': 0.096, 'seg': 0.124, 'cls': 0.21, 'special': 0.0, 'embed': 0.001}
[g4_fold1] ep65 step61/249 loss=0.1587 {'ds': 0.079, 'seg': 0.115, 'cls': 0.176, 'special': 0.0, 'embed': 0.001}
[g4_fold1] ep65 step81/249 loss=0.1926 {'ds': 0.085, 'seg': 0.114, 'cls': 0.314, 'special': 0.0, 'embed': 0.0}
[g4_fold1] ep65 step101/249 loss=0.2852 {'ds': 0.17, 'seg': 0.209, 'cls': 0.302, 'special': 0.0, 'embed': 0.002}
[g4_fold1] ep65 step121/249 loss=0.2309 {'ds': 0.095, 'seg': 0.131, 'cls': 0.399, 'special': 0.0, 'embed': 0.001}
[g4_fold1] ep65 step141/249 loss=0.2748 {'ds': 0.146, 'seg': 0.193, 'cls': 0.325, 'special': 0.0, 'embed': 0.007}
[g4_fold1] ep65 step161/249 loss=0.1989 {'ds': 0.108, 'seg': 0.132, 'cls': 0.268, 'special': 0.0, 'embed': 0.004}
[g4_fold1] ep65 step181/249 loss=0.2604 {'ds': 0.136, 'seg': 0.181, 'cls': 0.317, 'special': 0.0, 'embed': 0.008}
[g4_fold1] ep65 step201/249 loss=0.1997 {'ds': 0.078, 'seg': 0.104, 'cls': 0.384, 'special': 0.0, 'embed': 0.002}
[g4_fold1] ep65 step221/249 loss=0.2828 {'ds': 0.113, 'seg': 0.212, 'cls': 0.283, 'special': 0.0, 'embed': 0.003}
[g4_fold1] ep65 step241/249 loss=0.3865 {'ds': 0.239, 'seg': 0.305, 'cls': 0.327, 'special': 0.0, 'embed': 0.0}
[g4_fold1] epoch 65 loss=0.3240 dice_core=0.9155 dice_peri=0.9538 thr=[0.4, 0.5] (201s)
[g4_fold1] ep66 step21/249 loss=0.2014 {'ds': 0.095, 'seg': 0.128, 'cls': 0.293, 'special': 0.0, 'embed': 0.0}
[g4_fold1] ep66 step41/249 loss=0.1479 {'ds': 0.08, 'seg': 0.102, 'cls': 0.183, 'special': 0.0, 'embed': 0.0}
[g4_fold1] ep66 step61/249 loss=0.2000 {'ds': 0.094, 'seg': 0.126, 'cls': 0.294, 'special': 0.001, 'embed': 0.002}
[g4_fold1] ep66 step81/249 loss=0.2490 {'ds': 0.109, 'seg': 0.153, 'cls': 0.383, 'special': 0.0, 'embed': 0.005}
[g4_fold1] ep66 step101/249 loss=0.1981 {'ds': 0.108, 'seg': 0.146, 'cls': 0.208, 'special': 0.0, 'embed': 0.001}
[g4_fold1] ep66 step121/249 loss=0.7356 {'ds': 0.288, 'seg': 0.652, 'cls': 0.332, 'special': 0.0, 'embed': 0.008}
[g4_fold1] ep66 step141/249 loss=0.2696 {'ds': 0.136, 'seg': 0.195, 'cls': 0.298, 'special': 0.0, 'embed': 0.002}
[g4_fold1] ep66 step161/249 loss=0.1602 {'ds': 0.073, 'seg': 0.095, 'cls': 0.261, 'special': 0.0, 'embed': 0.003}
[g4_fold1] ep66 step181/249 loss=0.2007 {'ds': 0.084, 'seg': 0.113, 'cls': 0.349, 'special': 0.0, 'embed': 0.001}
[g4_fold1] ep66 step201/249 loss=0.2211 {'ds': 0.114, 'seg': 0.163, 'cls': 0.233, 'special': 0.0, 'embed': 0.003}
[g4_fold1] ep66 step221/249 loss=0.9288 {'ds': 0.407, 'seg': 0.811, 'cls': 0.471, 'special': 0.0, 'embed': 0.002}
[g4_fold1] ep66 step241/249 loss=0.7183 {'ds': 0.285, 'seg': 0.642, 'cls': 0.303, 'special': 0.0, 'embed': 0.001}
[g4_fold1] epoch 66 loss=0.3395 dice_core=0.9156 dice_peri=0.9538 thr=[0.4, 0.5] (199s)
[g4_fold1] ep67 step21/249 loss=0.2166 {'ds': 0.079, 'seg': 0.102, 'cls': 0.456, 'special': 0.0, 'embed': 0.003}
[g4_fold1] ep67 step41/249 loss=0.1940 {'ds': 0.106, 'seg': 0.134, 'cls': 0.238, 'special': 0.0, 'embed': 0.002}
[g4_fold1] ep67 step61/249 loss=0.2783 {'ds': 0.15, 'seg': 0.19, 'cls': 0.349, 'special': 0.0, 'embed': 0.01}
[g4_fold1] ep67 step81/249 loss=0.4759 {'ds': 0.193, 'seg': 0.384, 'cls': 0.365, 'special': 0.0, 'embed': 0.001}
[g4_fold1] ep67 step101/249 loss=0.2219 {'ds': 0.104, 'seg': 0.139, 'cls': 0.329, 'special': 0.0, 'embed': 0.004}
[g4_fold1] ep67 step121/249 loss=0.8720 {'ds': 0.434, 'seg': 0.764, 'cls': 0.43, 'special': 0.0, 'embed': 0.001}
[g4_fold1] ep67 step141/249 loss=0.5614 {'ds': 0.314, 'seg': 0.435, 'cls': 0.503, 'special': 0.0, 'embed': 0.002}
[g4_fold1] ep67 step161/249 loss=0.1381 {'ds': 0.062, 'seg': 0.077, 'cls': 0.242, 'special': 0.0, 'embed': 0.002}
[g4_fold1] ep67 step181/249 loss=0.3347 {'ds': 0.193, 'seg': 0.247, 'cls': 0.352, 'special': 0.0, 'embed': 0.002}
[g4_fold1] ep67 step201/249 loss=0.3027 {'ds': 0.166, 'seg': 0.228, 'cls': 0.295, 'special': 0.0, 'embed': 0.01}
[g4_fold1] ep67 step221/249 loss=0.1994 {'ds': 0.081, 'seg': 0.108, 'cls': 0.364, 'special': 0.0, 'embed': 0.001}
[g4_fold1] ep67 step241/249 loss=0.1454 {'ds': 0.074, 'seg': 0.1, 'cls': 0.18, 'special': 0.0, 'embed': 0.001}
[g4_fold1] epoch 67 loss=0.3193 dice_core=0.9159 dice_peri=0.9539 thr=[0.4, 0.5] (218s)
[g4_fold1] ep68 step21/249 loss=0.5483 {'ds': 0.223, 'seg': 0.5, 'cls': 0.194, 'special': 0.0, 'embed': 0.002}
[g4_fold1] ep68 step41/249 loss=0.1810 {'ds': 0.068, 'seg': 0.09, 'cls': 0.363, 'special': 0.0, 'embed': 0.004}
[g4_fold1] ep68 step61/249 loss=0.8280 {'ds': 0.374, 'seg': 0.78, 'cls': 0.19, 'special': 0.0, 'embed': 0.001}
[g4_fold1] ep68 step81/249 loss=0.1918 {'ds': 0.097, 'seg': 0.124, 'cls': 0.272, 'special': 0.0, 'embed': 0.004}
[g4_fold1] ep68 step101/249 loss=0.2583 {'ds': 0.172, 'seg': 0.178, 'cls': 0.32, 'special': 0.0, 'embed': 0.003}
[g4_fold1] ep68 step121/249 loss=0.2166 {'ds': 0.113, 'seg': 0.15, 'cls': 0.265, 'special': 0.001, 'embed': 0.001}
[g4_fold1] ep68 step141/249 loss=0.5451 {'ds': 0.34, 'seg': 0.468, 'cls': 0.308, 'special': 0.0, 'embed': 0.007}
[g4_fold1] ep68 step161/249 loss=0.7062 {'ds': 0.42, 'seg': 0.566, 'cls': 0.56, 'special': 0.0, 'embed': 0.001}
[g4_fold1] ep68 step181/249 loss=0.5039 {'ds': 0.131, 'seg': 0.438, 'cls': 0.264, 'special': 0.0, 'embed': 0.001}
[g4_fold1] ep68 step201/249 loss=0.2398 {'ds': 0.137, 'seg': 0.183, 'cls': 0.228, 'special': 0.0, 'embed': 0.001}
[g4_fold1] ep68 step221/249 loss=0.2265 {'ds': 0.08, 'seg': 0.105, 'cls': 0.487, 'special': 0.0, 'embed': 0.002}
[g4_fold1] ep68 step241/249 loss=0.1663 {'ds': 0.079, 'seg': 0.105, 'cls': 0.245, 'special': 0.0, 'embed': 0.003}
[g4_fold1] epoch 68 loss=0.3359 dice_core=0.9159 dice_peri=0.9540 thr=[0.4, 0.5] (208s)
[g4_fold1] ep69 step21/249 loss=0.8030 {'ds': 0.316, 'seg': 0.695, 'cls': 0.431, 'special': 0.0, 'embed': 0.002}
[g4_fold1] ep69 step41/249 loss=0.7515 {'ds': 0.277, 'seg': 0.632, 'cls': 0.476, 'special': 0.0, 'embed': 0.002}
[g4_fold1] ep69 step61/249 loss=0.5231 {'ds': 0.324, 'seg': 0.444, 'cls': 0.316, 'special': 0.0, 'embed': 0.002}
[g4_fold1] ep69 step81/249 loss=0.1997 {'ds': 0.11, 'seg': 0.143, 'cls': 0.224, 'special': 0.0, 'embed': 0.008}
[g4_fold1] ep69 step101/249 loss=0.8594 {'ds': 0.55, 'seg': 0.784, 'cls': 0.303, 'special': 0.0, 'embed': 0.001}
[g4_fold1] ep69 step121/249 loss=0.2754 {'ds': 0.144, 'seg': 0.193, 'cls': 0.33, 'special': 0.0, 'embed': 0.001}
[g4_fold1] ep69 step141/249 loss=0.6074 {'ds': 0.39, 'seg': 0.532, 'cls': 0.301, 'special': 0.0, 'embed': 0.001}
[g4_fold1] ep69 step161/249 loss=0.1814 {'ds': 0.092, 'seg': 0.116, 'cls': 0.262, 'special': 0.0, 'embed': 0.001}
[g4_fold1] ep69 step181/249 loss=0.6858 {'ds': 0.285, 'seg': 0.621, 'cls': 0.26, 'special': 0.0, 'embed': 0.001}
[g4_fold1] ep69 step201/249 loss=0.2588 {'ds': 0.138, 'seg': 0.188, 'cls': 0.282, 'special': 0.0, 'embed': 0.005}
[g4_fold1] ep69 step221/249 loss=0.4396 {'ds': 0.29, 'seg': 0.381, 'cls': 0.234, 'special': 0.0, 'embed': 0.001}
[g4_fold1] ep69 step241/249 loss=0.5127 {'ds': 0.319, 'seg': 0.421, 'cls': 0.365, 'special': 0.0, 'embed': 0.001}
[g4_fold1] epoch 69 loss=0.3357 dice_core=0.9161 dice_peri=0.9542 thr=[0.4, 0.5] (210s)
[g4_fold1] ep70 step21/249 loss=0.1565 {'ds': 0.067, 'seg': 0.086, 'cls': 0.276, 'special': 0.0, 'embed': 0.012}
[g4_fold1] ep70 step41/249 loss=0.2539 {'ds': 0.143, 'seg': 0.189, 'cls': 0.258, 'special': 0.0, 'embed': 0.0}
[g4_fold1] ep70 step61/249 loss=0.7596 {'ds': 0.304, 'seg': 0.677, 'cls': 0.33, 'special': 0.0, 'embed': 0.001}
[g4_fold1] ep70 step81/249 loss=0.1244 {'ds': 0.058, 'seg': 0.073, 'cls': 0.206, 'special': 0.0, 'embed': 0.001}
[g4_fold1] ep70 step101/249 loss=0.3616 {'ds': 0.2, 'seg': 0.27, 'cls': 0.365, 'special': 0.0, 'embed': 0.001}
[g4_fold1] ep70 step121/249 loss=0.3242 {'ds': 0.158, 'seg': 0.207, 'cls': 0.466, 'special': 0.0, 'embed': 0.004}
[g4_fold1] ep70 step141/249 loss=0.7907 {'ds': 0.38, 'seg': 0.706, 'cls': 0.338, 'special': 0.0, 'embed': 0.002}
[g4_fold1] ep70 step161/249 loss=0.8066 {'ds': 0.357, 'seg': 0.737, 'cls': 0.277, 'special': 0.0, 'embed': 0.001}
[g4_fold1] ep70 step181/249 loss=0.3109 {'ds': 0.121, 'seg': 0.188, 'cls': 0.493, 'special': 0.0, 'embed': 0.002}
[g4_fold1] ep70 step201/249 loss=0.2910 {'ds': 0.155, 'seg': 0.211, 'cls': 0.321, 'special': 0.0, 'embed': 0.002}
[g4_fold1] ep70 step221/249 loss=0.2273 {'ds': 0.122, 'seg': 0.162, 'cls': 0.26, 'special': 0.0, 'embed': 0.001}
[g4_fold1] ep70 step241/249 loss=0.3249 {'ds': 0.185, 'seg': 0.235, 'cls': 0.359, 'special': 0.0, 'embed': 0.001}
[g4_fold1] epoch 70 loss=0.3366 dice_core=0.9163 dice_peri=0.9543 thr=[0.35, 0.5] (200s)
[g4_fold1] ep71 step21/249 loss=0.1951 {'ds': 0.106, 'seg': 0.141, 'cls': 0.215, 'special': 0.0, 'embed': 0.001}
[g4_fold1] ep71 step41/249 loss=0.3333 {'ds': 0.196, 'seg': 0.264, 'cls': 0.277, 'special': 0.0, 'embed': 0.003}
[g4_fold1] ep71 step61/249 loss=0.2880 {'ds': 0.144, 'seg': 0.19, 'cls': 0.392, 'special': 0.0, 'embed': 0.004}
[g4_fold1] ep71 step81/249 loss=0.4304 {'ds': 0.153, 'seg': 0.386, 'cls': 0.177, 'special': 0.0, 'embed': 0.002}
[g4_fold1] ep71 step101/249 loss=0.2295 {'ds': 0.116, 'seg': 0.171, 'cls': 0.233, 'special': 0.0, 'embed': 0.001}
[g4_fold1] ep71 step121/249 loss=0.1926 {'ds': 0.099, 'seg': 0.132, 'cls': 0.241, 'special': 0.0, 'embed': 0.001}
[g4_fold1] ep71 step141/249 loss=0.4508 {'ds': 0.337, 'seg': 0.339, 'cls': 0.447, 'special': 0.0, 'embed': 0.004}
[g4_fold1] ep71 step161/249 loss=0.7796 {'ds': 0.311, 'seg': 0.684, 'cls': 0.382, 'special': 0.0, 'embed': 0.001}
[g4_fold1] ep71 step181/249 loss=0.2179 {'ds': 0.124, 'seg': 0.161, 'cls': 0.229, 'special': 0.0, 'embed': 0.002}
[g4_fold1] ep71 step201/249 loss=0.8747 {'ds': 0.391, 'seg': 0.795, 'cls': 0.319, 'special': 0.0, 'embed': 0.001}
[g4_fold1] ep71 step221/249 loss=0.2006 {'ds': 0.095, 'seg': 0.135, 'cls': 0.261, 'special': 0.0, 'embed': 0.001}
[g4_fold1] ep71 step241/249 loss=0.1856 {'ds': 0.079, 'seg': 0.107, 'cls': 0.313, 'special': 0.0, 'embed': 0.001}
[g4_fold1] epoch 71 loss=0.3246 dice_core=0.9165 dice_peri=0.9543 thr=[0.35, 0.5] (210s)
[g4_fold1] ep72 step21/249 loss=0.5809 {'ds': 0.273, 'seg': 0.357, 'cls': 0.894, 'special': 0.0, 'embed': 0.002}
[g4_fold1] ep72 step41/249 loss=0.3445 {'ds': 0.162, 'seg': 0.22, 'cls': 0.498, 'special': 0.0, 'embed': 0.001}
[g4_fold1] ep72 step61/249 loss=0.2219 {'ds': 0.129, 'seg': 0.172, 'cls': 0.198, 'special': 0.0, 'embed': 0.002}
[g4_fold1] ep72 step81/249 loss=0.7040 {'ds': 0.28, 'seg': 0.645, 'cls': 0.236, 'special': 0.0, 'embed': 0.003}
[g4_fold1] ep72 step101/249 loss=0.2322 {'ds': 0.127, 'seg': 0.175, 'cls': 0.231, 'special': 0.0, 'embed': 0.001}
[g4_fold1] ep72 step121/249 loss=0.1750 {'ds': 0.056, 'seg': 0.073, 'cls': 0.407, 'special': 0.0, 'embed': 0.001}
[g4_fold1] ep72 step141/249 loss=0.2231 {'ds': 0.092, 'seg': 0.12, 'cls': 0.411, 'special': 0.0, 'embed': 0.001}
[g4_fold1] ep72 step161/249 loss=0.8625 {'ds': 0.557, 'seg': 0.795, 'cls': 0.268, 'special': 0.0, 'embed': 0.001}
[g4_fold1] ep72 step181/249 loss=0.2850 {'ds': 0.147, 'seg': 0.197, 'cls': 0.35, 'special': 0.0, 'embed': 0.001}
[g4_fold1] ep72 step201/249 loss=0.7365 {'ds': 0.293, 'seg': 0.654, 'cls': 0.329, 'special': 0.0, 'embed': 0.009}
[g4_fold1] ep72 step221/249 loss=0.3175 {'ds': 0.185, 'seg': 0.221, 'cls': 0.385, 'special': 0.0, 'embed': 0.002}
[g4_fold1] ep72 step241/249 loss=0.2293 {'ds': 0.122, 'seg': 0.168, 'cls': 0.243, 'special': 0.0, 'embed': 0.005}
[g4_fold1] epoch 72 loss=0.3218 dice_core=0.9167 dice_peri=0.9542 thr=[0.4, 0.5] (217s)
[g4_fold1] ep73 step21/249 loss=0.3198 {'ds': 0.193, 'seg': 0.258, 'cls': 0.246, 'special': 0.0, 'embed': 0.003}
[g4_fold1] ep73 step41/249 loss=0.4888 {'ds': 0.349, 'seg': 0.433, 'cls': 0.224, 'special': 0.0, 'embed': 0.001}
[g4_fold1] ep73 step61/249 loss=0.3656 {'ds': 0.188, 'seg': 0.247, 'cls': 0.474, 'special': 0.0, 'embed': 0.002}
[g4_fold1] ep73 step81/249 loss=0.7374 {'ds': 0.306, 'seg': 0.68, 'cls': 0.229, 'special': 0.0, 'embed': 0.001}
[g4_fold1] ep73 step101/249 loss=0.3145 {'ds': 0.176, 'seg': 0.21, 'cls': 0.417, 'special': 0.0, 'embed': 0.001}
[g4_fold1] ep73 step121/249 loss=0.3031 {'ds': 0.127, 'seg': 0.174, 'cls': 0.518, 'special': 0.0, 'embed': 0.001}
[g4_fold1] ep73 step141/249 loss=0.8409 {'ds': 0.354, 'seg': 0.751, 'cls': 0.355, 'special': 0.0, 'embed': 0.008}
[g4_fold1] ep73 step161/249 loss=0.7795 {'ds': 0.304, 'seg': 0.682, 'cls': 0.39, 'special': 0.0, 'embed': 0.002}
[g4_fold1] ep73 step181/249 loss=0.1573 {'ds': 0.066, 'seg': 0.089, 'cls': 0.271, 'special': 0.0, 'embed': 0.004}
[g4_fold1] ep73 step201/249 loss=0.9570 {'ds': 0.287, 'seg': 0.901, 'cls': 0.225, 'special': 0.0, 'embed': 0.003}
[g4_fold1] ep73 step221/249 loss=0.1415 {'ds': 0.067, 'seg': 0.093, 'cls': 0.195, 'special': 0.0, 'embed': 0.002}
[g4_fold1] ep73 step241/249 loss=0.4389 {'ds': 0.298, 'seg': 0.354, 'cls': 0.34, 'special': 0.0, 'embed': 0.001}
[g4_fold1] epoch 73 loss=0.3331 dice_core=0.9166 dice_peri=0.9542 thr=[0.4, 0.5] (238s)
[g4_fold1] ep74 step21/249 loss=0.2072 {'ds': 0.106, 'seg': 0.148, 'cls': 0.237, 'special': 0.0, 'embed': 0.0}
[g4_fold1] ep74 step41/249 loss=0.8627 {'ds': 0.558, 'seg': 0.778, 'cls': 0.339, 'special': 0.0, 'embed': 0.001}
[g4_fold1] ep74 step61/249 loss=0.1946 {'ds': 0.084, 'seg': 0.114, 'cls': 0.323, 'special': 0.0, 'embed': 0.002}
[g4_fold1] ep74 step81/249 loss=0.2366 {'ds': 0.087, 'seg': 0.124, 'cls': 0.443, 'special': 0.0, 'embed': 0.022}
[g4_fold1] ep74 step101/249 loss=0.1548 {'ds': 0.053, 'seg': 0.068, 'cls': 0.345, 'special': 0.001, 'embed': 0.002}
[g4_fold1] ep74 step121/249 loss=0.2424 {'ds': 0.141, 'seg': 0.181, 'cls': 0.246, 'special': 0.0, 'embed': 0.004}
[g4_fold1] ep74 step141/249 loss=0.1070 {'ds': 0.043, 'seg': 0.057, 'cls': 0.198, 'special': 0.0, 'embed': 0.004}
[g4_fold1] ep74 step161/249 loss=0.1795 {'ds': 0.1, 'seg': 0.131, 'cls': 0.195, 'special': 0.0, 'embed': 0.002}
[g4_fold1] ep74 step181/249 loss=0.2832 {'ds': 0.172, 'seg': 0.237, 'cls': 0.183, 'special': 0.0, 'embed': 0.0}
[g4_fold1] ep74 step201/249 loss=0.2660 {'ds': 0.137, 'seg': 0.188, 'cls': 0.311, 'special': 0.0, 'embed': 0.002}
[g4_fold1] ep74 step221/249 loss=0.2603 {'ds': 0.108, 'seg': 0.144, 'cls': 0.464, 'special': 0.0, 'embed': 0.002}
[g4_fold1] ep74 step241/249 loss=0.2503 {'ds': 0.101, 'seg': 0.139, 'cls': 0.444, 'special': 0.0, 'embed': 0.001}
[g4_fold1] epoch 74 loss=0.3167 dice_core=0.9167 dice_peri=0.9540 thr=[0.4, 0.5] (234s)
[g4_fold1] ep75 step21/249 loss=0.5339 {'ds': 0.339, 'seg': 0.478, 'cls': 0.22, 'special': 0.0, 'embed': 0.008}
[g4_fold1] ep75 step41/249 loss=0.1601 {'ds': 0.08, 'seg': 0.11, 'cls': 0.201, 'special': 0.0, 'embed': 0.002}
[g4_fold1] ep75 step61/249 loss=0.1802 {'ds': 0.094, 'seg': 0.115, 'cls': 0.257, 'special': 0.0, 'embed': 0.006}
[g4_fold1] ep75 step81/249 loss=0.7179 {'ds': 0.39, 'seg': 0.496, 'cls': 0.887, 'special': 0.0, 'embed': 0.002}
[g4_fold1] ep75 step101/249 loss=0.7846 {'ds': 0.336, 'seg': 0.715, 'cls': 0.276, 'special': 0.0, 'embed': 0.003}
[g4_fold1] ep75 step121/249 loss=0.2194 {'ds': 0.11, 'seg': 0.159, 'cls': 0.243, 'special': 0.0, 'embed': 0.001}
[g4_fold1] ep75 step141/249 loss=0.4826 {'ds': 0.152, 'seg': 0.353, 'cls': 0.515, 'special': 0.001, 'embed': 0.002}
[g4_fold1] ep75 step161/249 loss=0.6138 {'ds': 0.385, 'seg': 0.533, 'cls': 0.321, 'special': 0.0, 'embed': 0.002}
[g4_fold1] ep75 step181/249 loss=0.2465 {'ds': 0.131, 'seg': 0.173, 'cls': 0.292, 'special': 0.0, 'embed': 0.001}
[g4_fold1] ep75 step201/249 loss=0.1808 {'ds': 0.078, 'seg': 0.102, 'cls': 0.314, 'special': 0.0, 'embed': 0.006}
[g4_fold1] ep75 step221/249 loss=0.5786 {'ds': 0.305, 'seg': 0.525, 'cls': 0.214, 'special': 0.0, 'embed': 0.0}
[g4_fold1] ep75 step241/249 loss=0.2327 {'ds': 0.127, 'seg': 0.177, 'cls': 0.224, 'special': 0.0, 'embed': 0.001}
[g4_fold1] epoch 75 loss=0.3398 dice_core=0.9169 dice_peri=0.9540 thr=[0.35, 0.5] (199s)
[g4_fold1] ep76 step21/249 loss=0.4585 {'ds': 0.306, 'seg': 0.358, 'cls': 0.4, 'special': 0.0, 'embed': 0.002}
[g4_fold1] ep76 step41/249 loss=0.2431 {'ds': 0.136, 'seg': 0.19, 'cls': 0.209, 'special': 0.0, 'embed': 0.003}
[g4_fold1] ep76 step61/249 loss=0.1294 {'ds': 0.046, 'seg': 0.06, 'cls': 0.277, 'special': 0.0, 'embed': 0.0}
[g4_fold1] ep76 step81/249 loss=0.1526 {'ds': 0.066, 'seg': 0.084, 'cls': 0.273, 'special': 0.0, 'embed': 0.003}
[g4_fold1] ep76 step101/249 loss=0.2342 {'ds': 0.129, 'seg': 0.16, 'cls': 0.296, 'special': 0.0, 'embed': 0.002}
[g4_fold1] ep76 step121/249 loss=0.1946 {'ds': 0.091, 'seg': 0.119, 'cls': 0.302, 'special': 0.0, 'embed': 0.002}
[g4_fold1] ep76 step141/249 loss=1.3093 {'ds': 0.756, 'seg': 1.309, 'cls': 0.0, 'special': 0.0, 'embed': 0.007}
[g4_fold1] ep76 step161/249 loss=0.7790 {'ds': 0.498, 'seg': 0.655, 'cls': 0.497, 'special': 0.0, 'embed': 0.0}
[g4_fold1] ep76 step181/249 loss=0.2470 {'ds': 0.141, 'seg': 0.189, 'cls': 0.232, 'special': 0.0, 'embed': 0.001}
[g4_fold1] ep76 step201/249 loss=0.1606 {'ds': 0.077, 'seg': 0.102, 'cls': 0.235, 'special': 0.0, 'embed': 0.001}
[g4_fold1] ep76 step221/249 loss=0.3691 {'ds': 0.183, 'seg': 0.258, 'cls': 0.443, 'special': 0.0, 'embed': 0.001}
[g4_fold1] ep76 step241/249 loss=0.2458 {'ds': 0.15, 'seg': 0.2, 'cls': 0.181, 'special': 0.0, 'embed': 0.003}
[g4_fold1] epoch 76 loss=0.3279 dice_core=0.9170 dice_peri=0.9540 thr=[0.35, 0.5] (207s)
[g4_fold1] ep77 step21/249 loss=0.1818 {'ds': 0.062, 'seg': 0.086, 'cls': 0.383, 'special': 0.0, 'embed': 0.002}
[g4_fold1] ep77 step41/249 loss=0.3514 {'ds': 0.186, 'seg': 0.247, 'cls': 0.415, 'special': 0.0, 'embed': 0.002}
[g4_fold1] ep77 step61/249 loss=0.6608 {'ds': 0.396, 'seg': 0.563, 'cls': 0.39, 'special': 0.0, 'embed': 0.001}
[g4_fold1] ep77 step81/249 loss=0.7171 {'ds': 0.299, 'seg': 0.666, 'cls': 0.203, 'special': 0.0, 'embed': 0.006}
[g4_fold1] ep77 step101/249 loss=0.1778 {'ds': 0.095, 'seg': 0.126, 'cls': 0.209, 'special': 0.0, 'embed': 0.001}
[g4_fold1] ep77 step121/249 loss=0.8916 {'ds': 0.352, 'seg': 0.739, 'cls': 0.609, 'special': 0.0, 'embed': 0.001}
[g4_fold1] ep77 step141/249 loss=0.4222 {'ds': 0.047, 'seg': 0.31, 'cls': 0.447, 'special': 0.001, 'embed': 0.001}
[g4_fold1] ep77 step161/249 loss=0.1815 {'ds': 0.086, 'seg': 0.117, 'cls': 0.257, 'special': 0.0, 'embed': 0.001}
[g4_fold1] ep77 step181/249 loss=0.2884 {'ds': 0.176, 'seg': 0.246, 'cls': 0.17, 'special': 0.0, 'embed': 0.002}
[g4_fold1] ep77 step201/249 loss=0.4945 {'ds': 0.138, 'seg': 0.434, 'cls': 0.242, 'special': 0.0, 'embed': 0.003}
[g4_fold1] ep77 step221/249 loss=0.2831 {'ds': 0.144, 'seg': 0.19, 'cls': 0.374, 'special': 0.0, 'embed': 0.0}
[g4_fold1] ep77 step241/249 loss=0.2533 {'ds': 0.13, 'seg': 0.175, 'cls': 0.312, 'special': 0.0, 'embed': 0.007}
[g4_fold1] epoch 77 loss=0.3037 dice_core=0.9170 dice_peri=0.9541 thr=[0.35, 0.5] (373s)
[g4_fold1] ep78 step21/249 loss=0.1578 {'ds': 0.083, 'seg': 0.106, 'cls': 0.204, 'special': 0.0, 'embed': 0.006}
[g4_fold1] ep78 step41/249 loss=0.5692 {'ds': 0.358, 'seg': 0.492, 'cls': 0.309, 'special': 0.0, 'embed': 0.0}
[g4_fold1] ep78 step61/249 loss=0.1739 {'ds': 0.083, 'seg': 0.103, 'cls': 0.285, 'special': 0.0, 'embed': 0.001}
[g4_fold1] ep78 step81/249 loss=0.2335 {'ds': 0.121, 'seg': 0.161, 'cls': 0.289, 'special': 0.0, 'embed': 0.001}
[g4_fold1] ep78 step101/249 loss=0.2016 {'ds': 0.081, 'seg': 0.107, 'cls': 0.378, 'special': 0.0, 'embed': 0.001}
[g4_fold1] ep78 step121/249 loss=0.1348 {'ds': 0.069, 'seg': 0.087, 'cls': 0.189, 'special': 0.0, 'embed': 0.002}
[g4_fold1] ep78 step141/249 loss=0.3230 {'ds': 0.165, 'seg': 0.224, 'cls': 0.396, 'special': 0.0, 'embed': 0.002}
[g4_fold1] ep78 step161/249 loss=0.1578 {'ds': 0.064, 'seg': 0.084, 'cls': 0.295, 'special': 0.0, 'embed': 0.0}
[g4_fold1] ep78 step181/249 loss=0.1847 {'ds': 0.061, 'seg': 0.083, 'cls': 0.408, 'special': 0.0, 'embed': 0.001}
[g4_fold1] ep78 step201/249 loss=0.1447 {'ds': 0.075, 'seg': 0.094, 'cls': 0.201, 'special': 0.0, 'embed': 0.002}
[g4_fold1] ep78 step221/249 loss=0.2445 {'ds': 0.134, 'seg': 0.183, 'cls': 0.245, 'special': 0.0, 'embed': 0.004}
[g4_fold1] ep78 step241/249 loss=0.2192 {'ds': 0.101, 'seg': 0.13, 'cls': 0.355, 'special': 0.0, 'embed': 0.001}
