[trainer] 从零训练：未加载预训练权重
[trainer] 数据源标识: train=local/track4_sim/train val=local/track4_sim/val
[trainer] tag=g4L_fold3 fold=3 train=499 val=125 steps/epoch=249 特殊影像正样本=[6, 6] 重复对=True
[g4L_fold3] ep0 step21/249 loss=3.1229 {'ds': 1.398, 'seg': 1.989, 'cls': 0.836, 'special': 0.714, 'embed': 9.953}
[g4L_fold3] ep0 step41/249 loss=3.0107 {'ds': 1.321, 'seg': 1.969, 'cls': 0.682, 'special': 0.492, 'embed': 9.979}
[g4L_fold3] ep0 step61/249 loss=3.0279 {'ds': 1.234, 'seg': 1.884, 'cls': 0.572, 'special': 1.013, 'embed': 9.972}
[g4L_fold3] ep0 step81/249 loss=2.6395 {'ds': 1.084, 'seg': 1.68, 'cls': 0.53, 'special': 0.316, 'embed': 9.978}
[g4L_fold3] ep0 step101/249 loss=2.8700 {'ds': 1.11, 'seg': 1.778, 'cls': 0.86, 'special': 0.516, 'embed': 9.972}
[g4L_fold3] ep0 step121/249 loss=2.8175 {'ds': 1.076, 'seg': 1.768, 'cls': 0.566, 'special': 0.636, 'embed': 9.979}
[g4L_fold3] ep0 step141/249 loss=2.6136 {'ds': 1.027, 'seg': 1.698, 'cls': 0.557, 'special': 0.37, 'embed': 9.113}
[g4L_fold3] ep0 step161/249 loss=2.1725 {'ds': 1.078, 'seg': 1.665, 'cls': 0.388, 'special': 0.143, 'embed': 4.994}
[g4L_fold3] ep0 step181/249 loss=2.4886 {'ds': 1.273, 'seg': 1.911, 'cls': 0.598, 'special': 0.214, 'embed': 4.993}
[g4L_fold3] ep0 step201/249 loss=2.4821 {'ds': 0.917, 'seg': 1.594, 'cls': 0.487, 'special': 0.074, 'embed': 9.97}
[g4L_fold3] ep0 step221/249 loss=2.6168 {'ds': 1.004, 'seg': 1.599, 'cls': 0.374, 'special': 0.702, 'embed': 9.989}
[g4L_fold3] ep0 step241/249 loss=1.7478 {'ds': 0.97, 'seg': 1.615, 'cls': 0.468, 'special': 0.062, 'embed': 0.0}
[g4L_fold3] epoch 0 loss=1.9445 dice_core=0.3742 dice_peri=0.6666 thr=[0.7, 0.5] (282s)
[g4L_fold3] ep1 step21/249 loss=2.2431 {'ds': 0.78, 'seg': 1.364, 'cls': 0.464, 'special': 0.054, 'embed': 9.996}
[g4L_fold3] ep1 step41/249 loss=2.2486 {'ds': 0.783, 'seg': 1.359, 'cls': 0.499, 'special': 0.059, 'embed': 9.996}
[g4L_fold3] ep1 step61/249 loss=2.1477 {'ds': 0.758, 'seg': 1.321, 'cls': 0.264, 'special': 0.043, 'embed': 9.999}
[g4L_fold3] ep1 step81/249 loss=1.7877 {'ds': 0.654, 'seg': 1.211, 'cls': 0.623, 'special': 0.047, 'embed': 5.453}
[g4L_fold3] ep1 step101/249 loss=1.6911 {'ds': 0.648, 'seg': 1.213, 'cls': 0.377, 'special': 0.036, 'embed': 4.999}
[g4L_fold3] ep1 step121/249 loss=1.7656 {'ds': 0.795, 'seg': 1.278, 'cls': 0.41, 'special': 0.042, 'embed': 4.998}
[g4L_fold3] ep1 step141/249 loss=1.8948 {'ds': 0.581, 'seg': 1.02, 'cls': 0.461, 'special': 0.038, 'embed': 9.997}
[g4L_fold3] ep1 step161/249 loss=1.5597 {'ds': 0.563, 'seg': 1.07, 'cls': 0.354, 'special': 0.107, 'embed': 4.994}
[g4L_fold3] ep1 step181/249 loss=1.4192 {'ds': 0.855, 'seg': 1.28, 'cls': 0.526, 'special': 0.032, 'embed': 0.0}
[g4L_fold3] ep1 step201/249 loss=1.3564 {'ds': 0.509, 'seg': 0.873, 'cls': 0.416, 'special': 0.018, 'embed': 4.999}
[g4L_fold3] ep1 step221/249 loss=1.4019 {'ds': 0.58, 'seg': 0.946, 'cls': 0.307, 'special': 0.015, 'embed': 4.999}
[g4L_fold3] ep1 step241/249 loss=2.0972 {'ds': 0.768, 'seg': 1.193, 'cls': 0.595, 'special': 0.024, 'embed': 9.999}
[g4L_fold3] epoch 1 loss=1.3396 dice_core=0.5111 dice_peri=0.7985 thr=[0.75, 0.45] (217s)
[g4L_fold3] ep2 step21/249 loss=1.4186 {'ds': 0.477, 'seg': 0.806, 'cls': 0.921, 'special': 0.024, 'embed': 5.011}
[g4L_fold3] ep2 step41/249 loss=0.9977 {'ds': 0.345, 'seg': 0.548, 'cls': 0.28, 'special': 0.021, 'embed': 4.998}
[g4L_fold3] ep2 step61/249 loss=0.8283 {'ds': 0.267, 'seg': 0.371, 'cls': 0.3, 'special': 0.031, 'embed': 4.995}
[g4L_fold3] ep2 step81/249 loss=1.4136 {'ds': 0.33, 'seg': 0.523, 'cls': 0.511, 'special': 0.051, 'embed': 9.998}
[g4L_fold3] ep2 step101/249 loss=1.2122 {'ds': 0.25, 'seg': 0.368, 'cls': 0.396, 'special': 0.064, 'embed': 9.719}
[g4L_fold3] ep2 step121/249 loss=0.9866 {'ds': 0.419, 'seg': 0.6, 'cls': 0.895, 'special': 0.652, 'embed': 0.0}
[g4L_fold3] ep2 step141/249 loss=1.3836 {'ds': 0.645, 'seg': 0.879, 'cls': 0.279, 'special': 0.238, 'embed': 4.999}
[g4L_fold3] ep2 step161/249 loss=1.1965 {'ds': 0.291, 'seg': 0.375, 'cls': 0.541, 'special': 1.248, 'embed': 4.997}
[g4L_fold3] ep2 step181/249 loss=1.2877 {'ds': 0.18, 'seg': 0.223, 'cls': 0.524, 'special': 0.74, 'embed': 9.98}
[g4L_fold3] ep2 step201/249 loss=1.7456 {'ds': 0.738, 'seg': 1.012, 'cls': 0.525, 'special': 0.922, 'embed': 4.959}
[g4L_fold3] ep2 step221/249 loss=1.9538 {'ds': 0.651, 'seg': 0.867, 'cls': 0.551, 'special': 0.801, 'embed': 9.977}
[g4L_fold3] ep2 step241/249 loss=1.2466 {'ds': 0.24, 'seg': 0.263, 'cls': 0.386, 'special': 0.634, 'embed': 9.72}
[g4L_fold3] epoch 2 loss=0.8309 dice_core=0.7255 dice_peri=0.8295 thr=[0.7, 0.5] (216s)
[g4L_fold3] ep3 step21/249 loss=1.3856 {'ds': 0.392, 'seg': 0.491, 'cls': 0.483, 'special': 0.478, 'embed': 8.726}
[g4L_fold3] ep3 step41/249 loss=1.3214 {'ds': 0.265, 'seg': 0.313, 'cls': 0.525, 'special': 0.513, 'embed': 9.989}
[g4L_fold3] ep3 step61/249 loss=0.8427 {'ds': 0.274, 'seg': 0.332, 'cls': 0.394, 'special': 1.647, 'embed': 0.0}
[g4L_fold3] ep3 step81/249 loss=1.0304 {'ds': 0.3, 'seg': 0.359, 'cls': 0.409, 'special': 0.782, 'embed': 4.985}
[g4L_fold3] ep3 step101/249 loss=0.8831 {'ds': 0.17, 'seg': 0.192, 'cls': 0.331, 'special': 0.958, 'embed': 4.921}
[g4L_fold3] ep3 step121/249 loss=1.2205 {'ds': 0.177, 'seg': 0.223, 'cls': 0.496, 'special': 0.94, 'embed': 8.511}
[g4L_fold3] ep3 step141/249 loss=1.6462 {'ds': 0.698, 'seg': 1.015, 'cls': 0.34, 'special': 0.708, 'embed': 4.93}
[g4L_fold3] ep3 step161/249 loss=1.2217 {'ds': 0.241, 'seg': 0.321, 'cls': 0.304, 'special': 0.301, 'embed': 9.995}
[g4L_fold3] ep3 step181/249 loss=0.9597 {'ds': 0.189, 'seg': 0.19, 'cls': 0.428, 'special': 0.231, 'embed': 8.068}
[g4L_fold3] ep3 step201/249 loss=1.6595 {'ds': 0.745, 'seg': 1.025, 'cls': 0.854, 'special': 0.197, 'embed': 4.954}
[g4L_fold3] ep3 step221/249 loss=1.1581 {'ds': 0.592, 'seg': 0.629, 'cls': 0.288, 'special': 0.325, 'embed': 5.01}
[g4L_fold3] ep3 step241/249 loss=1.2052 {'ds': 0.46, 'seg': 0.629, 'cls': 0.717, 'special': 0.263, 'embed': 4.425}
[g4L_fold3] epoch 3 loss=0.7315 dice_core=0.7741 dice_peri=0.8478 thr=[0.7, 0.55] (327s)
[g4L_fold3] ep4 step21/249 loss=0.8513 {'ds': 0.301, 'seg': 0.37, 'cls': 0.43, 'special': 0.236, 'embed': 4.198}
[g4L_fold3] ep4 step41/249 loss=0.8223 {'ds': 0.279, 'seg': 0.288, 'cls': 0.548, 'special': 0.104, 'embed': 4.95}
[g4L_fold3] ep4 step61/249 loss=1.1910 {'ds': 0.261, 'seg': 0.342, 'cls': 0.435, 'special': 0.048, 'embed': 9.703}
[g4L_fold3] ep4 step81/249 loss=0.9200 {'ds': 0.293, 'seg': 0.432, 'cls': 0.391, 'special': 0.066, 'embed': 4.983}
[g4L_fold3] ep4 step101/249 loss=1.0920 {'ds': 0.219, 'seg': 0.227, 'cls': 0.424, 'special': 0.056, 'embed': 9.931}
[g4L_fold3] ep4 step121/249 loss=1.6246 {'ds': 0.587, 'seg': 0.795, 'cls': 0.322, 'special': 0.019, 'embed': 9.924}
[g4L_fold3] ep4 step141/249 loss=0.8970 {'ds': 0.47, 'seg': 0.64, 'cls': 0.376, 'special': 0.031, 'embed': 2.066}
[g4L_fold3] ep4 step161/249 loss=1.4228 {'ds': 0.365, 'seg': 0.502, 'cls': 0.674, 'special': 0.012, 'embed': 9.993}
[g4L_fold3] ep4 step181/249 loss=0.4018 {'ds': 0.221, 'seg': 0.268, 'cls': 0.288, 'special': 0.01, 'embed': 0.795}
[g4L_fold3] ep4 step201/249 loss=0.7290 {'ds': 0.211, 'seg': 0.281, 'cls': 0.274, 'special': 0.023, 'embed': 4.977}
[g4L_fold3] ep4 step221/249 loss=0.6195 {'ds': 0.379, 'seg': 0.506, 'cls': 0.431, 'special': 0.024, 'embed': 0.0}
[g4L_fold3] ep4 step241/249 loss=1.0869 {'ds': 0.205, 'seg': 0.266, 'cls': 0.306, 'special': 0.019, 'embed': 9.854}
[g4L_fold3] epoch 4 loss=0.6416 dice_core=0.7916 dice_peri=0.8670 thr=[0.7, 0.55] (814s)
[g4L_fold3] ep5 step21/249 loss=0.6615 {'ds': 0.149, 'seg': 0.156, 'cls': 0.468, 'special': 1.551, 'embed': 0.008}
[g4L_fold3] ep5 step41/249 loss=1.0394 {'ds': 0.18, 'seg': 0.239, 'cls': 0.314, 'special': 0.014, 'embed': 9.58}
[g4L_fold3] ep5 step61/249 loss=1.8053 {'ds': 1.006, 'seg': 1.381, 'cls': 0.278, 'special': 0.02, 'embed': 4.66}
[g4L_fold3] ep5 step81/249 loss=0.6127 {'ds': 0.209, 'seg': 0.26, 'cls': 0.431, 'special': 0.061, 'embed': 3.07}
[g4L_fold3] ep5 step101/249 loss=1.2598 {'ds': 0.332, 'seg': 0.514, 'cls': 0.519, 'special': 0.011, 'embed': 8.174}
[g4L_fold3] ep5 step121/249 loss=0.9600 {'ds': 0.48, 'seg': 0.639, 'cls': 0.43, 'special': 0.013, 'embed': 2.8}
[g4L_fold3] ep5 step141/249 loss=1.3227 {'ds': 0.479, 'seg': 0.657, 'cls': 0.732, 'special': 0.432, 'embed': 4.999}
[g4L_fold3] ep5 step161/249 loss=0.4056 {'ds': 0.213, 'seg': 0.234, 'cls': 0.651, 'special': 0.034, 'embed': 0.0}
[g4L_fold3] ep5 step181/249 loss=0.8774 {'ds': 0.247, 'seg': 0.308, 'cls': 0.361, 'special': 0.03, 'embed': 6.291}
[g4L_fold3] ep5 step201/249 loss=1.3996 {'ds': 0.497, 'seg': 0.562, 'cls': 0.329, 'special': 0.023, 'embed': 9.992}
[g4L_fold3] ep5 step221/249 loss=1.1809 {'ds': 0.256, 'seg': 0.308, 'cls': 0.473, 'special': 0.021, 'embed': 9.997}
[g4L_fold3] ep5 step241/249 loss=1.0382 {'ds': 0.179, 'seg': 0.241, 'cls': 0.36, 'special': 0.009, 'embed': 9.394}
[g4L_fold3] epoch 5 loss=0.6469 dice_core=0.8015 dice_peri=0.8788 thr=[0.75, 0.5] (202s)
[g4L_fold3] ep6 step21/249 loss=0.4387 {'ds': 0.113, 'seg': 0.129, 'cls': 0.323, 'special': 0.026, 'embed': 2.96}
[g4L_fold3] ep6 step41/249 loss=1.6219 {'ds': 0.278, 'seg': 0.326, 'cls': 0.318, 'special': 1.868, 'embed': 9.996}
[g4L_fold3] ep6 step61/249 loss=0.8763 {'ds': 0.22, 'seg': 0.305, 'cls': 0.437, 'special': 0.434, 'embed': 4.718}
[g4L_fold3] ep6 step81/249 loss=0.3472 {'ds': 0.158, 'seg': 0.194, 'cls': 0.388, 'special': 0.226, 'embed': 0.003}
[g4L_fold3] ep6 step101/249 loss=0.7197 {'ds': 0.469, 'seg': 0.595, 'cls': 0.447, 'special': 0.049, 'embed': 0.002}
[g4L_fold3] ep6 step121/249 loss=0.5940 {'ds': 0.212, 'seg': 0.278, 'cls': 0.309, 'special': 0.055, 'embed': 2.997}
[g4L_fold3] ep6 step141/249 loss=2.0940 {'ds': 0.6, 'seg': 0.833, 'cls': 0.334, 'special': 1.713, 'embed': 9.994}
[g4L_fold3] ep6 step161/249 loss=0.9582 {'ds': 0.122, 'seg': 0.145, 'cls': 0.251, 'special': 0.15, 'embed': 9.511}
[g4L_fold3] ep6 step181/249 loss=0.9660 {'ds': 0.145, 'seg': 0.154, 'cls': 0.267, 'special': 0.131, 'embed': 9.5}
[g4L_fold3] ep6 step201/249 loss=0.6245 {'ds': 0.161, 'seg': 0.19, 'cls': 0.432, 'special': 0.008, 'embed': 4.32}
[g4L_fold3] ep6 step221/249 loss=0.5763 {'ds': 0.154, 'seg': 0.221, 'cls': 0.451, 'special': 0.033, 'embed': 3.127}
[g4L_fold3] ep6 step241/249 loss=1.1350 {'ds': 0.231, 'seg': 0.294, 'cls': 0.328, 'special': 0.067, 'embed': 9.904}
[g4L_fold3] epoch 6 loss=0.5839 dice_core=0.8077 dice_peri=0.8861 thr=[0.75, 0.55] (199s)
[g4L_fold3] ep7 step21/249 loss=0.6739 {'ds': 0.165, 'seg': 0.223, 'cls': 0.289, 'special': 0.026, 'embed': 4.97}
[g4L_fold3] ep7 step41/249 loss=1.5610 {'ds': 1.1, 'seg': 1.485, 'cls': 0.268, 'special': 0.037, 'embed': 0.0}
[g4L_fold3] ep7 step61/249 loss=0.4038 {'ds': 0.202, 'seg': 0.282, 'cls': 0.394, 'special': 0.02, 'embed': 0.245}
[g4L_fold3] ep7 step81/249 loss=0.7502 {'ds': 0.146, 'seg': 0.185, 'cls': 0.434, 'special': 0.006, 'embed': 6.065}
[g4L_fold3] ep7 step101/249 loss=1.4913 {'ds': 0.596, 'seg': 0.805, 'cls': 0.325, 'special': 0.028, 'embed': 7.97}
[g4L_fold3] ep7 step121/249 loss=1.1175 {'ds': 0.223, 'seg': 0.271, 'cls': 0.462, 'special': 0.026, 'embed': 9.654}
[g4L_fold3] ep7 step141/249 loss=0.9953 {'ds': 0.222, 'seg': 0.281, 'cls': 0.432, 'special': 0.014, 'embed': 8.042}
[g4L_fold3] ep7 step161/249 loss=0.6568 {'ds': 0.141, 'seg': 0.168, 'cls': 0.411, 'special': 0.024, 'embed': 5.059}
[g4L_fold3] ep7 step181/249 loss=0.7736 {'ds': 0.252, 'seg': 0.312, 'cls': 0.42, 'special': 0.015, 'embed': 4.709}
[g4L_fold3] ep7 step201/249 loss=0.8994 {'ds': 0.477, 'seg': 0.648, 'cls': 0.596, 'special': 0.015, 'embed': 1.315}
[g4L_fold3] ep7 step221/249 loss=0.3716 {'ds': 0.186, 'seg': 0.243, 'cls': 0.343, 'special': 0.016, 'embed': 0.523}
[g4L_fold3] ep7 step241/249 loss=0.8296 {'ds': 0.531, 'seg': 0.714, 'cls': 0.388, 'special': 0.01, 'embed': 0.211}
[g4L_fold3] epoch 7 loss=0.5379 dice_core=0.8137 dice_peri=0.8926 thr=[0.8, 0.55] (191s)
[g4L_fold3] ep8 step21/249 loss=1.4118 {'ds': 0.734, 'seg': 0.93, 'cls': 1.132, 'special': 0.008, 'embed': 2.62}
[g4L_fold3] ep8 step41/249 loss=0.9176 {'ds': 0.402, 'seg': 0.562, 'cls': 0.316, 'special': 0.03, 'embed': 3.589}
[g4L_fold3] ep8 step61/249 loss=1.9388 {'ds': 0.895, 'seg': 1.326, 'cls': 0.426, 'special': 0.041, 'embed': 6.606}
[g4L_fold3] ep8 step81/249 loss=1.0327 {'ds': 0.333, 'seg': 0.463, 'cls': 0.687, 'special': 0.014, 'embed': 5.265}
[g4L_fold3] ep8 step101/249 loss=0.7137 {'ds': 0.409, 'seg': 0.582, 'cls': 0.408, 'special': 0.02, 'embed': 0.332}
[g4L_fold3] ep8 step121/249 loss=0.6451 {'ds': 0.147, 'seg': 0.178, 'cls': 0.343, 'special': 0.013, 'embed': 5.035}
[g4L_fold3] ep8 step141/249 loss=1.4925 {'ds': 0.729, 'seg': 0.982, 'cls': 0.357, 'special': 0.011, 'embed': 5.576}
[g4L_fold3] ep8 step161/249 loss=0.6965 {'ds': 0.19, 'seg': 0.258, 'cls': 0.504, 'special': 0.019, 'embed': 4.111}
[g4L_fold3] ep8 step181/249 loss=0.2773 {'ds': 0.16, 'seg': 0.193, 'cls': 0.319, 'special': 0.017, 'embed': 0.0}
[g4L_fold3] ep8 step201/249 loss=0.4886 {'ds': 0.268, 'seg': 0.368, 'cls': 0.456, 'special': 0.018, 'embed': 0.024}
[g4L_fold3] ep8 step221/249 loss=0.6307 {'ds': 0.351, 'seg': 0.508, 'cls': 0.481, 'special': 0.009, 'embed': 0.003}
[g4L_fold3] ep8 step241/249 loss=0.2468 {'ds': 0.127, 'seg': 0.148, 'cls': 0.385, 'special': 0.008, 'embed': 0.0}
[g4L_fold3] epoch 8 loss=0.5364 dice_core=0.8184 dice_peri=0.8967 thr=[0.8, 0.55] (197s)
[g4L_fold3] ep9 step21/249 loss=1.8831 {'ds': 1.041, 'seg': 1.45, 'cls': 0.297, 'special': 0.009, 'embed': 4.755}
[g4L_fold3] ep9 step41/249 loss=0.8327 {'ds': 0.471, 'seg': 0.631, 'cls': 0.504, 'special': 0.011, 'embed': 0.973}
[g4L_fold3] ep9 step61/249 loss=1.5474 {'ds': 0.43, 'seg': 0.578, 'cls': 0.924, 'special': 0.011, 'embed': 9.809}
[g4L_fold3] ep9 step81/249 loss=0.5818 {'ds': 0.1, 'seg': 0.12, 'cls': 0.544, 'special': 0.01, 'embed': 4.311}
[g4L_fold3] ep9 step101/249 loss=0.8683 {'ds': 0.585, 'seg': 0.789, 'cls': 0.294, 'special': 0.024, 'embed': 0.001}
[g4L_fold3] ep9 step121/249 loss=1.1982 {'ds': 0.583, 'seg': 0.82, 'cls': 0.485, 'special': 0.07, 'embed': 3.193}
[g4L_fold3] ep9 step141/249 loss=1.0872 {'ds': 0.2, 'seg': 0.239, 'cls': 0.443, 'special': 0.008, 'embed': 9.804}
[g4L_fold3] ep9 step161/249 loss=1.4715 {'ds': 0.868, 'seg': 1.236, 'cls': 0.905, 'special': 0.007, 'embed': 0.1}
[g4L_fold3] ep9 step181/249 loss=0.6414 {'ds': 0.376, 'seg': 0.487, 'cls': 0.612, 'special': 0.005, 'embed': 0.0}
[g4L_fold3] ep9 step201/249 loss=0.6291 {'ds': 0.141, 'seg': 0.19, 'cls': 0.25, 'special': 0.009, 'embed': 4.996}
[g4L_fold3] ep9 step221/249 loss=0.7770 {'ds': 0.205, 'seg': 0.271, 'cls': 0.518, 'special': 0.006, 'embed': 4.999}
[g4L_fold3] ep9 step241/249 loss=0.9830 {'ds': 0.108, 'seg': 0.149, 'cls': 0.345, 'special': 0.004, 'embed': 9.961}
[g4L_fold3] epoch 9 loss=0.5400 dice_core=0.8223 dice_peri=0.8999 thr=[0.8, 0.55] (182s)
[g4L_fold3] ep10 step21/249 loss=1.3800 {'ds': 0.655, 'seg': 0.921, 'cls': 0.287, 'special': 0.005, 'embed': 5.145}
[g4L_fold3] ep10 step41/249 loss=0.5677 {'ds': 0.134, 'seg': 0.18, 'cls': 0.458, 'special': 0.003, 'embed': 3.628}
[g4L_fold3] ep10 step61/249 loss=0.6374 {'ds': 0.138, 'seg': 0.142, 'cls': 0.478, 'special': 0.003, 'embed': 4.997}
[g4L_fold3] ep10 step81/249 loss=0.9999 {'ds': 0.123, 'seg': 0.14, 'cls': 0.435, 'special': 0.008, 'embed': 9.994}
[g4L_fold3] ep10 step101/249 loss=0.6255 {'ds': 0.152, 'seg': 0.182, 'cls': 0.275, 'special': 0.004, 'embed': 4.988}
[g4L_fold3] ep10 step121/249 loss=0.2365 {'ds': 0.118, 'seg': 0.151, 'cls': 0.337, 'special': 0.005, 'embed': 0.0}
[g4L_fold3] ep10 step141/249 loss=0.7090 {'ds': 0.296, 'seg': 0.257, 'cls': 0.313, 'special': 0.004, 'embed': 4.976}
[g4L_fold3] ep10 step161/249 loss=0.7661 {'ds': 0.222, 'seg': 0.275, 'cls': 0.461, 'special': 0.003, 'embed': 4.996}
[g4L_fold3] ep10 step181/249 loss=0.3505 {'ds': 0.184, 'seg': 0.225, 'cls': 0.497, 'special': 0.004, 'embed': 0.001}
[g4L_fold3] ep10 step201/249 loss=0.9028 {'ds': 0.57, 'seg': 0.81, 'cls': 0.369, 'special': 0.002, 'embed': 0.0}
[g4L_fold3] ep10 step221/249 loss=0.8888 {'ds': 0.116, 'seg': 0.165, 'cls': 0.401, 'special': 0.004, 'embed': 8.293}
[g4L_fold3] ep10 step241/249 loss=0.6586 {'ds': 0.137, 'seg': 0.187, 'cls': 0.383, 'special': 0.003, 'embed': 5.001}
[g4L_fold3] epoch 10 loss=0.5422 dice_core=0.8263 dice_peri=0.9032 thr=[0.8, 0.55] (195s)
[g4L_fold3] ep11 step21/249 loss=0.7310 {'ds': 0.188, 'seg': 0.249, 'cls': 0.419, 'special': 0.003, 'embed': 5.019}
[g4L_fold3] ep11 step41/249 loss=1.6760 {'ds': 0.96, 'seg': 1.284, 'cls': 1.074, 'special': 0.004, 'embed': 1.641}
[g4L_fold3] ep11 step61/249 loss=0.3049 {'ds': 0.175, 'seg': 0.208, 'cls': 0.384, 'special': 0.003, 'embed': 0.0}
[g4L_fold3] ep11 step81/249 loss=0.3331 {'ds': 0.2, 'seg': 0.251, 'cls': 0.324, 'special': 0.006, 'embed': 0.0}
[g4L_fold3] ep11 step101/249 loss=0.8760 {'ds': 0.566, 'seg': 0.79, 'cls': 0.327, 'special': 0.017, 'embed': 0.001}
[g4L_fold3] ep11 step121/249 loss=0.2539 {'ds': 0.119, 'seg': 0.149, 'cls': 0.315, 'special': 0.012, 'embed': 0.302}
[g4L_fold3] ep11 step141/249 loss=0.8605 {'ds': 0.53, 'seg': 0.724, 'cls': 0.526, 'special': 0.011, 'embed': 0.035}
[g4L_fold3] ep11 step161/249 loss=0.3473 {'ds': 0.099, 'seg': 0.146, 'cls': 0.411, 'special': 0.031, 'embed': 1.21}
[g4L_fold3] ep11 step181/249 loss=0.7034 {'ds': 0.173, 'seg': 0.219, 'cls': 0.436, 'special': 0.002, 'embed': 5.0}
[g4L_fold3] ep11 step201/249 loss=0.8418 {'ds': 0.559, 'seg': 0.774, 'cls': 0.267, 'special': 0.005, 'embed': 0.002}
[g4L_fold3] ep11 step221/249 loss=0.3393 {'ds': 0.159, 'seg': 0.207, 'cls': 0.502, 'special': 0.004, 'embed': 0.071}
[g4L_fold3] ep11 step241/249 loss=0.2558 {'ds': 0.148, 'seg': 0.17, 'cls': 0.3, 'special': 0.01, 'embed': 0.111}
[g4L_fold3] epoch 11 loss=0.4734 dice_core=0.8303 dice_peri=0.9057 thr=[0.75, 0.55] (186s)
[g4L_fold3] ep12 step21/249 loss=0.3762 {'ds': 0.224, 'seg': 0.29, 'cls': 0.334, 'special': 0.01, 'embed': 0.0}
[g4L_fold3] ep12 step41/249 loss=0.9381 {'ds': 0.565, 'seg': 0.776, 'cls': 0.641, 'special': 0.009, 'embed': 0.0}
[g4L_fold3] ep12 step61/249 loss=0.3587 {'ds': 0.193, 'seg': 0.268, 'cls': 0.354, 'special': 0.006, 'embed': 0.011}
[g4L_fold3] ep12 step81/249 loss=0.3346 {'ds': 0.153, 'seg': 0.212, 'cls': 0.486, 'special': 0.003, 'embed': 0.0}
[g4L_fold3] ep12 step101/249 loss=0.8892 {'ds': 0.575, 'seg': 0.785, 'cls': 0.368, 'special': 0.002, 'embed': 0.15}
[g4L_fold3] ep12 step121/249 loss=1.0245 {'ds': 0.327, 'seg': 0.401, 'cls': 0.398, 'special': 0.011, 'embed': 6.947}
[g4L_fold3] ep12 step141/249 loss=1.3048 {'ds': 0.616, 'seg': 0.871, 'cls': 0.583, 'special': 0.003, 'embed': 3.824}
[g4L_fold3] ep12 step161/249 loss=0.6564 {'ds': 0.159, 'seg': 0.209, 'cls': 0.448, 'special': 0.005, 'embed': 4.455}
[g4L_fold3] ep12 step181/249 loss=0.2955 {'ds': 0.111, 'seg': 0.146, 'cls': 0.531, 'special': 0.007, 'embed': 0.198}
[g4L_fold3] ep12 step201/249 loss=0.5534 {'ds': 0.325, 'seg': 0.472, 'cls': 0.276, 'special': 0.005, 'embed': 0.143}
[g4L_fold3] ep12 step221/249 loss=0.2671 {'ds': 0.193, 'seg': 0.195, 'cls': 0.283, 'special': 0.005, 'embed': 0.0}
[g4L_fold3] ep12 step241/249 loss=0.9097 {'ds': 0.313, 'seg': 0.404, 'cls': 0.63, 'special': 0.004, 'embed': 4.631}
[g4L_fold3] epoch 12 loss=0.4547 dice_core=0.8373 dice_peri=0.9090 thr=[0.75, 0.55] (199s)
[g4L_fold3] ep13 step21/249 loss=0.3657 {'ds': 0.177, 'seg': 0.186, 'cls': 0.293, 'special': 0.003, 'embed': 1.405}
[g4L_fold3] ep13 step41/249 loss=1.6861 {'ds': 0.6, 'seg': 0.846, 'cls': 0.477, 'special': 0.008, 'embed': 9.581}
[g4L_fold3] ep13 step61/249 loss=1.7041 {'ds': 0.283, 'seg': 0.431, 'cls': 0.271, 'special': 1.847, 'embed': 9.917}
[g4L_fold3] ep13 step81/249 loss=0.9555 {'ds': 0.231, 'seg': 0.309, 'cls': 0.445, 'special': 0.052, 'embed': 6.963}
[g4L_fold3] ep13 step101/249 loss=0.8724 {'ds': 0.55, 'seg': 0.763, 'cls': 0.416, 'special': 0.019, 'embed': 0.012}
[g4L_fold3] ep13 step121/249 loss=1.0011 {'ds': 0.597, 'seg': 0.821, 'cls': 0.374, 'special': 0.004, 'embed': 1.139}
[g4L_fold3] ep13 step141/249 loss=0.5868 {'ds': 0.196, 'seg': 0.251, 'cls': 0.4, 'special': 0.017, 'embed': 3.085}
[g4L_fold3] ep13 step161/249 loss=0.4597 {'ds': 0.263, 'seg': 0.368, 'cls': 0.354, 'special': 0.011, 'embed': 0.0}
[g4L_fold3] ep13 step181/249 loss=1.2503 {'ds': 0.454, 'seg': 0.637, 'cls': 0.522, 'special': 0.007, 'embed': 6.413}
[g4L_fold3] ep13 step201/249 loss=0.2994 {'ds': 0.126, 'seg': 0.192, 'cls': 0.416, 'special': 0.008, 'embed': 0.024}
[g4L_fold3] ep13 step221/249 loss=0.2224 {'ds': 0.095, 'seg': 0.123, 'cls': 0.317, 'special': 0.006, 'embed': 0.242}
[g4L_fold3] ep13 step241/249 loss=0.3975 {'ds': 0.094, 'seg': 0.123, 'cls': 0.31, 'special': 0.007, 'embed': 2.607}
[g4L_fold3] epoch 13 loss=0.4811 dice_core=0.8515 dice_peri=0.9142 thr=[0.65, 0.55] (195s)
[g4L_fold3] ep14 step21/249 loss=0.7318 {'ds': 0.269, 'seg': 0.362, 'cls': 0.571, 'special': 0.004, 'embed': 3.016}
[g4L_fold3] ep14 step41/249 loss=0.2623 {'ds': 0.128, 'seg': 0.187, 'cls': 0.293, 'special': 0.001, 'embed': 0.022}
[g4L_fold3] ep14 step61/249 loss=0.6396 {'ds': 0.375, 'seg': 0.491, 'cls': 0.586, 'special': 0.007, 'embed': 0.008}
[g4L_fold3] ep14 step81/249 loss=0.3874 {'ds': 0.243, 'seg': 0.309, 'cls': 0.303, 'special': 0.007, 'embed': 0.007}
[g4L_fold3] ep14 step101/249 loss=1.2392 {'ds': 0.768, 'seg': 1.084, 'cls': 0.62, 'special': 0.002, 'embed': 0.0}
[g4L_fold3] ep14 step121/249 loss=0.5730 {'ds': 0.169, 'seg': 0.186, 'cls': 0.336, 'special': 0.002, 'embed': 4.031}
[g4L_fold3] ep14 step141/249 loss=0.3546 {'ds': 0.172, 'seg': 0.23, 'cls': 0.42, 'special': 0.002, 'embed': 0.25}
[g4L_fold3] ep14 step161/249 loss=0.4938 {'ds': 0.103, 'seg': 0.134, 'cls': 0.491, 'special': 0.089, 'embed': 2.861}
[g4L_fold3] ep14 step181/249 loss=0.9057 {'ds': 0.511, 'seg': 0.784, 'cls': 0.484, 'special': 0.002, 'embed': 0.001}
[g4L_fold3] ep14 step201/249 loss=1.2171 {'ds': 0.49, 'seg': 0.681, 'cls': 0.642, 'special': 0.005, 'embed': 4.996}
[g4L_fold3] ep14 step221/249 loss=0.7249 {'ds': 0.22, 'seg': 0.27, 'cls': 0.354, 'special': 0.006, 'embed': 4.863}
[g4L_fold3] ep14 step241/249 loss=0.6015 {'ds': 0.148, 'seg': 0.188, 'cls': 0.252, 'special': 0.003, 'embed': 4.663}
[g4L_fold3] epoch 14 loss=0.4537 dice_core=0.8665 dice_peri=0.9199 thr=[0.6, 0.5] (198s)
[g4L_fold3] ep15 step21/249 loss=0.8303 {'ds': 0.395, 'seg': 0.525, 'cls': 0.341, 'special': 0.004, 'embed': 2.914}
[g4L_fold3] ep15 step41/249 loss=0.2755 {'ds': 0.173, 'seg': 0.206, 'cls': 0.276, 'special': 0.001, 'embed': 0.0}
[g4L_fold3] ep15 step61/249 loss=0.5346 {'ds': 0.125, 'seg': 0.182, 'cls': 0.291, 'special': 0.001, 'embed': 3.735}
[g4L_fold3] ep15 step81/249 loss=0.7531 {'ds': 0.165, 'seg': 0.217, 'cls': 0.672, 'special': 0.004, 'embed': 4.895}
[g4L_fold3] ep15 step101/249 loss=0.2791 {'ds': 0.133, 'seg': 0.189, 'cls': 0.314, 'special': 0.046, 'embed': 0.004}
[g4L_fold3] ep15 step121/249 loss=0.5586 {'ds': 0.276, 'seg': 0.366, 'cls': 0.333, 'special': 0.003, 'embed': 1.44}
[g4L_fold3] ep15 step141/249 loss=0.5528 {'ds': 0.108, 'seg': 0.13, 'cls': 0.376, 'special': 0.003, 'embed': 4.377}
[g4L_fold3] ep15 step161/249 loss=1.3444 {'ds': 0.487, 'seg': 0.628, 'cls': 1.36, 'special': 0.011, 'embed': 4.987}
[g4L_fold3] ep15 step181/249 loss=0.3891 {'ds': 0.247, 'seg': 0.311, 'cls': 0.289, 'special': 0.003, 'embed': 0.074}
[g4L_fold3] ep15 step201/249 loss=0.4586 {'ds': 0.145, 'seg': 0.171, 'cls': 0.317, 'special': 0.007, 'embed': 2.751}
[g4L_fold3] ep15 step221/249 loss=0.4349 {'ds': 0.312, 'seg': 0.339, 'cls': 0.377, 'special': 0.005, 'embed': 0.0}
[g4L_fold3] ep15 step241/249 loss=0.3121 {'ds': 0.183, 'seg': 0.234, 'cls': 0.306, 'special': 0.006, 'embed': 0.002}
[g4L_fold3] epoch 15 loss=0.4681 dice_core=0.8738 dice_peri=0.9227 thr=[0.6, 0.5] (195s)
[g4L_fold3] ep16 step21/249 loss=0.2627 {'ds': 0.118, 'seg': 0.159, 'cls': 0.289, 'special': 0.001, 'embed': 0.412}
[g4L_fold3] ep16 step41/249 loss=1.7128 {'ds': 0.9, 'seg': 1.36, 'cls': 0.487, 'special': 0.0, 'embed': 3.077}
[g4L_fold3] ep16 step61/249 loss=0.9902 {'ds': 0.557, 'seg': 0.866, 'cls': 0.494, 'special': 0.002, 'embed': 0.002}
[g4L_fold3] ep16 step81/249 loss=0.5216 {'ds': 0.165, 'seg': 0.201, 'cls': 0.43, 'special': 0.003, 'embed': 2.835}
[g4L_fold3] ep16 step101/249 loss=0.5906 {'ds': 0.305, 'seg': 0.41, 'cls': 0.621, 'special': 0.01, 'embed': 0.304}
[g4L_fold3] ep16 step121/249 loss=1.3473 {'ds': 0.464, 'seg': 0.729, 'cls': 0.255, 'special': 0.919, 'embed': 4.332}
[g4L_fold3] ep16 step141/249 loss=0.7725 {'ds': 0.438, 'seg': 0.628, 'cls': 0.559, 'special': 0.007, 'embed': 0.035}
[g4L_fold3] ep16 step161/249 loss=0.3816 {'ds': 0.232, 'seg': 0.291, 'cls': 0.358, 'special': 0.005, 'embed': 0.0}
[g4L_fold3] ep16 step181/249 loss=0.4402 {'ds': 0.221, 'seg': 0.354, 'cls': 0.317, 'special': 0.004, 'embed': 0.077}
[g4L_fold3] ep16 step201/249 loss=0.2982 {'ds': 0.148, 'seg': 0.194, 'cls': 0.413, 'special': 0.001, 'embed': 0.004}
[g4L_fold3] ep16 step221/249 loss=0.5479 {'ds': 0.212, 'seg': 0.266, 'cls': 0.957, 'special': 0.001, 'embed': 0.567}
[g4L_fold3] ep16 step241/249 loss=0.2978 {'ds': 0.152, 'seg': 0.207, 'cls': 0.358, 'special': 0.005, 'embed': 0.0}
[g4L_fold3] epoch 16 loss=0.4738 dice_core=0.8763 dice_peri=0.9243 thr=[0.55, 0.5] (201s)
[g4L_fold3] ep17 step21/249 loss=0.3665 {'ds': 0.217, 'seg': 0.293, 'cls': 0.287, 'special': 0.004, 'embed': 0.006}
[g4L_fold3] ep17 step41/249 loss=0.5956 {'ds': 0.253, 'seg': 0.349, 'cls': 0.284, 'special': 0.001, 'embed': 2.34}
[g4L_fold3] ep17 step61/249 loss=0.6920 {'ds': 0.16, 'seg': 0.204, 'cls': 0.454, 'special': 0.004, 'embed': 4.982}
[g4L_fold3] ep17 step81/249 loss=0.4445 {'ds': 0.233, 'seg': 0.332, 'cls': 0.432, 'special': 0.001, 'embed': 0.056}
[g4L_fold3] ep17 step101/249 loss=0.5922 {'ds': 0.148, 'seg': 0.192, 'cls': 0.505, 'special': 0.003, 'embed': 3.64}
[g4L_fold3] ep17 step121/249 loss=0.8747 {'ds': 0.521, 'seg': 0.793, 'cls': 0.292, 'special': 0.001, 'embed': 0.119}
[g4L_fold3] ep17 step141/249 loss=0.8948 {'ds': 0.558, 'seg': 0.788, 'cls': 0.423, 'special': 0.004, 'embed': 0.005}
[g4L_fold3] ep17 step161/249 loss=0.2755 {'ds': 0.077, 'seg': 0.106, 'cls': 0.675, 'special': 0.001, 'embed': 0.002}
[g4L_fold3] ep17 step181/249 loss=0.7167 {'ds': 0.376, 'seg': 0.533, 'cls': 0.735, 'special': 0.002, 'embed': 0.0}
[g4L_fold3] ep17 step201/249 loss=0.8345 {'ds': 0.467, 'seg': 0.729, 'cls': 0.421, 'special': 0.001, 'embed': 0.001}
[g4L_fold3] ep17 step221/249 loss=0.8097 {'ds': 0.476, 'seg': 0.727, 'cls': 0.282, 'special': 0.001, 'embed': 0.16}
[g4L_fold3] ep17 step241/249 loss=0.7436 {'ds': 0.22, 'seg': 0.293, 'cls': 0.296, 'special': 0.003, 'embed': 5.015}
[g4L_fold3] epoch 17 loss=0.4454 dice_core=0.8783 dice_peri=0.9258 thr=[0.55, 0.5] (203s)
[g4L_fold3] ep18 step21/249 loss=0.4795 {'ds': 0.305, 'seg': 0.386, 'cls': 0.354, 'special': 0.003, 'embed': 0.058}
[g4L_fold3] ep18 step41/249 loss=0.2933 {'ds': 0.138, 'seg': 0.22, 'cls': 0.285, 'special': 0.004, 'embed': 0.011}
[g4L_fold3] ep18 step61/249 loss=0.3492 {'ds': 0.192, 'seg': 0.249, 'cls': 0.394, 'special': 0.003, 'embed': 0.006}
[g4L_fold3] ep18 step81/249 loss=0.1997 {'ds': 0.101, 'seg': 0.122, 'cls': 0.291, 'special': 0.004, 'embed': 0.051}
[g4L_fold3] ep18 step101/249 loss=0.2740 {'ds': 0.12, 'seg': 0.158, 'cls': 0.449, 'special': 0.006, 'embed': 0.027}
[g4L_fold3] ep18 step121/249 loss=0.2100 {'ds': 0.103, 'seg': 0.146, 'cls': 0.25, 'special': 0.005, 'embed': 0.0}
[g4L_fold3] ep18 step141/249 loss=0.2465 {'ds': 0.112, 'seg': 0.15, 'cls': 0.372, 'special': 0.012, 'embed': 0.004}
[g4L_fold3] ep18 step161/249 loss=0.2589 {'ds': 0.114, 'seg': 0.155, 'cls': 0.275, 'special': 0.007, 'embed': 0.45}
[g4L_fold3] ep18 step181/249 loss=0.6636 {'ds': 0.123, 'seg': 0.17, 'cls': 0.418, 'special': 0.003, 'embed': 5.171}
[g4L_fold3] ep18 step201/249 loss=0.2223 {'ds': 0.123, 'seg': 0.139, 'cls': 0.329, 'special': 0.001, 'embed': 0.007}
[g4L_fold3] ep18 step221/249 loss=0.5893 {'ds': 0.102, 'seg': 0.126, 'cls': 0.345, 'special': 0.003, 'embed': 5.011}
[g4L_fold3] ep18 step241/249 loss=0.8744 {'ds': 0.45, 'seg': 0.657, 'cls': 0.866, 'special': 0.002, 'embed': 0.003}
[g4L_fold3] epoch 18 loss=0.4181 dice_core=0.8804 dice_peri=0.9270 thr=[0.55, 0.5] (200s)
[g4L_fold3] ep19 step21/249 loss=0.2684 {'ds': 0.141, 'seg': 0.183, 'cls': 0.322, 'special': 0.013, 'embed': 0.026}
[g4L_fold3] ep19 step41/249 loss=0.3044 {'ds': 0.159, 'seg': 0.195, 'cls': 0.427, 'special': 0.002, 'embed': 0.022}
[g4L_fold3] ep19 step61/249 loss=0.3648 {'ds': 0.198, 'seg': 0.267, 'cls': 0.388, 'special': 0.003, 'embed': 0.0}
[g4L_fold3] ep19 step81/249 loss=0.4244 {'ds': 0.294, 'seg': 0.344, 'cls': 0.32, 'special': 0.003, 'embed': 0.001}
[g4L_fold3] ep19 step101/249 loss=0.3813 {'ds': 0.168, 'seg': 0.196, 'cls': 0.643, 'special': 0.002, 'embed': 0.326}
[g4L_fold3] ep19 step121/249 loss=0.6898 {'ds': 0.12, 'seg': 0.148, 'cls': 0.646, 'special': 0.022, 'embed': 5.002}
[g4L_fold3] ep19 step141/249 loss=0.3329 {'ds': 0.179, 'seg': 0.221, 'cls': 0.321, 'special': 0.122, 'embed': 0.01}
[g4L_fold3] ep19 step161/249 loss=1.1997 {'ds': 0.484, 'seg': 0.76, 'cls': 0.257, 'special': 0.002, 'embed': 4.999}
[g4L_fold3] ep19 step181/249 loss=0.4469 {'ds': 0.088, 'seg': 0.116, 'cls': 0.358, 'special': 0.009, 'embed': 3.189}
[g4L_fold3] ep19 step201/249 loss=0.2664 {'ds': 0.119, 'seg': 0.165, 'cls': 0.289, 'special': 0.005, 'embed': 0.363}
[g4L_fold3] ep19 step221/249 loss=0.2523 {'ds': 0.115, 'seg': 0.14, 'cls': 0.448, 'special': 0.001, 'embed': 0.002}
[g4L_fold3] ep19 step241/249 loss=1.0723 {'ds': 0.547, 'seg': 0.747, 'cls': 0.853, 'special': 0.001, 'embed': 1.499}
[g4L_fold3] epoch 19 loss=0.4383 dice_core=0.8825 dice_peri=0.9303 thr=[0.55, 0.5] (214s)
[g4L_fold3] ep20 step21/249 loss=0.4628 {'ds': 0.286, 'seg': 0.371, 'cls': 0.367, 'special': 0.001, 'embed': 0.0}
[g4L_fold3] ep20 step41/249 loss=0.2590 {'ds': 0.099, 'seg': 0.129, 'cls': 0.382, 'special': 0.001, 'embed': 0.461}
[g4L_fold3] ep20 step61/249 loss=0.6992 {'ds': 0.17, 'seg': 0.228, 'cls': 0.371, 'special': 0.001, 'embed': 5.043}
[g4L_fold3] ep20 step81/249 loss=0.3744 {'ds': 0.143, 'seg': 0.232, 'cls': 0.555, 'special': 0.001, 'embed': 0.051}
[g4L_fold3] ep20 step101/249 loss=0.7015 {'ds': 0.188, 'seg': 0.251, 'cls': 0.315, 'special': 0.001, 'embed': 4.947}
[g4L_fold3] ep20 step121/249 loss=0.9533 {'ds': 0.552, 'seg': 0.857, 'cls': 0.293, 'special': 0.002, 'embed': 0.301}
[g4L_fold3] ep20 step141/249 loss=0.6556 {'ds': 0.338, 'seg': 0.467, 'cls': 0.654, 'special': 0.003, 'embed': 0.325}
[g4L_fold3] ep20 step161/249 loss=0.6241 {'ds': 0.391, 'seg': 0.475, 'cls': 0.373, 'special': 0.002, 'embed': 0.74}
[g4L_fold3] ep20 step181/249 loss=0.6788 {'ds': 0.401, 'seg': 0.579, 'cls': 0.4, 'special': 0.0, 'embed': 0.003}
[g4L_fold3] ep20 step201/249 loss=0.3944 {'ds': 0.184, 'seg': 0.263, 'cls': 0.52, 'special': 0.001, 'embed': 0.018}
[g4L_fold3] ep20 step221/249 loss=0.7507 {'ds': 0.385, 'seg': 0.671, 'cls': 0.319, 'special': 0.002, 'embed': 0.0}
[g4L_fold3] ep20 step241/249 loss=0.4010 {'ds': 0.225, 'seg': 0.274, 'cls': 0.503, 'special': 0.002, 'embed': 0.013}
[g4L_fold3] epoch 20 loss=0.3949 dice_core=0.8860 dice_peri=0.9320 thr=[0.55, 0.5] (202s)
[g4L_fold3] ep21 step21/249 loss=0.4006 {'ds': 0.222, 'seg': 0.289, 'cls': 0.436, 'special': 0.002, 'embed': 0.034}
[g4L_fold3] ep21 step41/249 loss=0.5711 {'ds': 0.085, 'seg': 0.114, 'cls': 0.328, 'special': 0.003, 'embed': 4.996}
[g4L_fold3] ep21 step61/249 loss=0.3347 {'ds': 0.218, 'seg': 0.259, 'cls': 0.298, 'special': 0.004, 'embed': 0.002}
[g4L_fold3] ep21 step81/249 loss=0.2124 {'ds': 0.131, 'seg': 0.147, 'cls': 0.258, 'special': 0.001, 'embed': 0.01}
[g4L_fold3] ep21 step101/249 loss=0.7244 {'ds': 0.433, 'seg': 0.569, 'cls': 0.619, 'special': 0.001, 'embed': 0.002}
[g4L_fold3] ep21 step121/249 loss=0.3735 {'ds': 0.19, 'seg': 0.251, 'cls': 0.486, 'special': 0.002, 'embed': 0.004}
[g4L_fold3] ep21 step141/249 loss=0.3903 {'ds': 0.241, 'seg': 0.316, 'cls': 0.294, 'special': 0.001, 'embed': 0.007}
[g4L_fold3] ep21 step161/249 loss=0.2366 {'ds': 0.091, 'seg': 0.122, 'cls': 0.456, 'special': 0.003, 'embed': 0.0}
[g4L_fold3] ep21 step181/249 loss=0.2938 {'ds': 0.142, 'seg': 0.167, 'cls': 0.502, 'special': 0.002, 'embed': 0.005}
[g4L_fold3] ep21 step201/249 loss=0.2985 {'ds': 0.188, 'seg': 0.212, 'cls': 0.341, 'special': 0.0, 'embed': 0.015}
[g4L_fold3] ep21 step221/249 loss=0.3491 {'ds': 0.195, 'seg': 0.251, 'cls': 0.331, 'special': 0.004, 'embed': 0.195}
[g4L_fold3] ep21 step241/249 loss=0.8896 {'ds': 0.345, 'seg': 0.651, 'cls': 0.952, 'special': 0.001, 'embed': 0.009}
[g4L_fold3] epoch 21 loss=0.4205 dice_core=0.8873 dice_peri=0.9327 thr=[0.55, 0.45] (205s)
[g4L_fold3] ep22 step21/249 loss=0.5438 {'ds': 0.36, 'seg': 0.466, 'cls': 0.305, 'special': 0.001, 'embed': 0.01}
[g4L_fold3] ep22 step41/249 loss=0.2065 {'ds': 0.118, 'seg': 0.142, 'cls': 0.257, 'special': 0.001, 'embed': 0.002}
[g4L_fold3] ep22 step61/249 loss=0.2303 {'ds': 0.093, 'seg': 0.14, 'cls': 0.324, 'special': 0.031, 'embed': 0.025}
[g4L_fold3] ep22 step81/249 loss=0.5896 {'ds': 0.348, 'seg': 0.475, 'cls': 0.457, 'special': 0.0, 'embed': 0.005}
[g4L_fold3] ep22 step101/249 loss=0.5725 {'ds': 0.234, 'seg': 0.475, 'cls': 0.389, 'special': 0.001, 'embed': 0.0}
[g4L_fold3] ep22 step121/249 loss=0.3758 {'ds': 0.283, 'seg': 0.294, 'cls': 0.323, 'special': 0.001, 'embed': 0.009}
[g4L_fold3] ep22 step141/249 loss=0.2301 {'ds': 0.128, 'seg': 0.158, 'cls': 0.283, 'special': 0.0, 'embed': 0.015}
[g4L_fold3] ep22 step161/249 loss=0.9237 {'ds': 0.59, 'seg': 0.797, 'cls': 0.463, 'special': 0.002, 'embed': 0.144}
[g4L_fold3] ep22 step181/249 loss=0.1983 {'ds': 0.094, 'seg': 0.107, 'cls': 0.359, 'special': 0.002, 'embed': 0.012}
[g4L_fold3] ep22 step201/249 loss=0.2840 {'ds': 0.165, 'seg': 0.215, 'cls': 0.276, 'special': 0.001, 'embed': 0.004}
[g4L_fold3] ep22 step221/249 loss=0.3801 {'ds': 0.218, 'seg': 0.279, 'cls': 0.395, 'special': 0.001, 'embed': 0.027}
[g4L_fold3] ep22 step241/249 loss=0.3904 {'ds': 0.206, 'seg': 0.284, 'cls': 0.421, 'special': 0.001, 'embed': 0.007}
[g4L_fold3] epoch 22 loss=0.3838 dice_core=0.8886 dice_peri=0.9332 thr=[0.55, 0.45] (211s)
[g4L_fold3] ep23 step21/249 loss=0.2220 {'ds': 0.092, 'seg': 0.13, 'cls': 0.368, 'special': 0.001, 'embed': 0.004}
[g4L_fold3] ep23 step41/249 loss=0.2334 {'ds': 0.102, 'seg': 0.142, 'cls': 0.366, 'special': 0.001, 'embed': 0.0}
[g4L_fold3] ep23 step61/249 loss=0.4176 {'ds': 0.241, 'seg': 0.327, 'cls': 0.36, 'special': 0.001, 'embed': 0.004}
[g4L_fold3] ep23 step81/249 loss=0.2093 {'ds': 0.103, 'seg': 0.135, 'cls': 0.292, 'special': 0.001, 'embed': 0.013}
[g4L_fold3] ep23 step101/249 loss=0.8810 {'ds': 0.49, 'seg': 0.729, 'cls': 0.574, 'special': 0.001, 'embed': 0.108}
[g4L_fold3] ep23 step121/249 loss=0.2321 {'ds': 0.089, 'seg': 0.123, 'cls': 0.429, 'special': 0.0, 'embed': 0.016}
[g4L_fold3] ep23 step141/249 loss=0.1922 {'ds': 0.088, 'seg': 0.12, 'cls': 0.288, 'special': 0.0, 'embed': 0.008}
[g4L_fold3] ep23 step161/249 loss=0.5710 {'ds': 0.325, 'seg': 0.459, 'cls': 0.392, 'special': 0.002, 'embed': 0.177}
[g4L_fold3] ep23 step181/249 loss=0.5961 {'ds': 0.25, 'seg': 0.507, 'cls': 0.347, 'special': 0.001, 'embed': 0.033}
[g4L_fold3] ep23 step201/249 loss=0.2921 {'ds': 0.162, 'seg': 0.22, 'cls': 0.277, 'special': 0.001, 'embed': 0.026}
[g4L_fold3] ep23 step221/249 loss=0.7433 {'ds': 0.446, 'seg': 0.631, 'cls': 0.449, 'special': 0.0, 'embed': 0.001}
[g4L_fold3] ep23 step241/249 loss=0.2652 {'ds': 0.144, 'seg': 0.18, 'cls': 0.34, 'special': 0.001, 'embed': 0.002}
[g4L_fold3] epoch 23 loss=0.3964 dice_core=0.8896 dice_peri=0.9335 thr=[0.55, 0.45] (213s)
[g4L_fold3] ep24 step21/249 loss=0.3687 {'ds': 0.206, 'seg': 0.264, 'cls': 0.393, 'special': 0.001, 'embed': 0.081}
[g4L_fold3] ep24 step41/249 loss=0.5128 {'ds': 0.283, 'seg': 0.415, 'cls': 0.347, 'special': 0.001, 'embed': 0.141}
[g4L_fold3] ep24 step61/249 loss=0.4091 {'ds': 0.236, 'seg': 0.301, 'cls': 0.409, 'special': 0.0, 'embed': 0.074}
[g4L_fold3] ep24 step81/249 loss=0.4845 {'ds': 0.186, 'seg': 0.269, 'cls': 0.861, 'special': 0.001, 'embed': 0.001}
[g4L_fold3] ep24 step101/249 loss=0.7431 {'ds': 0.335, 'seg': 0.429, 'cls': 0.31, 'special': 0.0, 'embed': 3.15}
[g4L_fold3] ep24 step121/249 loss=0.2262 {'ds': 0.107, 'seg': 0.126, 'cls': 0.388, 'special': 0.001, 'embed': 0.039}
[g4L_fold3] ep24 step141/249 loss=0.5929 {'ds': 0.37, 'seg': 0.512, 'cls': 0.318, 'special': 0.001, 'embed': 0.011}
[g4L_fold3] ep24 step161/249 loss=0.3690 {'ds': 0.187, 'seg': 0.251, 'cls': 0.472, 'special': 0.001, 'embed': 0.001}
[g4L_fold3] ep24 step181/249 loss=0.8115 {'ds': 0.438, 'seg': 0.554, 'cls': 1.026, 'special': 0.001, 'embed': 0.006}
[g4L_fold3] ep24 step201/249 loss=0.3103 {'ds': 0.192, 'seg': 0.253, 'cls': 0.213, 'special': 0.001, 'embed': 0.045}
[g4L_fold3] ep24 step221/249 loss=1.3801 {'ds': 0.679, 'seg': 1.281, 'cls': 0.391, 'special': 0.001, 'embed': 0.01}
[g4L_fold3] ep24 step241/249 loss=0.2886 {'ds': 0.158, 'seg': 0.208, 'cls': 0.322, 'special': 0.001, 'embed': 0.0}
[g4L_fold3] epoch 24 loss=0.3739 dice_core=0.8907 dice_peri=0.9337 thr=[0.55, 0.45] (208s)
[g4L_fold3] ep25 step21/249 loss=0.8173 {'ds': 0.396, 'seg': 0.725, 'cls': 0.366, 'special': 0.001, 'embed': 0.007}
[g4L_fold3] ep25 step41/249 loss=0.2112 {'ds': 0.073, 'seg': 0.111, 'cls': 0.399, 'special': 0.0, 'embed': 0.002}
[g4L_fold3] ep25 step61/249 loss=0.3096 {'ds': 0.183, 'seg': 0.251, 'cls': 0.232, 'special': 0.001, 'embed': 0.008}
[g4L_fold3] ep25 step81/249 loss=0.3334 {'ds': 0.196, 'seg': 0.245, 'cls': 0.344, 'special': 0.006, 'embed': 0.015}
[g4L_fold3] ep25 step101/249 loss=0.8028 {'ds': 0.452, 'seg': 0.71, 'cls': 0.368, 'special': 0.001, 'embed': 0.001}
[g4L_fold3] ep25 step121/249 loss=0.3040 {'ds': 0.165, 'seg': 0.235, 'cls': 0.275, 'special': 0.0, 'embed': 0.001}
[g4L_fold3] ep25 step141/249 loss=0.2754 {'ds': 0.169, 'seg': 0.216, 'cls': 0.234, 'special': 0.001, 'embed': 0.008}
[g4L_fold3] ep25 step161/249 loss=0.7835 {'ds': 0.385, 'seg': 0.701, 'cls': 0.326, 'special': 0.001, 'embed': 0.008}
[g4L_fold3] ep25 step181/249 loss=0.3753 {'ds': 0.159, 'seg': 0.196, 'cls': 0.718, 'special': 0.001, 'embed': 0.0}
[g4L_fold3] ep25 step201/249 loss=0.2035 {'ds': 0.089, 'seg': 0.114, 'cls': 0.358, 'special': 0.0, 'embed': 0.003}
[g4L_fold3] ep25 step221/249 loss=0.1844 {'ds': 0.093, 'seg': 0.1, 'cls': 0.323, 'special': 0.0, 'embed': 0.042}
[g4L_fold3] ep25 step241/249 loss=0.5986 {'ds': 0.103, 'seg': 0.132, 'cls': 0.334, 'special': 0.001, 'embed': 5.105}
[g4L_fold3] epoch 25 loss=0.3896 dice_core=0.8912 dice_peri=0.9340 thr=[0.5, 0.45] (213s)
[g4L_fold3] ep26 step21/249 loss=0.8107 {'ds': 0.312, 'seg': 0.689, 'cls': 0.477, 'special': 0.0, 'embed': 0.032}
[g4L_fold3] ep26 step41/249 loss=0.2437 {'ds': 0.111, 'seg': 0.155, 'cls': 0.352, 'special': 0.002, 'embed': 0.002}
[g4L_fold3] ep26 step61/249 loss=0.3502 {'ds': 0.243, 'seg': 0.272, 'cls': 0.312, 'special': 0.001, 'embed': 0.002}
[g4L_fold3] ep26 step81/249 loss=0.2603 {'ds': 0.14, 'seg': 0.174, 'cls': 0.344, 'special': 0.0, 'embed': 0.008}
[g4L_fold3] ep26 step101/249 loss=0.3300 {'ds': 0.188, 'seg': 0.248, 'cls': 0.324, 'special': 0.0, 'embed': 0.011}
[g4L_fold3] ep26 step121/249 loss=0.8603 {'ds': 0.537, 'seg': 0.776, 'cls': 0.338, 'special': 0.0, 'embed': 0.0}
[g4L_fold3] ep26 step141/249 loss=0.2522 {'ds': 0.115, 'seg': 0.163, 'cls': 0.357, 'special': 0.001, 'embed': 0.003}
[g4L_fold3] ep26 step161/249 loss=0.2594 {'ds': 0.102, 'seg': 0.133, 'cls': 0.493, 'special': 0.001, 'embed': 0.037}
[g4L_fold3] ep26 step181/249 loss=0.8248 {'ds': 0.299, 'seg': 0.378, 'cls': 0.285, 'special': 0.001, 'embed': 5.0}
[g4L_fold3] ep26 step201/249 loss=0.2003 {'ds': 0.103, 'seg': 0.129, 'cls': 0.279, 'special': 0.001, 'embed': 0.014}
[g4L_fold3] ep26 step221/249 loss=0.6400 {'ds': 0.13, 'seg': 0.189, 'cls': 0.31, 'special': 0.001, 'embed': 4.975}
[g4L_fold3] ep26 step241/249 loss=0.5744 {'ds': 0.336, 'seg': 0.501, 'cls': 0.291, 'special': 0.001, 'embed': 0.004}
[g4L_fold3] epoch 26 loss=0.3828 dice_core=0.8919 dice_peri=0.9340 thr=[0.5, 0.45] (226s)
[g4L_fold3] ep27 step21/249 loss=0.1870 {'ds': 0.082, 'seg': 0.103, 'cls': 0.332, 'special': 0.0, 'embed': 0.008}
[g4L_fold3] ep27 step41/249 loss=0.3856 {'ds': 0.109, 'seg': 0.184, 'cls': 0.803, 'special': 0.0, 'embed': 0.011}
[g4L_fold3] ep27 step61/249 loss=0.2522 {'ds': 0.127, 'seg': 0.176, 'cls': 0.304, 'special': 0.001, 'embed': 0.0}
[g4L_fold3] ep27 step81/249 loss=0.5517 {'ds': 0.277, 'seg': 0.343, 'cls': 0.831, 'special': 0.001, 'embed': 0.003}
[g4L_fold3] ep27 step101/249 loss=0.3961 {'ds': 0.196, 'seg': 0.253, 'cls': 0.561, 'special': 0.001, 'embed': 0.035}
[g4L_fold3] ep27 step121/249 loss=0.5627 {'ds': 0.104, 'seg': 0.12, 'cls': 0.27, 'special': 0.001, 'embed': 5.002}
[g4L_fold3] ep27 step141/249 loss=0.3223 {'ds': 0.153, 'seg': 0.211, 'cls': 0.441, 'special': 0.002, 'embed': 0.009}
[g4L_fold3] ep27 step161/249 loss=1.1981 {'ds': 0.488, 'seg': 0.742, 'cls': 0.338, 'special': 0.0, 'embed': 4.96}
[g4L_fold3] ep27 step181/249 loss=0.7839 {'ds': 0.372, 'seg': 0.685, 'cls': 0.395, 'special': 0.0, 'embed': 0.006}
[g4L_fold3] ep27 step201/249 loss=0.3284 {'ds': 0.198, 'seg': 0.264, 'cls': 0.256, 'special': 0.001, 'embed': 0.001}
[g4L_fold3] ep27 step221/249 loss=0.3585 {'ds': 0.198, 'seg': 0.247, 'cls': 0.441, 'special': 0.0, 'embed': 0.012}
[g4L_fold3] ep27 step241/249 loss=0.2975 {'ds': 0.148, 'seg': 0.21, 'cls': 0.348, 'special': 0.0, 'embed': 0.003}
[g4L_fold3] epoch 27 loss=0.3554 dice_core=0.8927 dice_peri=0.9342 thr=[0.5, 0.45] (206s)
[g4L_fold3] ep28 step21/249 loss=0.3181 {'ds': 0.131, 'seg': 0.203, 'cls': 0.459, 'special': 0.001, 'embed': 0.004}
[g4L_fold3] ep28 step41/249 loss=0.5990 {'ds': 0.28, 'seg': 0.369, 'cls': 0.91, 'special': 0.0, 'embed': 0.033}
[g4L_fold3] ep28 step61/249 loss=0.8050 {'ds': 0.265, 'seg': 0.367, 'cls': 0.251, 'special': 0.001, 'embed': 5.002}
[g4L_fold3] ep28 step81/249 loss=0.2750 {'ds': 0.136, 'seg': 0.179, 'cls': 0.379, 'special': 0.001, 'embed': 0.018}
[g4L_fold3] ep28 step101/249 loss=0.6161 {'ds': 0.149, 'seg': 0.171, 'cls': 0.269, 'special': 0.001, 'embed': 5.039}
[g4L_fold3] ep28 step121/249 loss=0.4837 {'ds': 0.179, 'seg': 0.26, 'cls': 0.845, 'special': 0.0, 'embed': 0.169}
[g4L_fold3] ep28 step141/249 loss=0.5153 {'ds': 0.185, 'seg': 0.212, 'cls': 0.549, 'special': 0.033, 'embed': 2.106}
[g4L_fold3] ep28 step161/249 loss=0.6454 {'ds': 0.127, 'seg': 0.163, 'cls': 0.298, 'special': 0.001, 'embed': 5.44}
[g4L_fold3] ep28 step181/249 loss=0.5151 {'ds': 0.13, 'seg': 0.177, 'cls': 0.368, 'special': 0.001, 'embed': 3.273}
[g4L_fold3] ep28 step201/249 loss=0.8203 {'ds': 0.436, 'seg': 0.615, 'cls': 0.821, 'special': 0.001, 'embed': 0.001}
[g4L_fold3] ep28 step221/249 loss=0.3413 {'ds': 0.194, 'seg': 0.252, 'cls': 0.356, 'special': 0.001, 'embed': 0.0}
[g4L_fold3] ep28 step241/249 loss=1.5761 {'ds': 0.53, 'seg': 1.212, 'cls': 0.304, 'special': 0.002, 'embed': 3.836}
[g4L_fold3] epoch 28 loss=0.3810 dice_core=0.8935 dice_peri=0.9343 thr=[0.45, 0.45] (200s)
[g4L_fold3] ep29 step21/249 loss=1.2654 {'ds': 0.544, 'seg': 1.009, 'cls': 1.026, 'special': 0.001, 'embed': 0.001}
[g4L_fold3] ep29 step41/249 loss=0.7405 {'ds': 0.214, 'seg': 0.296, 'cls': 0.29, 'special': 0.0, 'embed': 4.958}
[g4L_fold3] ep29 step61/249 loss=0.2297 {'ds': 0.096, 'seg': 0.126, 'cls': 0.415, 'special': 0.001, 'embed': 0.003}
[g4L_fold3] ep29 step81/249 loss=0.2488 {'ds': 0.108, 'seg': 0.141, 'cls': 0.426, 'special': 0.001, 'embed': 0.008}
[g4L_fold3] ep29 step101/249 loss=0.7658 {'ds': 0.31, 'seg': 0.663, 'cls': 0.391, 'special': 0.001, 'embed': 0.057}
[g4L_fold3] ep29 step121/249 loss=0.4218 {'ds': 0.224, 'seg': 0.312, 'cls': 0.433, 'special': 0.001, 'embed': 0.02}
[g4L_fold3] ep29 step141/249 loss=0.3843 {'ds': 0.184, 'seg': 0.241, 'cls': 0.567, 'special': 0.004, 'embed': 0.001}
[g4L_fold3] ep29 step161/249 loss=0.3532 {'ds': 0.199, 'seg': 0.272, 'cls': 0.323, 'special': 0.001, 'embed': 0.0}
[g4L_fold3] ep29 step181/249 loss=0.2523 {'ds': 0.119, 'seg': 0.158, 'cls': 0.371, 'special': 0.001, 'embed': 0.012}
[g4L_fold3] ep29 step201/249 loss=0.9064 {'ds': 0.402, 'seg': 0.73, 'cls': 0.6, 'special': 0.002, 'embed': 0.341}
[g4L_fold3] ep29 step221/249 loss=1.1417 {'ds': 0.748, 'seg': 1.048, 'cls': 0.324, 'special': 0.001, 'embed': 0.164}
[g4L_fold3] ep29 step241/249 loss=0.2377 {'ds': 0.113, 'seg': 0.168, 'cls': 0.275, 'special': 0.0, 'embed': 0.013}
[g4L_fold3] epoch 29 loss=0.3715 dice_core=0.8939 dice_peri=0.9345 thr=[0.45, 0.45] (193s)
[g4L_fold3] ep30 step21/249 loss=0.3194 {'ds': 0.175, 'seg': 0.236, 'cls': 0.328, 'special': 0.001, 'embed': 0.023}
[g4L_fold3] ep30 step41/249 loss=0.4390 {'ds': 0.324, 'seg': 0.364, 'cls': 0.264, 'special': 0.003, 'embed': 0.107}
[g4L_fold3] ep30 step61/249 loss=0.1871 {'ds': 0.078, 'seg': 0.108, 'cls': 0.313, 'special': 0.0, 'embed': 0.007}
[g4L_fold3] ep30 step81/249 loss=0.2813 {'ds': 0.123, 'seg': 0.178, 'cls': 0.405, 'special': 0.0, 'embed': 0.028}
[g4L_fold3] ep30 step101/249 loss=0.1481 {'ds': 0.064, 'seg': 0.082, 'cls': 0.265, 'special': 0.0, 'embed': 0.0}
[g4L_fold3] ep30 step121/249 loss=0.3378 {'ds': 0.088, 'seg': 0.112, 'cls': 0.522, 'special': 0.374, 'embed': 0.026}
[g4L_fold3] ep30 step141/249 loss=0.7614 {'ds': 0.125, 'seg': 0.158, 'cls': 0.359, 'special': 1.029, 'embed': 3.414}
[g4L_fold3] ep30 step161/249 loss=0.2502 {'ds': 0.111, 'seg': 0.141, 'cls': 0.367, 'special': 0.004, 'embed': 0.215}
[g4L_fold3] ep30 step181/249 loss=0.1984 {'ds': 0.099, 'seg': 0.131, 'cls': 0.247, 'special': 0.009, 'embed': 0.044}
[g4L_fold3] ep30 step201/249 loss=0.2432 {'ds': 0.096, 'seg': 0.129, 'cls': 0.359, 'special': 0.0, 'embed': 0.323}
[g4L_fold3] ep30 step221/249 loss=0.2910 {'ds': 0.139, 'seg': 0.194, 'cls': 0.367, 'special': 0.017, 'embed': 0.013}
[g4L_fold3] ep30 step241/249 loss=0.2863 {'ds': 0.167, 'seg': 0.214, 'cls': 0.289, 'special': 0.0, 'embed': 0.003}
[g4L_fold3] epoch 30 loss=0.3657 dice_core=0.8945 dice_peri=0.9345 thr=[0.5, 0.4] (188s)
[g4L_fold3] ep31 step21/249 loss=0.3082 {'ds': 0.154, 'seg': 0.222, 'cls': 0.339, 'special': 0.004, 'embed': 0.002}
[g4L_fold3] ep31 step41/249 loss=0.2501 {'ds': 0.12, 'seg': 0.165, 'cls': 0.341, 'special': 0.0, 'embed': 0.0}
[g4L_fold3] ep31 step61/249 loss=0.2744 {'ds': 0.141, 'seg': 0.187, 'cls': 0.349, 'special': 0.001, 'embed': 0.006}
[g4L_fold3] ep31 step81/249 loss=0.2362 {'ds': 0.121, 'seg': 0.157, 'cls': 0.305, 'special': 0.003, 'embed': 0.03}
[g4L_fold3] ep31 step101/249 loss=0.5452 {'ds': 0.185, 'seg': 0.414, 'cls': 0.447, 'special': 0.002, 'embed': 0.255}
[g4L_fold3] ep31 step121/249 loss=0.3262 {'ds': 0.184, 'seg': 0.239, 'cls': 0.338, 'special': 0.002, 'embed': 0.028}
[g4L_fold3] ep31 step141/249 loss=0.2473 {'ds': 0.122, 'seg': 0.164, 'cls': 0.326, 'special': 0.002, 'embed': 0.012}
[g4L_fold3] ep31 step161/249 loss=0.2396 {'ds': 0.114, 'seg': 0.148, 'cls': 0.361, 'special': 0.001, 'embed': 0.016}
[g4L_fold3] ep31 step181/249 loss=0.6891 {'ds': 0.34, 'seg': 0.48, 'cls': 0.765, 'special': 0.001, 'embed': 0.235}
[g4L_fold3] ep31 step201/249 loss=0.8678 {'ds': 0.55, 'seg': 0.705, 'cls': 0.644, 'special': 0.0, 'embed': 0.02}
[g4L_fold3] ep31 step221/249 loss=0.3183 {'ds': 0.159, 'seg': 0.218, 'cls': 0.398, 'special': 0.0, 'embed': 0.012}
[g4L_fold3] ep31 step241/249 loss=0.7360 {'ds': 0.313, 'seg': 0.668, 'cls': 0.266, 'special': 0.001, 'embed': 0.014}
[g4L_fold3] epoch 31 loss=0.3855 dice_core=0.8948 dice_peri=0.9348 thr=[0.5, 0.4] (205s)
[g4L_fold3] ep32 step21/249 loss=0.5429 {'ds': 0.313, 'seg': 0.435, 'cls': 0.403, 'special': 0.001, 'embed': 0.087}
[g4L_fold3] ep32 step41/249 loss=0.3176 {'ds': 0.105, 'seg': 0.137, 'cls': 0.421, 'special': 0.001, 'embed': 1.005}
[g4L_fold3] ep32 step61/249 loss=0.5527 {'ds': 0.194, 'seg': 0.438, 'cls': 0.399, 'special': 0.001, 'embed': 0.196}
[g4L_fold3] ep32 step81/249 loss=0.7340 {'ds': 0.418, 'seg': 0.59, 'cls': 0.57, 'special': 0.002, 'embed': 0.014}
[g4L_fold3] ep32 step101/249 loss=0.2898 {'ds': 0.075, 'seg': 0.097, 'cls': 0.415, 'special': 0.001, 'embed': 1.189}
[g4L_fold3] ep32 step121/249 loss=0.5565 {'ds': 0.291, 'seg': 0.477, 'cls': 0.318, 'special': 0.0, 'embed': 0.004}
[g4L_fold3] ep32 step141/249 loss=0.2106 {'ds': 0.072, 'seg': 0.091, 'cls': 0.465, 'special': 0.0, 'embed': 0.04}
[g4L_fold3] ep32 step161/249 loss=0.9560 {'ds': 0.411, 'seg': 0.729, 'cls': 0.907, 'special': 0.001, 'embed': 0.002}
[g4L_fold3] ep32 step181/249 loss=0.6001 {'ds': 0.273, 'seg': 0.506, 'cls': 0.366, 'special': 0.001, 'embed': 0.026}
[g4L_fold3] ep32 step201/249 loss=0.3043 {'ds': 0.151, 'seg': 0.218, 'cls': 0.318, 'special': 0.0, 'embed': 0.086}
[g4L_fold3] ep32 step221/249 loss=0.2449 {'ds': 0.119, 'seg': 0.169, 'cls': 0.302, 'special': 0.0, 'embed': 0.007}
[g4L_fold3] ep32 step241/249 loss=0.5292 {'ds': 0.329, 'seg': 0.46, 'cls': 0.276, 'special': 0.0, 'embed': 0.0}
[g4L_fold3] epoch 32 loss=0.3655 dice_core=0.8955 dice_peri=0.9348 thr=[0.5, 0.4] (202s)
[g4L_fold3] ep33 step21/249 loss=0.6272 {'ds': 0.35, 'seg': 0.422, 'cls': 0.814, 'special': 0.001, 'embed': 0.017}
[g4L_fold3] ep33 step41/249 loss=0.3520 {'ds': 0.205, 'seg': 0.282, 'cls': 0.275, 'special': 0.003, 'embed': 0.006}
[g4L_fold3] ep33 step61/249 loss=0.2120 {'ds': 0.072, 'seg': 0.119, 'cls': 0.371, 'special': 0.001, 'embed': 0.006}
[g4L_fold3] ep33 step81/249 loss=0.1804 {'ds': 0.065, 'seg': 0.089, 'cls': 0.361, 'special': 0.001, 'embed': 0.011}
[g4L_fold3] ep33 step101/249 loss=0.3196 {'ds': 0.168, 'seg': 0.231, 'cls': 0.351, 'special': 0.0, 'embed': 0.004}
[g4L_fold3] ep33 step121/249 loss=0.2481 {'ds': 0.11, 'seg': 0.145, 'cls': 0.398, 'special': 0.005, 'embed': 0.025}
[g4L_fold3] ep33 step141/249 loss=0.2947 {'ds': 0.134, 'seg': 0.165, 'cls': 0.497, 'special': 0.001, 'embed': 0.069}
[g4L_fold3] ep33 step161/249 loss=0.5659 {'ds': 0.226, 'seg': 0.383, 'cls': 0.714, 'special': 0.0, 'embed': 0.058}
[g4L_fold3] ep33 step181/249 loss=0.3560 {'ds': 0.177, 'seg': 0.255, 'cls': 0.403, 'special': 0.001, 'embed': 0.0}
[g4L_fold3] ep33 step201/249 loss=0.2789 {'ds': 0.155, 'seg': 0.208, 'cls': 0.279, 'special': 0.003, 'embed': 0.006}
[g4L_fold3] ep33 step221/249 loss=0.7003 {'ds': 0.493, 'seg': 0.488, 'cls': 0.814, 'special': 0.003, 'embed': 0.106}
[g4L_fold3] ep33 step241/249 loss=0.4573 {'ds': 0.264, 'seg': 0.352, 'cls': 0.416, 'special': 0.001, 'embed': 0.016}
[g4L_fold3] epoch 33 loss=0.4130 dice_core=0.8959 dice_peri=0.9349 thr=[0.45, 0.4] (210s)
[g4L_fold3] ep34 step21/249 loss=0.2190 {'ds': 0.112, 'seg': 0.149, 'cls': 0.276, 'special': 0.001, 'embed': 0.012}
[g4L_fold3] ep34 step41/249 loss=0.2113 {'ds': 0.128, 'seg': 0.143, 'cls': 0.271, 'special': 0.0, 'embed': 0.005}
[g4L_fold3] ep34 step61/249 loss=0.2680 {'ds': 0.156, 'seg': 0.183, 'cls': 0.339, 'special': 0.001, 'embed': 0.003}
[g4L_fold3] ep34 step81/249 loss=0.2391 {'ds': 0.12, 'seg': 0.151, 'cls': 0.343, 'special': 0.001, 'embed': 0.027}
[g4L_fold3] ep34 step101/249 loss=0.2184 {'ds': 0.09, 'seg': 0.134, 'cls': 0.334, 'special': 0.001, 'embed': 0.008}
[g4L_fold3] ep34 step121/249 loss=0.2106 {'ds': 0.096, 'seg': 0.134, 'cls': 0.306, 'special': 0.0, 'embed': 0.0}
[g4L_fold3] ep34 step141/249 loss=0.2235 {'ds': 0.107, 'seg': 0.148, 'cls': 0.298, 'special': 0.0, 'embed': 0.007}
[g4L_fold3] ep34 step161/249 loss=0.3469 {'ds': 0.196, 'seg': 0.239, 'cls': 0.398, 'special': 0.001, 'embed': 0.102}
[g4L_fold3] ep34 step181/249 loss=0.7262 {'ds': 0.329, 'seg': 0.558, 'cls': 0.662, 'special': 0.001, 'embed': 0.033}
[g4L_fold3] ep34 step201/249 loss=0.7637 {'ds': 0.323, 'seg': 0.695, 'cls': 0.273, 'special': 0.001, 'embed': 0.008}
[g4L_fold3] ep34 step221/249 loss=0.3427 {'ds': 0.172, 'seg': 0.221, 'cls': 0.479, 'special': 0.001, 'embed': 0.029}
[g4L_fold3] ep34 step241/249 loss=0.2579 {'ds': 0.108, 'seg': 0.152, 'cls': 0.423, 'special': 0.0, 'embed': 0.003}
[g4L_fold3] epoch 34 loss=0.3381 dice_core=0.8963 dice_peri=0.9350 thr=[0.5, 0.4] (193s)
[g4L_fold3] ep35 step21/249 loss=0.3000 {'ds': 0.144, 'seg': 0.204, 'cls': 0.372, 'special': 0.002, 'embed': 0.034}
[g4L_fold3] ep35 step41/249 loss=0.5512 {'ds': 0.345, 'seg': 0.464, 'cls': 0.337, 'special': 0.001, 'embed': 0.03}
[g4L_fold3] ep35 step61/249 loss=0.7631 {'ds': 0.335, 'seg': 0.436, 'cls': 1.308, 'special': 0.0, 'embed': 0.0}
[g4L_fold3] ep35 step81/249 loss=0.2782 {'ds': 0.133, 'seg': 0.173, 'cls': 0.416, 'special': 0.001, 'embed': 0.009}
[g4L_fold3] ep35 step101/249 loss=0.8393 {'ds': 0.403, 'seg': 0.747, 'cls': 0.346, 'special': 0.0, 'embed': 0.074}
[g4L_fold3] ep35 step121/249 loss=0.6403 {'ds': 0.295, 'seg': 0.523, 'cls': 0.334, 'special': 0.0, 'embed': 0.446}
[g4L_fold3] ep35 step141/249 loss=0.3944 {'ds': 0.264, 'seg': 0.309, 'cls': 0.337, 'special': 0.0, 'embed': 0.012}
[g4L_fold3] ep35 step161/249 loss=0.3562 {'ds': 0.212, 'seg': 0.23, 'cls': 0.483, 'special': 0.001, 'embed': 0.069}
[g4L_fold3] ep35 step181/249 loss=0.4850 {'ds': 0.109, 'seg': 0.155, 'cls': 0.359, 'special': 0.0, 'embed': 3.203}
[g4L_fold3] ep35 step201/249 loss=0.2883 {'ds': 0.131, 'seg': 0.166, 'cls': 0.241, 'special': 0.0, 'embed': 0.827}
[g4L_fold3] ep35 step221/249 loss=0.2683 {'ds': 0.146, 'seg': 0.199, 'cls': 0.263, 'special': 0.0, 'embed': 0.052}
[g4L_fold3] ep35 step241/249 loss=0.5384 {'ds': 0.303, 'seg': 0.427, 'cls': 0.423, 'special': 0.024, 'embed': 0.004}
[g4L_fold3] epoch 35 loss=0.3411 dice_core=0.8969 dice_peri=0.9350 thr=[0.5, 0.45] (186s)
[g4L_fold3] ep36 step21/249 loss=0.2189 {'ds': 0.08, 'seg': 0.111, 'cls': 0.43, 'special': 0.0, 'embed': 0.004}
[g4L_fold3] ep36 step41/249 loss=0.2121 {'ds': 0.12, 'seg': 0.142, 'cls': 0.257, 'special': 0.0, 'embed': 0.076}
[g4L_fold3] ep36 step61/249 loss=0.3878 {'ds': 0.202, 'seg': 0.264, 'cls': 0.485, 'special': 0.0, 'embed': 0.037}
[g4L_fold3] ep36 step81/249 loss=0.9415 {'ds': 0.363, 'seg': 0.753, 'cls': 0.752, 'special': 0.0, 'embed': 0.006}
[g4L_fold3] ep36 step101/249 loss=0.2984 {'ds': 0.154, 'seg': 0.214, 'cls': 0.323, 'special': 0.002, 'embed': 0.039}
[g4L_fold3] ep36 step121/249 loss=0.2085 {'ds': 0.091, 'seg': 0.13, 'cls': 0.314, 'special': 0.0, 'embed': 0.001}
[g4L_fold3] ep36 step141/249 loss=0.2545 {'ds': 0.11, 'seg': 0.146, 'cls': 0.433, 'special': 0.001, 'embed': 0.004}
[g4L_fold3] ep36 step161/249 loss=0.2839 {'ds': 0.121, 'seg': 0.154, 'cls': 0.517, 'special': 0.0, 'embed': 0.009}
[g4L_fold3] ep36 step181/249 loss=0.5569 {'ds': 0.338, 'seg': 0.464, 'cls': 0.37, 'special': 0.0, 'embed': 0.002}
[g4L_fold3] ep36 step201/249 loss=0.2414 {'ds': 0.105, 'seg': 0.14, 'cls': 0.404, 'special': 0.0, 'embed': 0.001}
[g4L_fold3] ep36 step221/249 loss=0.4384 {'ds': 0.211, 'seg': 0.326, 'cls': 0.45, 'special': 0.001, 'embed': 0.0}
[g4L_fold3] ep36 step241/249 loss=0.3692 {'ds': 0.191, 'seg': 0.268, 'cls': 0.398, 'special': 0.001, 'embed': 0.024}
[g4L_fold3] epoch 36 loss=0.3309 dice_core=0.8974 dice_peri=0.9353 thr=[0.5, 0.45] (181s)
[g4L_fold3] ep37 step21/249 loss=0.1844 {'ds': 0.068, 'seg': 0.092, 'cls': 0.366, 'special': 0.0, 'embed': 0.004}
[g4L_fold3] ep37 step41/249 loss=0.2078 {'ds': 0.073, 'seg': 0.107, 'cls': 0.393, 'special': 0.0, 'embed': 0.029}
[g4L_fold3] ep37 step61/249 loss=0.3759 {'ds': 0.201, 'seg': 0.291, 'cls': 0.34, 'special': 0.0, 'embed': 0.001}
[g4L_fold3] ep37 step81/249 loss=0.2090 {'ds': 0.097, 'seg': 0.126, 'cls': 0.329, 'special': 0.0, 'embed': 0.003}
[g4L_fold3] ep37 step101/249 loss=0.2262 {'ds': 0.086, 'seg': 0.127, 'cls': 0.397, 'special': 0.0, 'embed': 0.005}
[g4L_fold3] ep37 step121/249 loss=0.1767 {'ds': 0.083, 'seg': 0.105, 'cls': 0.284, 'special': 0.0, 'embed': 0.001}
[g4L_fold3] ep37 step141/249 loss=0.7808 {'ds': 0.327, 'seg': 0.688, 'cls': 0.37, 'special': 0.0, 'embed': 0.001}
[g4L_fold3] ep37 step161/249 loss=0.3638 {'ds': 0.2, 'seg': 0.266, 'cls': 0.392, 'special': 0.0, 'embed': 0.0}
[g4L_fold3] ep37 step181/249 loss=0.3276 {'ds': 0.163, 'seg': 0.224, 'cls': 0.407, 'special': 0.0, 'embed': 0.02}
[g4L_fold3] ep37 step201/249 loss=0.4422 {'ds': 0.219, 'seg': 0.29, 'cls': 0.606, 'special': 0.0, 'embed': 0.012}
[g4L_fold3] ep37 step221/249 loss=0.3180 {'ds': 0.193, 'seg': 0.237, 'cls': 0.313, 'special': 0.002, 'embed': 0.034}
[g4L_fold3] ep37 step241/249 loss=0.1934 {'ds': 0.087, 'seg': 0.115, 'cls': 0.311, 'special': 0.0, 'embed': 0.006}
[g4L_fold3] epoch 37 loss=0.3326 dice_core=0.8984 dice_peri=0.9355 thr=[0.5, 0.45] (186s)
[g4L_fold3] ep38 step21/249 loss=1.3161 {'ds': 0.501, 'seg': 1.202, 'cls': 0.456, 'special': 0.0, 'embed': 0.001}
[g4L_fold3] ep38 step41/249 loss=0.3276 {'ds': 0.16, 'seg': 0.222, 'cls': 0.422, 'special': 0.001, 'embed': 0.004}
[g4L_fold3] ep38 step61/249 loss=0.2290 {'ds': 0.118, 'seg': 0.163, 'cls': 0.264, 'special': 0.0, 'embed': 0.002}
[g4L_fold3] ep38 step81/249 loss=0.2404 {'ds': 0.103, 'seg': 0.137, 'cls': 0.414, 'special': 0.001, 'embed': 0.001}
[g4L_fold3] ep38 step101/249 loss=0.4316 {'ds': 0.275, 'seg': 0.351, 'cls': 0.32, 'special': 0.0, 'embed': 0.0}
[g4L_fold3] ep38 step121/249 loss=0.2574 {'ds': 0.164, 'seg': 0.169, 'cls': 0.35, 'special': 0.002, 'embed': 0.009}
[g4L_fold3] ep38 step141/249 loss=0.2220 {'ds': 0.129, 'seg': 0.16, 'cls': 0.244, 'special': 0.001, 'embed': 0.008}
[g4L_fold3] ep38 step161/249 loss=0.4255 {'ds': 0.275, 'seg': 0.336, 'cls': 0.352, 'special': 0.0, 'embed': 0.023}
[g4L_fold3] ep38 step181/249 loss=0.6873 {'ds': 0.289, 'seg': 0.461, 'cls': 0.904, 'special': 0.0, 'embed': 0.005}
[g4L_fold3] ep38 step201/249 loss=0.5206 {'ds': 0.325, 'seg': 0.441, 'cls': 0.312, 'special': 0.001, 'embed': 0.024}
[g4L_fold3] ep38 step221/249 loss=0.2854 {'ds': 0.127, 'seg': 0.199, 'cls': 0.342, 'special': 0.0, 'embed': 0.019}
[g4L_fold3] ep38 step241/249 loss=0.3095 {'ds': 0.184, 'seg': 0.223, 'cls': 0.344, 'special': 0.0, 'embed': 0.002}
[g4L_fold3] epoch 38 loss=0.3630 dice_core=0.8988 dice_peri=0.9356 thr=[0.5, 0.4] (188s)
[g4L_fold3] ep39 step21/249 loss=0.2709 {'ds': 0.153, 'seg': 0.217, 'cls': 0.216, 'special': 0.0, 'embed': 0.001}
[g4L_fold3] ep39 step41/249 loss=0.7656 {'ds': 0.31, 'seg': 0.669, 'cls': 0.387, 'special': 0.001, 'embed': 0.0}
[g4L_fold3] ep39 step61/249 loss=0.3612 {'ds': 0.234, 'seg': 0.309, 'cls': 0.195, 'special': 0.006, 'embed': 0.027}
[g4L_fold3] ep39 step81/249 loss=0.4512 {'ds': 0.187, 'seg': 0.261, 'cls': 0.758, 'special': 0.001, 'embed': 0.009}
[g4L_fold3] ep39 step101/249 loss=0.4570 {'ds': 0.224, 'seg': 0.334, 'cls': 0.486, 'special': 0.0, 'embed': 0.02}
[g4L_fold3] ep39 step121/249 loss=0.2935 {'ds': 0.126, 'seg': 0.177, 'cls': 0.453, 'special': 0.001, 'embed': 0.036}
[g4L_fold3] ep39 step141/249 loss=0.2222 {'ds': 0.117, 'seg': 0.125, 'cls': 0.386, 'special': 0.0, 'embed': 0.006}
[g4L_fold3] ep39 step161/249 loss=0.2627 {'ds': 0.124, 'seg': 0.16, 'cls': 0.406, 'special': 0.0, 'embed': 0.013}
[g4L_fold3] ep39 step181/249 loss=0.2559 {'ds': 0.135, 'seg': 0.19, 'cls': 0.26, 'special': 0.001, 'embed': 0.005}
[g4L_fold3] ep39 step201/249 loss=0.7478 {'ds': 0.283, 'seg': 0.647, 'cls': 0.4, 'special': 0.0, 'embed': 0.011}
[g4L_fold3] ep39 step221/249 loss=0.2638 {'ds': 0.162, 'seg': 0.191, 'cls': 0.288, 'special': 0.0, 'embed': 0.006}
[g4L_fold3] ep39 step241/249 loss=0.4617 {'ds': 0.208, 'seg': 0.279, 'cls': 0.73, 'special': 0.0, 'embed': 0.001}
[g4L_fold3] epoch 39 loss=0.3666 dice_core=0.8994 dice_peri=0.9356 thr=[0.45, 0.45] (200s)
[g4L_fold3] ep40 step21/249 loss=0.4717 {'ds': 0.242, 'seg': 0.336, 'cls': 0.539, 'special': 0.001, 'embed': 0.007}
[g4L_fold3] ep40 step41/249 loss=0.7493 {'ds': 0.492, 'seg': 0.675, 'cls': 0.289, 'special': 0.0, 'embed': 0.025}
[g4L_fold3] ep40 step61/249 loss=0.2461 {'ds': 0.129, 'seg': 0.168, 'cls': 0.311, 'special': 0.0, 'embed': 0.003}
[g4L_fold3] ep40 step81/249 loss=0.7600 {'ds': 0.292, 'seg': 0.656, 'cls': 0.41, 'special': 0.0, 'embed': 0.018}
[g4L_fold3] ep40 step101/249 loss=1.0115 {'ds': 0.651, 'seg': 0.911, 'cls': 0.398, 'special': 0.001, 'embed': 0.012}
[g4L_fold3] ep40 step121/249 loss=0.2553 {'ds': 0.108, 'seg': 0.14, 'cls': 0.46, 'special': 0.001, 'embed': 0.004}
[g4L_fold3] ep40 step141/249 loss=0.2258 {'ds': 0.094, 'seg': 0.123, 'cls': 0.408, 'special': 0.0, 'embed': 0.013}
[g4L_fold3] ep40 step161/249 loss=0.3503 {'ds': 0.198, 'seg': 0.258, 'cls': 0.368, 'special': 0.001, 'embed': 0.002}
[g4L_fold3] ep40 step181/249 loss=0.1778 {'ds': 0.069, 'seg': 0.088, 'cls': 0.358, 'special': 0.0, 'embed': 0.001}
[g4L_fold3] ep40 step201/249 loss=0.2752 {'ds': 0.142, 'seg': 0.187, 'cls': 0.353, 'special': 0.0, 'embed': 0.002}
[g4L_fold3] ep40 step221/249 loss=0.5729 {'ds': 0.397, 'seg': 0.504, 'cls': 0.273, 'special': 0.0, 'embed': 0.005}
[g4L_fold3] ep40 step241/249 loss=0.5456 {'ds': 0.325, 'seg': 0.448, 'cls': 0.39, 'special': 0.0, 'embed': 0.0}
[g4L_fold3] epoch 40 loss=0.3581 dice_core=0.8995 dice_peri=0.9356 thr=[0.5, 0.45] (199s)
[g4L_fold3] ep41 step21/249 loss=0.8500 {'ds': 0.471, 'seg': 0.696, 'cls': 0.615, 'special': 0.0, 'embed': 0.006}
[g4L_fold3] ep41 step41/249 loss=0.5327 {'ds': 0.331, 'seg': 0.442, 'cls': 0.351, 'special': 0.0, 'embed': 0.043}
[g4L_fold3] ep41 step61/249 loss=0.1535 {'ds': 0.076, 'seg': 0.1, 'cls': 0.213, 'special': 0.0, 'embed': 0.003}
[g4L_fold3] ep41 step81/249 loss=0.7052 {'ds': 0.47, 'seg': 0.615, 'cls': 0.357, 'special': 0.0, 'embed': 0.007}
[g4L_fold3] ep41 step101/249 loss=0.3982 {'ds': 0.215, 'seg': 0.28, 'cls': 0.371, 'special': 0.0, 'embed': 0.336}
[g4L_fold3] ep41 step121/249 loss=0.2660 {'ds': 0.127, 'seg': 0.156, 'cls': 0.437, 'special': 0.001, 'embed': 0.006}
[g4L_fold3] ep41 step141/249 loss=0.4719 {'ds': 0.242, 'seg': 0.347, 'cls': 0.492, 'special': 0.0, 'embed': 0.023}
[g4L_fold3] ep41 step161/249 loss=0.2030 {'ds': 0.131, 'seg': 0.152, 'cls': 0.204, 'special': 0.001, 'embed': 0.002}
[g4L_fold3] ep41 step181/249 loss=0.2711 {'ds': 0.131, 'seg': 0.185, 'cls': 0.346, 'special': 0.0, 'embed': 0.0}
[g4L_fold3] ep41 step201/249 loss=0.3032 {'ds': 0.162, 'seg': 0.22, 'cls': 0.318, 'special': 0.0, 'embed': 0.042}
[g4L_fold3] ep41 step221/249 loss=0.7064 {'ds': 0.326, 'seg': 0.571, 'cls': 0.388, 'special': 0.0, 'embed': 0.512}
[g4L_fold3] ep41 step241/249 loss=0.8122 {'ds': 0.207, 'seg': 0.249, 'cls': 0.476, 'special': 0.0, 'embed': 5.921}
[g4L_fold3] epoch 41 loss=0.3418 dice_core=0.8996 dice_peri=0.9358 thr=[0.45, 0.45] (212s)
[g4L_fold3] ep42 step21/249 loss=0.9236 {'ds': 0.248, 'seg': 0.474, 'cls': 0.704, 'special': 0.0, 'embed': 3.642}
[g4L_fold3] ep42 step41/249 loss=0.2104 {'ds': 0.079, 'seg': 0.118, 'cls': 0.367, 'special': 0.0, 'embed': 0.013}
[g4L_fold3] ep42 step61/249 loss=0.6754 {'ds': 0.393, 'seg': 0.514, 'cls': 0.306, 'special': 0.008, 'embed': 1.106}
[g4L_fold3] ep42 step81/249 loss=0.8013 {'ds': 0.313, 'seg': 0.692, 'cls': 0.407, 'special': 0.0, 'embed': 0.102}
[g4L_fold3] ep42 step101/249 loss=0.2431 {'ds': 0.105, 'seg': 0.136, 'cls': 0.426, 'special': 0.0, 'embed': 0.013}
[g4L_fold3] ep42 step121/249 loss=0.3875 {'ds': 0.196, 'seg': 0.273, 'cls': 0.456, 'special': 0.0, 'embed': 0.0}
[g4L_fold3] ep42 step141/249 loss=0.1914 {'ds': 0.093, 'seg': 0.12, 'cls': 0.279, 'special': 0.0, 'embed': 0.025}
[g4L_fold3] ep42 step161/249 loss=0.4632 {'ds': 0.231, 'seg': 0.389, 'cls': 0.276, 'special': 0.0, 'embed': 0.067}
[g4L_fold3] ep42 step181/249 loss=0.3118 {'ds': 0.176, 'seg': 0.223, 'cls': 0.348, 'special': 0.0, 'embed': 0.025}
[g4L_fold3] ep42 step201/249 loss=0.3496 {'ds': 0.205, 'seg': 0.251, 'cls': 0.395, 'special': 0.0, 'embed': 0.003}
[g4L_fold3] ep42 step221/249 loss=0.8276 {'ds': 0.361, 'seg': 0.752, 'cls': 0.29, 'special': 0.0, 'embed': 0.036}
[g4L_fold3] ep42 step241/249 loss=0.3160 {'ds': 0.166, 'seg': 0.22, 'cls': 0.384, 'special': 0.0, 'embed': 0.001}
[g4L_fold3] epoch 42 loss=0.3691 dice_core=0.9001 dice_peri=0.9360 thr=[0.45, 0.45] (199s)
[g4L_fold3] ep43 step21/249 loss=0.7359 {'ds': 0.305, 'seg': 0.657, 'cls': 0.305, 'special': 0.0, 'embed': 0.03}
[g4L_fold3] ep43 step41/249 loss=0.4634 {'ds': 0.287, 'seg': 0.388, 'cls': 0.298, 'special': 0.002, 'embed': 0.013}
[g4L_fold3] ep43 step61/249 loss=0.3364 {'ds': 0.21, 'seg': 0.28, 'cls': 0.225, 'special': 0.0, 'embed': 0.0}
[g4L_fold3] ep43 step81/249 loss=0.3803 {'ds': 0.29, 'seg': 0.289, 'cls': 0.36, 'special': 0.002, 'embed': 0.004}
[g4L_fold3] ep43 step101/249 loss=0.3424 {'ds': 0.214, 'seg': 0.272, 'cls': 0.272, 'special': 0.0, 'embed': 0.034}
[g4L_fold3] ep43 step121/249 loss=0.2100 {'ds': 0.115, 'seg': 0.151, 'cls': 0.233, 'special': 0.0, 'embed': 0.009}
[g4L_fold3] ep43 step141/249 loss=0.4448 {'ds': 0.169, 'seg': 0.392, 'cls': 0.212, 'special': 0.001, 'embed': 0.002}
[g4L_fold3] ep43 step161/249 loss=0.5684 {'ds': 0.256, 'seg': 0.467, 'cls': 0.4, 'special': 0.0, 'embed': 0.013}
[g4L_fold3] ep43 step181/249 loss=0.2532 {'ds': 0.131, 'seg': 0.177, 'cls': 0.306, 'special': 0.0, 'embed': 0.001}
[g4L_fold3] ep43 step201/249 loss=0.7451 {'ds': 0.301, 'seg': 0.668, 'cls': 0.307, 'special': 0.0, 'embed': 0.01}
[g4L_fold3] ep43 step221/249 loss=0.2311 {'ds': 0.087, 'seg': 0.1, 'cls': 0.521, 'special': 0.0, 'embed': 0.004}
[g4L_fold3] ep43 step241/249 loss=0.2834 {'ds': 0.177, 'seg': 0.214, 'cls': 0.275, 'special': 0.0, 'embed': 0.002}
[g4L_fold3] epoch 43 loss=0.3561 dice_core=0.9004 dice_peri=0.9360 thr=[0.5, 0.45] (208s)
[g4L_fold3] ep44 step21/249 loss=0.7655 {'ds': 0.418, 'seg': 0.688, 'cls': 0.307, 'special': 0.0, 'embed': 0.005}
[g4L_fold3] ep44 step41/249 loss=0.3376 {'ds': 0.174, 'seg': 0.251, 'cls': 0.334, 'special': 0.0, 'embed': 0.035}
[g4L_fold3] ep44 step61/249 loss=0.2146 {'ds': 0.12, 'seg': 0.154, 'cls': 0.231, 'special': 0.0, 'embed': 0.041}
[g4L_fold3] ep44 step81/249 loss=0.3449 {'ds': 0.229, 'seg': 0.291, 'cls': 0.215, 'special': 0.0, 'embed': 0.003}
[g4L_fold3] ep44 step101/249 loss=0.2419 {'ds': 0.116, 'seg': 0.159, 'cls': 0.323, 'special': 0.0, 'embed': 0.031}
[g4L_fold3] ep44 step121/249 loss=0.2528 {'ds': 0.131, 'seg': 0.165, 'cls': 0.351, 'special': 0.0, 'embed': 0.003}
[g4L_fold3] ep44 step141/249 loss=0.2640 {'ds': 0.155, 'seg': 0.201, 'cls': 0.238, 'special': 0.0, 'embed': 0.053}
[g4L_fold3] ep44 step161/249 loss=0.8346 {'ds': 0.359, 'seg': 0.651, 'cls': 0.725, 'special': 0.0, 'embed': 0.028}
[g4L_fold3] ep44 step181/249 loss=0.5976 {'ds': 0.355, 'seg': 0.509, 'cls': 0.352, 'special': 0.0, 'embed': 0.002}
[g4L_fold3] ep44 step201/249 loss=0.6035 {'ds': 0.307, 'seg': 0.464, 'cls': 0.557, 'special': 0.0, 'embed': 0.003}
[g4L_fold3] ep44 step221/249 loss=0.3351 {'ds': 0.188, 'seg': 0.254, 'cls': 0.323, 'special': 0.0, 'embed': 0.0}
[g4L_fold3] ep44 step241/249 loss=0.2736 {'ds': 0.158, 'seg': 0.214, 'cls': 0.234, 'special': 0.0, 'embed': 0.008}
[g4L_fold3] epoch 44 loss=0.3389 dice_core=0.9004 dice_peri=0.9363 thr=[0.5, 0.45] (189s)
[g4L_fold3] ep45 step21/249 loss=0.2054 {'ds': 0.077, 'seg': 0.106, 'cls': 0.394, 'special': 0.0, 'embed': 0.007}
[g4L_fold3] ep45 step41/249 loss=0.2888 {'ds': 0.144, 'seg': 0.194, 'cls': 0.375, 'special': 0.0, 'embed': 0.017}
[g4L_fold3] ep45 step61/249 loss=0.2383 {'ds': 0.142, 'seg': 0.186, 'cls': 0.207, 'special': 0.001, 'embed': 0.002}
[g4L_fold3] ep45 step81/249 loss=0.2412 {'ds': 0.137, 'seg': 0.177, 'cls': 0.254, 'special': 0.001, 'embed': 0.003}
[g4L_fold3] ep45 step101/249 loss=0.1717 {'ds': 0.057, 'seg': 0.079, 'cls': 0.369, 'special': 0.0, 'embed': 0.006}
[g4L_fold3] ep45 step121/249 loss=0.2565 {'ds': 0.203, 'seg': 0.202, 'cls': 0.218, 'special': 0.0, 'embed': 0.001}
[g4L_fold3] ep45 step141/249 loss=0.1742 {'ds': 0.096, 'seg': 0.113, 'cls': 0.245, 'special': 0.0, 'embed': 0.001}
[g4L_fold3] ep45 step161/249 loss=0.4177 {'ds': 0.198, 'seg': 0.305, 'cls': 0.451, 'special': 0.0, 'embed': 0.0}
[g4L_fold3] ep45 step181/249 loss=0.4333 {'ds': 0.251, 'seg': 0.349, 'cls': 0.335, 'special': 0.001, 'embed': 0.004}
[g4L_fold3] ep45 step201/249 loss=0.3400 {'ds': 0.189, 'seg': 0.249, 'cls': 0.363, 'special': 0.0, 'embed': 0.008}
[g4L_fold3] ep45 step221/249 loss=0.3519 {'ds': 0.202, 'seg': 0.279, 'cls': 0.288, 'special': 0.0, 'embed': 0.008}
[g4L_fold3] ep45 step241/249 loss=0.2018 {'ds': 0.087, 'seg': 0.113, 'cls': 0.355, 'special': 0.0, 'embed': 0.007}
[g4L_fold3] epoch 45 loss=0.3515 dice_core=0.9012 dice_peri=0.9364 thr=[0.5, 0.45] (200s)
[g4L_fold3] ep46 step21/249 loss=0.1923 {'ds': 0.059, 'seg': 0.091, 'cls': 0.403, 'special': 0.0, 'embed': 0.003}
[g4L_fold3] ep46 step41/249 loss=0.2023 {'ds': 0.089, 'seg': 0.123, 'cls': 0.314, 'special': 0.0, 'embed': 0.005}
[g4L_fold3] ep46 step61/249 loss=0.1477 {'ds': 0.064, 'seg': 0.083, 'cls': 0.259, 'special': 0.0, 'embed': 0.002}
[g4L_fold3] ep46 step81/249 loss=0.2373 {'ds': 0.13, 'seg': 0.145, 'cls': 0.37, 'special': 0.0, 'embed': 0.001}
[g4L_fold3] ep46 step101/249 loss=0.2651 {'ds': 0.131, 'seg': 0.178, 'cls': 0.35, 'special': 0.0, 'embed': 0.0}
[g4L_fold3] ep46 step121/249 loss=0.8301 {'ds': 0.365, 'seg': 0.733, 'cls': 0.387, 'special': 0.0, 'embed': 0.002}
[g4L_fold3] ep46 step141/249 loss=0.2685 {'ds': 0.154, 'seg': 0.192, 'cls': 0.302, 'special': 0.0, 'embed': 0.007}
[g4L_fold3] ep46 step161/249 loss=0.7466 {'ds': 0.289, 'seg': 0.654, 'cls': 0.364, 'special': 0.002, 'embed': 0.009}
[g4L_fold3] ep46 step181/249 loss=0.3179 {'ds': 0.168, 'seg': 0.233, 'cls': 0.338, 'special': 0.0, 'embed': 0.005}
[g4L_fold3] ep46 step201/249 loss=0.2601 {'ds': 0.181, 'seg': 0.203, 'cls': 0.228, 'special': 0.0, 'embed': 0.003}
[g4L_fold3] ep46 step221/249 loss=0.8598 {'ds': 0.339, 'seg': 0.773, 'cls': 0.339, 'special': 0.003, 'embed': 0.024}
[g4L_fold3] ep46 step241/249 loss=0.2899 {'ds': 0.186, 'seg': 0.198, 'cls': 0.367, 'special': 0.0, 'embed': 0.004}
[g4L_fold3] epoch 46 loss=0.3304 dice_core=0.9019 dice_peri=0.9364 thr=[0.55, 0.45] (195s)
[g4L_fold3] ep47 step21/249 loss=0.2327 {'ds': 0.125, 'seg': 0.15, 'cls': 0.33, 'special': 0.0, 'embed': 0.001}
[g4L_fold3] ep47 step41/249 loss=0.2333 {'ds': 0.131, 'seg': 0.166, 'cls': 0.268, 'special': 0.0, 'embed': 0.0}
[g4L_fold3] ep47 step61/249 loss=0.2209 {'ds': 0.125, 'seg': 0.167, 'cls': 0.215, 'special': 0.001, 'embed': 0.003}
[g4L_fold3] ep47 step81/249 loss=0.1780 {'ds': 0.113, 'seg': 0.137, 'cls': 0.161, 'special': 0.0, 'embed': 0.007}
[g4L_fold3] ep47 step101/249 loss=0.4128 {'ds': 0.274, 'seg': 0.334, 'cls': 0.309, 'special': 0.002, 'embed': 0.008}
[g4L_fold3] ep47 step121/249 loss=0.5837 {'ds': 0.344, 'seg': 0.485, 'cls': 0.393, 'special': 0.0, 'embed': 0.005}
[g4L_fold3] ep47 step141/249 loss=0.9112 {'ds': 0.622, 'seg': 0.802, 'cls': 0.433, 'special': 0.0, 'embed': 0.005}
[g4L_fold3] ep47 step161/249 loss=0.6165 {'ds': 0.388, 'seg': 0.519, 'cls': 0.387, 'special': 0.0, 'embed': 0.01}
[g4L_fold3] ep47 step181/249 loss=0.7087 {'ds': 0.292, 'seg': 0.661, 'cls': 0.184, 'special': 0.0, 'embed': 0.02}
[g4L_fold3] ep47 step201/249 loss=0.8097 {'ds': 0.345, 'seg': 0.719, 'cls': 0.36, 'special': 0.001, 'embed': 0.003}
[g4L_fold3] ep47 step221/249 loss=0.5448 {'ds': 0.358, 'seg': 0.455, 'cls': 0.358, 'special': 0.0, 'embed': 0.005}
[g4L_fold3] ep47 step241/249 loss=0.1949 {'ds': 0.068, 'seg': 0.087, 'cls': 0.432, 'special': 0.0, 'embed': 0.002}
[g4L_fold3] epoch 47 loss=0.3570 dice_core=0.9024 dice_peri=0.9365 thr=[0.55, 0.45] (195s)
[g4L_fold3] ep48 step21/249 loss=0.1773 {'ds': 0.088, 'seg': 0.114, 'cls': 0.253, 'special': 0.0, 'embed': 0.005}
[g4L_fold3] ep48 step41/249 loss=0.2006 {'ds': 0.096, 'seg': 0.12, 'cls': 0.32, 'special': 0.0, 'embed': 0.008}
[g4L_fold3] ep48 step61/249 loss=0.3069 {'ds': 0.103, 'seg': 0.143, 'cls': 0.655, 'special': 0.0, 'embed': 0.003}
[g4L_fold3] ep48 step81/249 loss=0.7331 {'ds': 0.419, 'seg': 0.563, 'cls': 0.677, 'special': 0.0, 'embed': 0.003}
[g4L_fold3] ep48 step101/249 loss=0.8081 {'ds': 0.397, 'seg': 0.715, 'cls': 0.366, 'special': 0.0, 'embed': 0.018}
[g4L_fold3] ep48 step121/249 loss=0.2040 {'ds': 0.111, 'seg': 0.148, 'cls': 0.223, 'special': 0.001, 'embed': 0.002}
[g4L_fold3] ep48 step141/249 loss=0.3377 {'ds': 0.2, 'seg': 0.271, 'cls': 0.266, 'special': 0.0, 'embed': 0.002}
[g4L_fold3] ep48 step161/249 loss=0.3493 {'ds': 0.154, 'seg': 0.213, 'cls': 0.544, 'special': 0.002, 'embed': 0.004}
[g4L_fold3] ep48 step181/249 loss=0.2386 {'ds': 0.144, 'seg': 0.179, 'cls': 0.237, 'special': 0.0, 'embed': 0.002}
[g4L_fold3] ep48 step201/249 loss=0.3475 {'ds': 0.146, 'seg': 0.213, 'cls': 0.537, 'special': 0.0, 'embed': 0.003}
[g4L_fold3] ep48 step221/249 loss=0.7739 {'ds': 0.31, 'seg': 0.673, 'cls': 0.404, 'special': 0.0, 'embed': 0.002}
[g4L_fold3] ep48 step241/249 loss=0.7240 {'ds': 0.306, 'seg': 0.675, 'cls': 0.197, 'special': 0.0, 'embed': 0.0}
[g4L_fold3] epoch 48 loss=0.3469 dice_core=0.9025 dice_peri=0.9366 thr=[0.55, 0.45] (211s)
[g4L_fold3] ep49 step21/249 loss=0.2134 {'ds': 0.143, 'seg': 0.161, 'cls': 0.209, 'special': 0.0, 'embed': 0.004}
[g4L_fold3] ep49 step41/249 loss=0.2786 {'ds': 0.151, 'seg': 0.199, 'cls': 0.316, 'special': 0.0, 'embed': 0.002}
[g4L_fold3] ep49 step61/249 loss=0.2158 {'ds': 0.073, 'seg': 0.091, 'cls': 0.499, 'special': 0.0, 'embed': 0.003}
[g4L_fold3] ep49 step81/249 loss=0.2400 {'ds': 0.116, 'seg': 0.151, 'cls': 0.355, 'special': 0.0, 'embed': 0.002}
[g4L_fold3] ep49 step101/249 loss=0.2363 {'ds': 0.101, 'seg': 0.14, 'cls': 0.383, 'special': 0.001, 'embed': 0.006}
[g4L_fold3] ep49 step121/249 loss=0.3712 {'ds': 0.219, 'seg': 0.264, 'cls': 0.429, 'special': 0.0, 'embed': 0.001}
[g4L_fold3] ep49 step141/249 loss=0.2969 {'ds': 0.18, 'seg': 0.223, 'cls': 0.293, 'special': 0.0, 'embed': 0.004}
[g4L_fold3] ep49 step161/249 loss=0.2717 {'ds': 0.111, 'seg': 0.158, 'cls': 0.454, 'special': 0.0, 'embed': 0.005}
[g4L_fold3] ep49 step181/249 loss=0.2490 {'ds': 0.126, 'seg': 0.177, 'cls': 0.289, 'special': 0.0, 'embed': 0.0}
[g4L_fold3] ep49 step201/249 loss=0.7018 {'ds': 0.29, 'seg': 0.648, 'cls': 0.215, 'special': 0.0, 'embed': 0.002}
[g4L_fold3] ep49 step221/249 loss=0.2448 {'ds': 0.116, 'seg': 0.17, 'cls': 0.297, 'special': 0.0, 'embed': 0.01}
[g4L_fold3] ep49 step241/249 loss=0.2534 {'ds': 0.145, 'seg': 0.167, 'cls': 0.345, 'special': 0.0, 'embed': 0.004}
[g4L_fold3] epoch 49 loss=0.3186 dice_core=0.9027 dice_peri=0.9367 thr=[0.5, 0.45] (193s)
[g4L_fold3] ep50 step21/249 loss=0.5762 {'ds': 0.316, 'seg': 0.441, 'cls': 0.539, 'special': 0.0, 'embed': 0.002}
[g4L_fold3] ep50 step41/249 loss=0.4185 {'ds': 0.254, 'seg': 0.331, 'cls': 0.347, 'special': 0.001, 'embed': 0.006}
[g4L_fold3] ep50 step61/249 loss=0.2493 {'ds': 0.123, 'seg': 0.148, 'cls': 0.406, 'special': 0.0, 'embed': 0.001}
[g4L_fold3] ep50 step81/249 loss=0.2316 {'ds': 0.12, 'seg': 0.16, 'cls': 0.285, 'special': 0.0, 'embed': 0.003}
[g4L_fold3] ep50 step101/249 loss=0.1537 {'ds': 0.067, 'seg': 0.086, 'cls': 0.269, 'special': 0.0, 'embed': 0.002}
[g4L_fold3] ep50 step121/249 loss=0.2244 {'ds': 0.093, 'seg': 0.127, 'cls': 0.389, 'special': 0.0, 'embed': 0.0}
[g4L_fold3] ep50 step141/249 loss=0.1384 {'ds': 0.067, 'seg': 0.091, 'cls': 0.188, 'special': 0.0, 'embed': 0.002}
[g4L_fold3] ep50 step161/249 loss=0.2015 {'ds': 0.109, 'seg': 0.133, 'cls': 0.271, 'special': 0.0, 'embed': 0.008}
[g4L_fold3] ep50 step181/249 loss=1.2340 {'ds': 0.807, 'seg': 1.126, 'cls': 0.431, 'special': 0.0, 'embed': 0.003}
[g4L_fold3] ep50 step201/249 loss=0.3369 {'ds': 0.201, 'seg': 0.224, 'cls': 0.45, 'special': 0.0, 'embed': 0.005}
[g4L_fold3] ep50 step221/249 loss=0.1762 {'ds': 0.084, 'seg': 0.115, 'cls': 0.245, 'special': 0.0, 'embed': 0.004}
[g4L_fold3] ep50 step241/249 loss=0.3733 {'ds': 0.164, 'seg': 0.295, 'cls': 0.313, 'special': 0.0, 'embed': 0.004}
[g4L_fold3] epoch 50 loss=0.3324 dice_core=0.9028 dice_peri=0.9367 thr=[0.5, 0.45] (189s)
[g4L_fold3] ep51 step21/249 loss=0.9356 {'ds': 0.416, 'seg': 0.819, 'cls': 0.466, 'special': 0.0, 'embed': 0.003}
[g4L_fold3] ep51 step41/249 loss=0.2167 {'ds': 0.07, 'seg': 0.087, 'cls': 0.517, 'special': 0.0, 'embed': 0.004}
[g4L_fold3] ep51 step61/249 loss=0.5462 {'ds': 0.336, 'seg': 0.444, 'cls': 0.409, 'special': 0.0, 'embed': 0.0}
[g4L_fold3] ep51 step81/249 loss=0.5105 {'ds': 0.314, 'seg': 0.437, 'cls': 0.294, 'special': 0.0, 'embed': 0.002}
[g4L_fold3] ep51 step101/249 loss=0.1735 {'ds': 0.064, 'seg': 0.087, 'cls': 0.345, 'special': 0.0, 'embed': 0.008}
[g4L_fold3] ep51 step121/249 loss=0.2876 {'ds': 0.176, 'seg': 0.24, 'cls': 0.188, 'special': 0.0, 'embed': 0.003}
[g4L_fold3] ep51 step141/249 loss=0.1714 {'ds': 0.079, 'seg': 0.108, 'cls': 0.251, 'special': 0.0, 'embed': 0.002}
[g4L_fold3] ep51 step161/249 loss=1.3105 {'ds': 0.501, 'seg': 1.202, 'cls': 0.43, 'special': 0.0, 'embed': 0.011}
[g4L_fold3] ep51 step181/249 loss=0.2921 {'ds': 0.121, 'seg': 0.163, 'cls': 0.516, 'special': 0.0, 'embed': 0.003}
[g4L_fold3] ep51 step201/249 loss=0.6851 {'ds': 0.277, 'seg': 0.635, 'cls': 0.197, 'special': 0.0, 'embed': 0.007}
[g4L_fold3] ep51 step221/249 loss=0.3614 {'ds': 0.21, 'seg': 0.284, 'cls': 0.309, 'special': 0.0, 'embed': 0.005}
[g4L_fold3] ep51 step241/249 loss=0.6963 {'ds': 0.284, 'seg': 0.635, 'cls': 0.244, 'special': 0.0, 'embed': 0.009}
[g4L_fold3] epoch 51 loss=0.3362 dice_core=0.9032 dice_peri=0.9366 thr=[0.55, 0.45] (207s)
[g4L_fold3] ep52 step21/249 loss=0.4539 {'ds': 0.282, 'seg': 0.354, 'cls': 0.4, 'special': 0.0, 'embed': 0.002}
[g4L_fold3] ep52 step41/249 loss=0.2408 {'ds': 0.124, 'seg': 0.151, 'cls': 0.355, 'special': 0.0, 'embed': 0.017}
[g4L_fold3] ep52 step61/249 loss=0.5224 {'ds': 0.218, 'seg': 0.465, 'cls': 0.228, 'special': 0.0, 'embed': 0.003}
[g4L_fold3] ep52 step81/249 loss=0.7693 {'ds': 0.338, 'seg': 0.724, 'cls': 0.179, 'special': 0.0, 'embed': 0.004}
[g4L_fold3] ep52 step101/249 loss=0.2177 {'ds': 0.085, 'seg': 0.117, 'cls': 0.4, 'special': 0.0, 'embed': 0.006}
[g4L_fold3] ep52 step121/249 loss=0.8140 {'ds': 0.321, 'seg': 0.698, 'cls': 0.461, 'special': 0.001, 'embed': 0.003}
[g4L_fold3] ep52 step141/249 loss=0.1600 {'ds': 0.065, 'seg': 0.096, 'cls': 0.255, 'special': 0.0, 'embed': 0.004}
[g4L_fold3] ep52 step161/249 loss=0.1995 {'ds': 0.098, 'seg': 0.128, 'cls': 0.284, 'special': 0.0, 'embed': 0.002}
[g4L_fold3] ep52 step181/249 loss=0.1854 {'ds': 0.092, 'seg': 0.121, 'cls': 0.256, 'special': 0.0, 'embed': 0.002}
[g4L_fold3] ep52 step201/249 loss=0.1822 {'ds': 0.081, 'seg': 0.122, 'cls': 0.241, 'special': 0.0, 'embed': 0.001}
[g4L_fold3] ep52 step221/249 loss=0.2680 {'ds': 0.114, 'seg': 0.161, 'cls': 0.427, 'special': 0.0, 'embed': 0.0}
[g4L_fold3] ep52 step241/249 loss=0.3901 {'ds': 0.212, 'seg': 0.281, 'cls': 0.433, 'special': 0.0, 'embed': 0.007}
[g4L_fold3] epoch 52 loss=0.3554 dice_core=0.9038 dice_peri=0.9366 thr=[0.55, 0.45] (193s)
[g4L_fold3] ep53 step21/249 loss=0.2808 {'ds': 0.122, 'seg': 0.174, 'cls': 0.427, 'special': 0.0, 'embed': 0.003}
[g4L_fold3] ep53 step41/249 loss=0.2857 {'ds': 0.152, 'seg': 0.216, 'cls': 0.276, 'special': 0.0, 'embed': 0.011}
[g4L_fold3] ep53 step61/249 loss=0.5444 {'ds': 0.224, 'seg': 0.463, 'cls': 0.324, 'special': 0.0, 'embed': 0.004}
[g4L_fold3] ep53 step81/249 loss=0.2586 {'ds': 0.116, 'seg': 0.159, 'cls': 0.396, 'special': 0.0, 'embed': 0.005}
[g4L_fold3] ep53 step101/249 loss=0.3546 {'ds': 0.23, 'seg': 0.268, 'cls': 0.345, 'special': 0.0, 'embed': 0.004}
[g4L_fold3] ep53 step121/249 loss=0.3814 {'ds': 0.208, 'seg': 0.278, 'cls': 0.413, 'special': 0.0, 'embed': 0.001}
[g4L_fold3] ep53 step141/249 loss=0.6710 {'ds': 0.412, 'seg': 0.581, 'cls': 0.362, 'special': 0.0, 'embed': 0.001}
[g4L_fold3] ep53 step161/249 loss=0.7303 {'ds': 0.272, 'seg': 0.639, 'cls': 0.367, 'special': 0.0, 'embed': 0.0}
[g4L_fold3] ep53 step181/249 loss=0.1835 {'ds': 0.087, 'seg': 0.113, 'cls': 0.281, 'special': 0.0, 'embed': 0.002}
[g4L_fold3] ep53 step201/249 loss=0.1973 {'ds': 0.103, 'seg': 0.131, 'cls': 0.263, 'special': 0.0, 'embed': 0.004}
[g4L_fold3] ep53 step221/249 loss=0.1426 {'ds': 0.052, 'seg': 0.073, 'cls': 0.276, 'special': 0.0, 'embed': 0.005}
[g4L_fold3] ep53 step241/249 loss=0.1212 {'ds': 0.05, 'seg': 0.065, 'cls': 0.221, 'special': 0.0, 'embed': 0.004}
[g4L_fold3] epoch 53 loss=0.3315 dice_core=0.9041 dice_peri=0.9368 thr=[0.55, 0.45] (200s)
[g4L_fold3] ep54 step21/249 loss=0.3422 {'ds': 0.176, 'seg': 0.269, 'cls': 0.293, 'special': 0.0, 'embed': 0.004}
[g4L_fold3] ep54 step41/249 loss=0.2177 {'ds': 0.107, 'seg': 0.128, 'cls': 0.356, 'special': 0.002, 'embed': 0.006}
[g4L_fold3] ep54 step61/249 loss=0.1751 {'ds': 0.078, 'seg': 0.107, 'cls': 0.272, 'special': 0.0, 'embed': 0.001}
[g4L_fold3] ep54 step81/249 loss=0.5335 {'ds': 0.173, 'seg': 0.46, 'cls': 0.295, 'special': 0.0, 'embed': 0.001}
[g4L_fold3] ep54 step101/249 loss=0.5496 {'ds': 0.395, 'seg': 0.472, 'cls': 0.312, 'special': 0.0, 'embed': 0.0}
[g4L_fold3] ep54 step121/249 loss=0.2181 {'ds': 0.113, 'seg': 0.146, 'cls': 0.287, 'special': 0.0, 'embed': 0.002}
[g4L_fold3] ep54 step141/249 loss=0.5275 {'ds': 0.154, 'seg': 0.381, 'cls': 0.584, 'special': 0.0, 'embed': 0.005}
[g4L_fold3] ep54 step161/249 loss=0.4853 {'ds': 0.167, 'seg': 0.409, 'cls': 0.305, 'special': 0.0, 'embed': 0.005}
[g4L_fold3] ep54 step181/249 loss=0.3172 {'ds': 0.183, 'seg': 0.237, 'cls': 0.32, 'special': 0.0, 'embed': 0.002}
[g4L_fold3] ep54 step201/249 loss=0.3508 {'ds': 0.183, 'seg': 0.24, 'cls': 0.442, 'special': 0.0, 'embed': 0.003}
[g4L_fold3] ep54 step221/249 loss=0.2061 {'ds': 0.104, 'seg': 0.139, 'cls': 0.268, 'special': 0.0, 'embed': 0.005}
[g4L_fold3] ep54 step241/249 loss=0.2168 {'ds': 0.1, 'seg': 0.117, 'cls': 0.397, 'special': 0.0, 'embed': 0.003}
[g4L_fold3] epoch 54 loss=0.3157 dice_core=0.9044 dice_peri=0.9369 thr=[0.55, 0.45] (201s)
[g4L_fold3] ep55 step21/249 loss=0.3454 {'ds': 0.198, 'seg': 0.258, 'cls': 0.347, 'special': 0.0, 'embed': 0.002}
[g4L_fold3] ep55 step41/249 loss=0.1908 {'ds': 0.078, 'seg': 0.097, 'cls': 0.373, 'special': 0.0, 'embed': 0.0}
[g4L_fold3] ep55 step61/249 loss=0.3334 {'ds': 0.203, 'seg': 0.279, 'cls': 0.213, 'special': 0.0, 'embed': 0.01}
[g4L_fold3] ep55 step81/249 loss=0.2084 {'ds': 0.095, 'seg': 0.133, 'cls': 0.298, 'special': 0.001, 'embed': 0.008}
[g4L_fold3] ep55 step101/249 loss=0.2974 {'ds': 0.151, 'seg': 0.199, 'cls': 0.389, 'special': 0.003, 'embed': 0.005}
[g4L_fold3] ep55 step121/249 loss=0.7471 {'ds': 0.3, 'seg': 0.663, 'cls': 0.335, 'special': 0.0, 'embed': 0.002}
[g4L_fold3] ep55 step141/249 loss=0.2848 {'ds': 0.158, 'seg': 0.218, 'cls': 0.267, 'special': 0.0, 'embed': 0.003}
[g4L_fold3] ep55 step161/249 loss=0.2468 {'ds': 0.14, 'seg': 0.188, 'cls': 0.235, 'special': 0.0, 'embed': 0.003}
[g4L_fold3] ep55 step181/249 loss=0.7303 {'ds': 0.269, 'seg': 0.627, 'cls': 0.414, 'special': 0.0, 'embed': 0.002}
[g4L_fold3] ep55 step201/249 loss=0.3085 {'ds': 0.161, 'seg': 0.226, 'cls': 0.33, 'special': 0.001, 'embed': 0.002}
[g4L_fold3] ep55 step221/249 loss=0.9534 {'ds': 0.457, 'seg': 0.763, 'cls': 0.761, 'special': 0.0, 'embed': 0.001}
[g4L_fold3] ep55 step241/249 loss=0.1730 {'ds': 0.08, 'seg': 0.113, 'cls': 0.24, 'special': 0.0, 'embed': 0.001}
[g4L_fold3] epoch 55 loss=0.3257 dice_core=0.9049 dice_peri=0.9371 thr=[0.55, 0.45] (202s)
[g4L_fold3] ep56 step21/249 loss=0.5368 {'ds': 0.346, 'seg': 0.459, 'cls': 0.309, 'special': 0.001, 'embed': 0.004}
[g4L_fold3] ep56 step41/249 loss=0.3978 {'ds': 0.247, 'seg': 0.332, 'cls': 0.263, 'special': 0.0, 'embed': 0.007}
[g4L_fold3] ep56 step61/249 loss=0.2243 {'ds': 0.095, 'seg': 0.125, 'cls': 0.398, 'special': 0.0, 'embed': 0.002}
[g4L_fold3] ep56 step81/249 loss=0.1291 {'ds': 0.073, 'seg': 0.087, 'cls': 0.166, 'special': 0.0, 'embed': 0.002}
[g4L_fold3] ep56 step101/249 loss=0.4224 {'ds': 0.224, 'seg': 0.335, 'cls': 0.349, 'special': 0.0, 'embed': 0.007}
[g4L_fold3] ep56 step121/249 loss=0.4406 {'ds': 0.31, 'seg': 0.397, 'cls': 0.172, 'special': 0.0, 'embed': 0.003}
[g4L_fold3] ep56 step141/249 loss=0.7936 {'ds': 0.315, 'seg': 0.68, 'cls': 0.455, 'special': 0.0, 'embed': 0.002}
[g4L_fold3] ep56 step161/249 loss=1.1604 {'ds': 0.413, 'seg': 0.986, 'cls': 0.696, 'special': 0.0, 'embed': 0.003}
[g4L_fold3] ep56 step181/249 loss=0.1698 {'ds': 0.068, 'seg': 0.099, 'cls': 0.282, 'special': 0.0, 'embed': 0.001}
[g4L_fold3] ep56 step201/249 loss=0.2434 {'ds': 0.129, 'seg': 0.171, 'cls': 0.289, 'special': 0.0, 'embed': 0.001}
[g4L_fold3] ep56 step221/249 loss=0.7360 {'ds': 0.294, 'seg': 0.655, 'cls': 0.325, 'special': 0.0, 'embed': 0.001}
[g4L_fold3] ep56 step241/249 loss=0.2345 {'ds': 0.086, 'seg': 0.119, 'cls': 0.461, 'special': 0.0, 'embed': 0.0}
[g4L_fold3] epoch 56 loss=0.3128 dice_core=0.9053 dice_peri=0.9373 thr=[0.55, 0.45] (205s)
[g4L_fold3] ep57 step21/249 loss=0.2388 {'ds': 0.134, 'seg': 0.161, 'cls': 0.31, 'special': 0.0, 'embed': 0.001}
[g4L_fold3] ep57 step41/249 loss=0.7318 {'ds': 0.304, 'seg': 0.678, 'cls': 0.212, 'special': 0.0, 'embed': 0.01}
[g4L_fold3] ep57 step61/249 loss=0.5676 {'ds': 0.278, 'seg': 0.464, 'cls': 0.413, 'special': 0.0, 'embed': 0.001}
[g4L_fold3] ep57 step81/249 loss=0.5337 {'ds': 0.326, 'seg': 0.449, 'cls': 0.337, 'special': 0.0, 'embed': 0.002}
[g4L_fold3] ep57 step101/249 loss=0.1862 {'ds': 0.077, 'seg': 0.102, 'cls': 0.335, 'special': 0.0, 'embed': 0.002}
[g4L_fold3] ep57 step121/249 loss=0.9556 {'ds': 0.608, 'seg': 0.85, 'cls': 0.423, 'special': 0.0, 'embed': 0.001}
[g4L_fold3] ep57 step141/249 loss=0.8383 {'ds': 0.411, 'seg': 0.729, 'cls': 0.435, 'special': 0.0, 'embed': 0.004}
[g4L_fold3] ep57 step161/249 loss=0.7329 {'ds': 0.346, 'seg': 0.633, 'cls': 0.4, 'special': 0.0, 'embed': 0.001}
[g4L_fold3] ep57 step181/249 loss=0.2725 {'ds': 0.215, 'seg': 0.187, 'cls': 0.341, 'special': 0.001, 'embed': 0.0}
[g4L_fold3] ep57 step201/249 loss=0.6295 {'ds': 0.251, 'seg': 0.553, 'cls': 0.305, 'special': 0.0, 'embed': 0.001}
[g4L_fold3] ep57 step221/249 loss=0.1760 {'ds': 0.081, 'seg': 0.094, 'cls': 0.325, 'special': 0.0, 'embed': 0.007}
[g4L_fold3] ep57 step241/249 loss=0.2091 {'ds': 0.09, 'seg': 0.103, 'cls': 0.422, 'special': 0.0, 'embed': 0.003}
[g4L_fold3] epoch 57 loss=0.3224 dice_core=0.9056 dice_peri=0.9375 thr=[0.55, 0.45] (195s)
[g4L_fold3] ep58 step21/249 loss=0.1677 {'ds': 0.071, 'seg': 0.096, 'cls': 0.285, 'special': 0.0, 'embed': 0.003}
[g4L_fold3] ep58 step41/249 loss=0.1664 {'ds': 0.062, 'seg': 0.08, 'cls': 0.343, 'special': 0.0, 'embed': 0.004}
[g4L_fold3] ep58 step61/249 loss=0.2065 {'ds': 0.11, 'seg': 0.143, 'cls': 0.252, 'special': 0.001, 'embed': 0.001}
[g4L_fold3] ep58 step81/249 loss=0.7588 {'ds': 0.46, 'seg': 0.64, 'cls': 0.475, 'special': 0.0, 'embed': 0.003}
[g4L_fold3] ep58 step101/249 loss=0.6982 {'ds': 0.287, 'seg': 0.646, 'cls': 0.209, 'special': 0.0, 'embed': 0.002}
[g4L_fold3] ep58 step121/249 loss=0.4102 {'ds': 0.213, 'seg': 0.294, 'cls': 0.462, 'special': 0.002, 'embed': 0.0}
[g4L_fold3] ep58 step141/249 loss=0.3340 {'ds': 0.171, 'seg': 0.225, 'cls': 0.435, 'special': 0.0, 'embed': 0.001}
[g4L_fold3] ep58 step161/249 loss=0.2221 {'ds': 0.123, 'seg': 0.168, 'cls': 0.205, 'special': 0.0, 'embed': 0.041}
[g4L_fold3] ep58 step181/249 loss=0.3236 {'ds': 0.192, 'seg': 0.218, 'cls': 0.423, 'special': 0.0, 'embed': 0.003}
[g4L_fold3] ep58 step201/249 loss=0.2388 {'ds': 0.097, 'seg': 0.115, 'cls': 0.495, 'special': 0.0, 'embed': 0.001}
[g4L_fold3] ep58 step221/249 loss=0.2051 {'ds': 0.11, 'seg': 0.137, 'cls': 0.272, 'special': 0.0, 'embed': 0.001}
[g4L_fold3] ep58 step241/249 loss=0.3051 {'ds': 0.167, 'seg': 0.221, 'cls': 0.335, 'special': 0.0, 'embed': 0.003}
[g4L_fold3] epoch 58 loss=0.3176 dice_core=0.9058 dice_peri=0.9376 thr=[0.55, 0.45] (205s)
[g4L_fold3] ep59 step21/249 loss=0.2280 {'ds': 0.086, 'seg': 0.126, 'cls': 0.406, 'special': 0.0, 'embed': 0.01}
[g4L_fold3] ep59 step41/249 loss=0.1767 {'ds': 0.059, 'seg': 0.071, 'cls': 0.42, 'special': 0.0, 'embed': 0.001}
[g4L_fold3] ep59 step61/249 loss=0.5014 {'ds': 0.161, 'seg': 0.387, 'cls': 0.457, 'special': 0.0, 'embed': 0.0}
[g4L_fold3] ep59 step81/249 loss=0.1652 {'ds': 0.082, 'seg': 0.104, 'cls': 0.244, 'special': 0.0, 'embed': 0.001}
[g4L_fold3] ep59 step101/249 loss=0.1684 {'ds': 0.062, 'seg': 0.089, 'cls': 0.314, 'special': 0.0, 'embed': 0.006}
[g4L_fold3] ep59 step121/249 loss=0.3204 {'ds': 0.175, 'seg': 0.247, 'cls': 0.292, 'special': 0.0, 'embed': 0.005}
[g4L_fold3] ep59 step141/249 loss=0.2649 {'ds': 0.159, 'seg': 0.212, 'cls': 0.21, 'special': 0.0, 'embed': 0.003}
[g4L_fold3] ep59 step161/249 loss=0.2521 {'ds': 0.127, 'seg': 0.177, 'cls': 0.299, 'special': 0.001, 'embed': 0.003}
[g4L_fold3] ep59 step181/249 loss=0.1700 {'ds': 0.079, 'seg': 0.099, 'cls': 0.282, 'special': 0.0, 'embed': 0.002}
[g4L_fold3] ep59 step201/249 loss=0.2514 {'ds': 0.265, 'seg': 0.201, 'cls': 0.201, 'special': 0.0, 'embed': 0.003}
[g4L_fold3] ep59 step221/249 loss=0.8328 {'ds': 0.456, 'seg': 0.725, 'cls': 0.428, 'special': 0.0, 'embed': 0.005}
[g4L_fold3] ep59 step241/249 loss=0.8380 {'ds': 0.299, 'seg': 0.708, 'cls': 0.518, 'special': 0.0, 'embed': 0.003}
[g4L_fold3] epoch 59 loss=0.3144 dice_core=0.9060 dice_peri=0.9375 thr=[0.55, 0.45] (202s)
[g4L_fold3] ep60 step21/249 loss=0.7617 {'ds': 0.275, 'seg': 0.698, 'cls': 0.256, 'special': 0.0, 'embed': 0.001}
[g4L_fold3] ep60 step41/249 loss=0.2008 {'ds': 0.087, 'seg': 0.126, 'cls': 0.298, 'special': 0.0, 'embed': 0.007}
[g4L_fold3] ep60 step61/249 loss=0.1861 {'ds': 0.078, 'seg': 0.108, 'cls': 0.309, 'special': 0.0, 'embed': 0.004}
[g4L_fold3] ep60 step81/249 loss=0.8969 {'ds': 0.513, 'seg': 0.79, 'cls': 0.426, 'special': 0.0, 'embed': 0.003}
[g4L_fold3] ep60 step101/249 loss=0.2469 {'ds': 0.153, 'seg': 0.172, 'cls': 0.297, 'special': 0.0, 'embed': 0.002}
[g4L_fold3] ep60 step121/249 loss=0.2120 {'ds': 0.093, 'seg': 0.117, 'cls': 0.379, 'special': 0.0, 'embed': 0.001}
[g4L_fold3] ep60 step141/249 loss=0.1862 {'ds': 0.076, 'seg': 0.11, 'cls': 0.305, 'special': 0.0, 'embed': 0.002}
[g4L_fold3] ep60 step161/249 loss=0.2759 {'ds': 0.14, 'seg': 0.199, 'cls': 0.307, 'special': 0.0, 'embed': 0.002}
[g4L_fold3] ep60 step181/249 loss=0.8977 {'ds': 0.454, 'seg': 0.834, 'cls': 0.254, 'special': 0.0, 'embed': 0.001}
[g4L_fold3] ep60 step201/249 loss=0.1637 {'ds': 0.06, 'seg': 0.08, 'cls': 0.333, 'special': 0.0, 'embed': 0.001}
[g4L_fold3] ep60 step221/249 loss=0.4239 {'ds': 0.257, 'seg': 0.315, 'cls': 0.435, 'special': 0.0, 'embed': 0.0}
[g4L_fold3] ep60 step241/249 loss=0.5633 {'ds': 0.16, 'seg': 0.384, 'cls': 0.717, 'special': 0.0, 'embed': 0.002}
[g4L_fold3] epoch 60 loss=0.3002 dice_core=0.9064 dice_peri=0.9374 thr=[0.5, 0.45] (207s)
[g4L_fold3] ep61 step21/249 loss=0.3237 {'ds': 0.23, 'seg': 0.27, 'cls': 0.214, 'special': 0.0, 'embed': 0.001}
[g4L_fold3] ep61 step41/249 loss=0.2143 {'ds': 0.121, 'seg': 0.157, 'cls': 0.227, 'special': 0.0, 'embed': 0.003}
[g4L_fold3] ep61 step61/249 loss=0.4602 {'ds': 0.266, 'seg': 0.341, 'cls': 0.477, 'special': 0.0, 'embed': 0.003}
[g4L_fold3] ep61 step81/249 loss=0.7818 {'ds': 0.244, 'seg': 0.671, 'cls': 0.442, 'special': 0.0, 'embed': 0.003}
[g4L_fold3] ep61 step101/249 loss=0.1943 {'ds': 0.087, 'seg': 0.114, 'cls': 0.319, 'special': 0.0, 'embed': 0.003}
[g4L_fold3] ep61 step121/249 loss=0.2016 {'ds': 0.087, 'seg': 0.109, 'cls': 0.37, 'special': 0.0, 'embed': 0.002}
[g4L_fold3] ep61 step141/249 loss=0.7096 {'ds': 0.214, 'seg': 0.624, 'cls': 0.34, 'special': 0.0, 'embed': 0.001}
[g4L_fold3] ep61 step161/249 loss=0.1147 {'ds': 0.048, 'seg': 0.063, 'cls': 0.208, 'special': 0.0, 'embed': 0.0}
[g4L_fold3] ep61 step181/249 loss=0.4629 {'ds': 0.238, 'seg': 0.383, 'cls': 0.319, 'special': 0.0, 'embed': 0.003}
[g4L_fold3] ep61 step201/249 loss=0.3408 {'ds': 0.217, 'seg': 0.27, 'cls': 0.282, 'special': 0.0, 'embed': 0.005}
[g4L_fold3] ep61 step221/249 loss=0.7231 {'ds': 0.278, 'seg': 0.668, 'cls': 0.22, 'special': 0.0, 'embed': 0.006}
[g4L_fold3] ep61 step241/249 loss=0.2752 {'ds': 0.168, 'seg': 0.213, 'cls': 0.248, 'special': 0.0, 'embed': 0.002}
[g4L_fold3] epoch 61 loss=0.3238 dice_core=0.9068 dice_peri=0.9375 thr=[0.5, 0.45] (202s)
[g4L_fold3] ep62 step21/249 loss=0.2110 {'ds': 0.114, 'seg': 0.151, 'cls': 0.237, 'special': 0.001, 'embed': 0.002}
[g4L_fold3] ep62 step41/249 loss=0.1862 {'ds': 0.076, 'seg': 0.091, 'cls': 0.378, 'special': 0.0, 'embed': 0.009}
[g4L_fold3] ep62 step61/249 loss=0.3274 {'ds': 0.193, 'seg': 0.238, 'cls': 0.355, 'special': 0.001, 'embed': 0.005}
[g4L_fold3] ep62 step81/249 loss=0.5559 {'ds': 0.339, 'seg': 0.466, 'cls': 0.358, 'special': 0.0, 'embed': 0.001}
[g4L_fold3] ep62 step101/249 loss=0.5720 {'ds': 0.201, 'seg': 0.455, 'cls': 0.47, 'special': 0.0, 'embed': 0.0}
[g4L_fold3] ep62 step121/249 loss=0.2382 {'ds': 0.103, 'seg': 0.139, 'cls': 0.394, 'special': 0.0, 'embed': 0.007}
[g4L_fold3] ep62 step141/249 loss=0.3059 {'ds': 0.166, 'seg': 0.232, 'cls': 0.293, 'special': 0.0, 'embed': 0.006}
[g4L_fold3] ep62 step161/249 loss=0.3001 {'ds': 0.164, 'seg': 0.234, 'cls': 0.265, 'special': 0.0, 'embed': 0.003}
[g4L_fold3] ep62 step181/249 loss=0.2301 {'ds': 0.119, 'seg': 0.161, 'cls': 0.274, 'special': 0.0, 'embed': 0.002}
[g4L_fold3] ep62 step201/249 loss=0.2008 {'ds': 0.092, 'seg': 0.133, 'cls': 0.269, 'special': 0.0, 'embed': 0.002}
[g4L_fold3] ep62 step221/249 loss=0.6163 {'ds': 0.42, 'seg': 0.56, 'cls': 0.223, 'special': 0.0, 'embed': 0.002}
[g4L_fold3] ep62 step241/249 loss=0.2313 {'ds': 0.116, 'seg': 0.152, 'cls': 0.317, 'special': 0.0, 'embed': 0.002}
[g4L_fold3] epoch 62 loss=0.3103 dice_core=0.9070 dice_peri=0.9374 thr=[0.5, 0.45] (208s)
[g4L_fold3] ep63 step21/249 loss=0.1974 {'ds': 0.1, 'seg': 0.132, 'cls': 0.259, 'special': 0.0, 'embed': 0.001}
[g4L_fold3] ep63 step41/249 loss=0.1848 {'ds': 0.067, 'seg': 0.109, 'cls': 0.305, 'special': 0.0, 'embed': 0.0}
[g4L_fold3] ep63 step61/249 loss=0.2160 {'ds': 0.102, 'seg': 0.151, 'cls': 0.258, 'special': 0.0, 'embed': 0.002}
[g4L_fold3] ep63 step81/249 loss=0.2508 {'ds': 0.167, 'seg': 0.177, 'cls': 0.294, 'special': 0.0, 'embed': 0.006}
[g4L_fold3] ep63 step101/249 loss=0.2365 {'ds': 0.138, 'seg': 0.168, 'cls': 0.273, 'special': 0.0, 'embed': 0.002}
[g4L_fold3] ep63 step121/249 loss=1.3376 {'ds': 0.329, 'seg': 1.028, 'cls': 1.235, 'special': 0.001, 'embed': 0.003}
[g4L_fold3] ep63 step141/249 loss=0.2460 {'ds': 0.13, 'seg': 0.161, 'cls': 0.338, 'special': 0.0, 'embed': 0.002}
[g4L_fold3] ep63 step161/249 loss=0.1816 {'ds': 0.07, 'seg': 0.11, 'cls': 0.285, 'special': 0.0, 'embed': 0.003}
[g4L_fold3] ep63 step181/249 loss=0.1374 {'ds': 0.059, 'seg': 0.081, 'cls': 0.226, 'special': 0.0, 'embed': 0.002}
[g4L_fold3] ep63 step201/249 loss=0.6747 {'ds': 0.208, 'seg': 0.621, 'cls': 0.214, 'special': 0.0, 'embed': 0.001}
[g4L_fold3] ep63 step221/249 loss=0.4619 {'ds': 0.294, 'seg': 0.399, 'cls': 0.249, 'special': 0.0, 'embed': 0.001}
[g4L_fold3] ep63 step241/249 loss=0.2817 {'ds': 0.121, 'seg': 0.179, 'cls': 0.41, 'special': 0.0, 'embed': 0.001}
[g4L_fold3] epoch 63 loss=0.3114 dice_core=0.9075 dice_peri=0.9376 thr=[0.5, 0.45] (204s)
[g4L_fold3] ep64 step21/249 loss=0.1925 {'ds': 0.1, 'seg': 0.127, 'cls': 0.262, 'special': 0.0, 'embed': 0.004}
[g4L_fold3] ep64 step41/249 loss=0.2115 {'ds': 0.116, 'seg': 0.139, 'cls': 0.289, 'special': 0.0, 'embed': 0.004}
[g4L_fold3] ep64 step61/249 loss=0.1646 {'ds': 0.072, 'seg': 0.095, 'cls': 0.277, 'special': 0.0, 'embed': 0.002}
[g4L_fold3] ep64 step81/249 loss=0.6870 {'ds': 0.201, 'seg': 0.616, 'cls': 0.282, 'special': 0.0, 'embed': 0.005}
[g4L_fold3] ep64 step101/249 loss=0.2090 {'ds': 0.117, 'seg': 0.144, 'cls': 0.259, 'special': 0.0, 'embed': 0.001}
[g4L_fold3] ep64 step121/249 loss=0.7529 {'ds': 0.227, 'seg': 0.647, 'cls': 0.423, 'special': 0.0, 'embed': 0.002}
[g4L_fold3] ep64 step141/249 loss=0.2749 {'ds': 0.148, 'seg': 0.204, 'cls': 0.283, 'special': 0.0, 'embed': 0.002}
[g4L_fold3] ep64 step161/249 loss=0.3112 {'ds': 0.165, 'seg': 0.217, 'cls': 0.378, 'special': 0.0, 'embed': 0.001}
[g4L_fold3] ep64 step181/249 loss=0.1834 {'ds': 0.094, 'seg': 0.134, 'cls': 0.195, 'special': 0.0, 'embed': 0.001}
[g4L_fold3] ep64 step201/249 loss=0.4415 {'ds': 0.274, 'seg': 0.355, 'cls': 0.344, 'special': 0.0, 'embed': 0.002}
[g4L_fold3] ep64 step221/249 loss=0.4936 {'ds': 0.309, 'seg': 0.418, 'cls': 0.3, 'special': 0.0, 'embed': 0.002}
[g4L_fold3] ep64 step241/249 loss=0.2154 {'ds': 0.11, 'seg': 0.127, 'cls': 0.353, 'special': 0.0, 'embed': 0.0}
[g4L_fold3] epoch 64 loss=0.3358 dice_core=0.9076 dice_peri=0.9378 thr=[0.5, 0.45] (212s)
[g4L_fold3] ep65 step21/249 loss=0.3805 {'ds': 0.227, 'seg': 0.319, 'cls': 0.246, 'special': 0.0, 'embed': 0.001}
[g4L_fold3] ep65 step41/249 loss=0.2076 {'ds': 0.091, 'seg': 0.115, 'cls': 0.372, 'special': 0.0, 'embed': 0.001}
[g4L_fold3] ep65 step61/249 loss=0.1935 {'ds': 0.085, 'seg': 0.102, 'cls': 0.366, 'special': 0.0, 'embed': 0.002}
[g4L_fold3] ep65 step81/249 loss=0.2550 {'ds': 0.145, 'seg': 0.191, 'cls': 0.255, 'special': 0.0, 'embed': 0.002}
[g4L_fold3] ep65 step101/249 loss=0.2875 {'ds': 0.149, 'seg': 0.191, 'cls': 0.385, 'special': 0.0, 'embed': 0.001}
[g4L_fold3] ep65 step121/249 loss=0.7208 {'ds': 0.239, 'seg': 0.662, 'cls': 0.233, 'special': 0.0, 'embed': 0.001}
[g4L_fold3] ep65 step141/249 loss=0.4292 {'ds': 0.165, 'seg': 0.226, 'cls': 0.812, 'special': 0.0, 'embed': 0.002}
[g4L_fold3] ep65 step161/249 loss=0.8083 {'ds': 0.252, 'seg': 0.691, 'cls': 0.466, 'special': 0.0, 'embed': 0.005}
[g4L_fold3] ep65 step181/249 loss=0.2606 {'ds': 0.154, 'seg': 0.195, 'cls': 0.261, 'special': 0.0, 'embed': 0.0}
[g4L_fold3] ep65 step201/249 loss=0.6442 {'ds': 0.467, 'seg': 0.542, 'cls': 0.41, 'special': 0.0, 'embed': 0.001}
[g4L_fold3] ep65 step221/249 loss=0.2101 {'ds': 0.097, 'seg': 0.132, 'cls': 0.312, 'special': 0.0, 'embed': 0.004}
[g4L_fold3] ep65 step241/249 loss=0.4232 {'ds': 0.058, 'seg': 0.325, 'cls': 0.39, 'special': 0.0, 'embed': 0.002}
[g4L_fold3] epoch 65 loss=0.3079 dice_core=0.9074 dice_peri=0.9380 thr=[0.5, 0.45] (204s)
[g4L_fold3] ep66 step21/249 loss=0.3106 {'ds': 0.2, 'seg': 0.255, 'cls': 0.22, 'special': 0.0, 'embed': 0.002}
[g4L_fold3] ep66 step41/249 loss=0.8491 {'ds': 0.316, 'seg': 0.762, 'cls': 0.349, 'special': 0.0, 'embed': 0.002}
[g4L_fold3] ep66 step61/249 loss=0.2420 {'ds': 0.145, 'seg': 0.19, 'cls': 0.206, 'special': 0.0, 'embed': 0.004}
[g4L_fold3] ep66 step81/249 loss=0.3553 {'ds': 0.214, 'seg': 0.285, 'cls': 0.278, 'special': 0.0, 'embed': 0.003}
[g4L_fold3] ep66 step101/249 loss=0.2519 {'ds': 0.159, 'seg': 0.207, 'cls': 0.178, 'special': 0.001, 'embed': 0.009}
[g4L_fold3] ep66 step121/249 loss=0.2607 {'ds': 0.106, 'seg': 0.143, 'cls': 0.472, 'special': 0.0, 'embed': 0.0}
[g4L_fold3] ep66 step141/249 loss=0.2308 {'ds': 0.08, 'seg': 0.118, 'cls': 0.451, 'special': 0.0, 'embed': 0.001}
[g4L_fold3] ep66 step161/249 loss=0.2246 {'ds': 0.104, 'seg': 0.13, 'cls': 0.376, 'special': 0.0, 'embed': 0.004}
[g4L_fold3] ep66 step181/249 loss=0.4003 {'ds': 0.283, 'seg': 0.311, 'cls': 0.356, 'special': 0.0, 'embed': 0.006}
[g4L_fold3] ep66 step201/249 loss=0.2971 {'ds': 0.213, 'seg': 0.212, 'cls': 0.339, 'special': 0.0, 'embed': 0.001}
[g4L_fold3] ep66 step221/249 loss=0.3802 {'ds': 0.203, 'seg': 0.265, 'cls': 0.456, 'special': 0.0, 'embed': 0.009}
[g4L_fold3] ep66 step241/249 loss=0.2380 {'ds': 0.112, 'seg': 0.147, 'cls': 0.362, 'special': 0.0, 'embed': 0.005}
[g4L_fold3] epoch 66 loss=0.3322 dice_core=0.9074 dice_peri=0.9379 thr=[0.5, 0.45] (187s)
[g4L_fold3] ep67 step21/249 loss=0.1858 {'ds': 0.06, 'seg': 0.08, 'cls': 0.421, 'special': 0.0, 'embed': 0.001}
[g4L_fold3] ep67 step41/249 loss=0.8086 {'ds': 0.292, 'seg': 0.735, 'cls': 0.293, 'special': 0.0, 'embed': 0.001}
[g4L_fold3] ep67 step61/249 loss=0.3933 {'ds': 0.233, 'seg': 0.307, 'cls': 0.344, 'special': 0.001, 'embed': 0.0}
[g4L_fold3] ep67 step81/249 loss=0.2359 {'ds': 0.12, 'seg': 0.141, 'cls': 0.378, 'special': 0.0, 'embed': 0.001}
[g4L_fold3] ep67 step101/249 loss=0.8051 {'ds': 0.311, 'seg': 0.746, 'cls': 0.235, 'special': 0.0, 'embed': 0.003}
[g4L_fold3] ep67 step121/249 loss=0.4265 {'ds': 0.225, 'seg': 0.288, 'cls': 0.552, 'special': 0.0, 'embed': 0.003}
[g4L_fold3] ep67 step141/249 loss=0.5969 {'ds': 0.328, 'seg': 0.453, 'cls': 0.576, 'special': 0.0, 'embed': 0.001}
[g4L_fold3] ep67 step161/249 loss=0.2231 {'ds': 0.104, 'seg': 0.138, 'cls': 0.338, 'special': 0.0, 'embed': 0.002}
[g4L_fold3] ep67 step181/249 loss=0.2113 {'ds': 0.117, 'seg': 0.16, 'cls': 0.206, 'special': 0.0, 'embed': 0.002}
[g4L_fold3] ep67 step201/249 loss=0.1198 {'ds': 0.05, 'seg': 0.067, 'cls': 0.209, 'special': 0.0, 'embed': 0.003}
[g4L_fold3] ep67 step221/249 loss=0.4232 {'ds': 0.254, 'seg': 0.355, 'cls': 0.273, 'special': 0.0, 'embed': 0.004}
[g4L_fold3] ep67 step241/249 loss=0.1539 {'ds': 0.085, 'seg': 0.115, 'cls': 0.155, 'special': 0.0, 'embed': 0.003}
[g4L_fold3] epoch 67 loss=0.3033 dice_core=0.9075 dice_peri=0.9379 thr=[0.5, 0.45] (205s)
[g4L_fold3] ep68 step21/249 loss=1.0410 {'ds': 0.451, 'seg': 0.955, 'cls': 0.345, 'special': 0.0, 'embed': 0.001}
[g4L_fold3] ep68 step41/249 loss=0.1325 {'ds': 0.058, 'seg': 0.062, 'cls': 0.281, 'special': 0.0, 'embed': 0.004}
[g4L_fold3] ep68 step61/249 loss=0.1673 {'ds': 0.079, 'seg': 0.109, 'cls': 0.232, 'special': 0.0, 'embed': 0.003}
[g4L_fold3] ep68 step81/249 loss=1.0573 {'ds': 0.305, 'seg': 0.757, 'cls': 1.202, 'special': 0.0, 'embed': 0.002}
[g4L_fold3] ep68 step101/249 loss=0.2496 {'ds': 0.11, 'seg': 0.145, 'cls': 0.419, 'special': 0.0, 'embed': 0.002}
[g4L_fold3] ep68 step121/249 loss=0.1565 {'ds': 0.082, 'seg': 0.107, 'cls': 0.199, 'special': 0.0, 'embed': 0.002}
[g4L_fold3] ep68 step141/249 loss=0.1839 {'ds': 0.065, 'seg': 0.101, 'cls': 0.332, 'special': 0.0, 'embed': 0.004}
[g4L_fold3] ep68 step161/249 loss=0.7654 {'ds': 0.309, 'seg': 0.682, 'cls': 0.33, 'special': 0.0, 'embed': 0.006}
[g4L_fold3] ep68 step181/249 loss=0.7207 {'ds': 0.222, 'seg': 0.641, 'cls': 0.316, 'special': 0.0, 'embed': 0.001}
[g4L_fold3] ep68 step201/249 loss=0.7781 {'ds': 0.286, 'seg': 0.717, 'cls': 0.242, 'special': 0.0, 'embed': 0.005}
[g4L_fold3] ep68 step221/249 loss=0.5362 {'ds': 0.184, 'seg': 0.459, 'cls': 0.309, 'special': 0.0, 'embed': 0.0}
[g4L_fold3] ep68 step241/249 loss=0.2205 {'ds': 0.12, 'seg': 0.158, 'cls': 0.25, 'special': 0.0, 'embed': 0.003}
[g4L_fold3] epoch 68 loss=0.3170 dice_core=0.9076 dice_peri=0.9377 thr=[0.5, 0.45] (209s)
[g4L_fold3] ep69 step21/249 loss=0.1985 {'ds': 0.102, 'seg': 0.136, 'cls': 0.249, 'special': 0.0, 'embed': 0.002}
[g4L_fold3] ep69 step41/249 loss=0.6591 {'ds': 0.2, 'seg': 0.61, 'cls': 0.194, 'special': 0.0, 'embed': 0.002}
[g4L_fold3] ep69 step61/249 loss=0.7479 {'ds': 0.238, 'seg': 0.643, 'cls': 0.416, 'special': 0.0, 'embed': 0.005}
[g4L_fold3] ep69 step81/249 loss=0.5783 {'ds': 0.292, 'seg': 0.489, 'cls': 0.357, 'special': 0.0, 'embed': 0.005}
[g4L_fold3] ep69 step101/249 loss=0.2121 {'ds': 0.117, 'seg': 0.15, 'cls': 0.248, 'special': 0.0, 'embed': 0.004}
[g4L_fold3] ep69 step121/249 loss=0.1775 {'ds': 0.064, 'seg': 0.082, 'cls': 0.382, 'special': 0.0, 'embed': 0.001}
[g4L_fold3] ep69 step141/249 loss=0.6704 {'ds': 0.199, 'seg': 0.604, 'cls': 0.266, 'special': 0.0, 'embed': 0.003}
[g4L_fold3] ep69 step161/249 loss=0.1478 {'ds': 0.057, 'seg': 0.068, 'cls': 0.32, 'special': 0.0, 'embed': 0.0}
[g4L_fold3] ep69 step181/249 loss=0.1258 {'ds': 0.055, 'seg': 0.069, 'cls': 0.226, 'special': 0.0, 'embed': 0.002}
[g4L_fold3] ep69 step201/249 loss=0.1920 {'ds': 0.067, 'seg': 0.096, 'cls': 0.384, 'special': 0.0, 'embed': 0.003}
[g4L_fold3] ep69 step221/249 loss=0.1912 {'ds': 0.112, 'seg': 0.138, 'cls': 0.21, 'special': 0.0, 'embed': 0.003}
[g4L_fold3] ep69 step241/249 loss=0.5097 {'ds': 0.386, 'seg': 0.431, 'cls': 0.313, 'special': 0.0, 'embed': 0.003}
[g4L_fold3] epoch 69 loss=0.3308 dice_core=0.9076 dice_peri=0.9377 thr=[0.5, 0.45] (213s)
[g4L_fold3] ep70 step21/249 loss=0.2816 {'ds': 0.127, 'seg': 0.182, 'cls': 0.399, 'special': 0.0, 'embed': 0.003}
[g4L_fold3] ep70 step41/249 loss=0.1203 {'ds': 0.053, 'seg': 0.073, 'cls': 0.186, 'special': 0.0, 'embed': 0.005}
[g4L_fold3] ep70 step61/249 loss=0.1187 {'ds': 0.057, 'seg': 0.07, 'cls': 0.192, 'special': 0.0, 'embed': 0.001}
[g4L_fold3] ep70 step81/249 loss=0.1666 {'ds': 0.088, 'seg': 0.111, 'cls': 0.221, 'special': 0.0, 'embed': 0.001}
[g4L_fold3] ep70 step101/249 loss=0.1885 {'ds': 0.093, 'seg': 0.125, 'cls': 0.256, 'special': 0.0, 'embed': 0.0}
[g4L_fold3] ep70 step121/249 loss=0.2973 {'ds': 0.18, 'seg': 0.238, 'cls': 0.237, 'special': 0.0, 'embed': 0.002}
[g4L_fold3] ep70 step141/249 loss=0.2370 {'ds': 0.112, 'seg': 0.173, 'cls': 0.254, 'special': 0.0, 'embed': 0.002}
[g4L_fold3] ep70 step161/249 loss=0.3255 {'ds': 0.18, 'seg': 0.243, 'cls': 0.329, 'special': 0.0, 'embed': 0.003}
[g4L_fold3] ep70 step181/249 loss=0.1549 {'ds': 0.071, 'seg': 0.085, 'cls': 0.278, 'special': 0.0, 'embed': 0.002}
[g4L_fold3] ep70 step201/249 loss=0.5125 {'ds': 0.204, 'seg': 0.299, 'cls': 0.852, 'special': 0.0, 'embed': 0.002}
[g4L_fold3] ep70 step221/249 loss=0.6489 {'ds': 0.196, 'seg': 0.604, 'cls': 0.179, 'special': 0.0, 'embed': 0.002}
[g4L_fold3] ep70 step241/249 loss=0.2298 {'ds': 0.118, 'seg': 0.161, 'cls': 0.274, 'special': 0.0, 'embed': 0.002}
[g4L_fold3] epoch 70 loss=0.2943 dice_core=0.9076 dice_peri=0.9377 thr=[0.5, 0.45] (210s)
[g4L_fold3] ep71 step21/249 loss=0.1738 {'ds': 0.051, 'seg': 0.071, 'cls': 0.41, 'special': 0.0, 'embed': 0.001}
[g4L_fold3] ep71 step41/249 loss=0.2142 {'ds': 0.11, 'seg': 0.141, 'cls': 0.291, 'special': 0.0, 'embed': 0.0}
[g4L_fold3] ep71 step61/249 loss=0.2249 {'ds': 0.114, 'seg': 0.161, 'cls': 0.255, 'special': 0.0, 'embed': 0.004}
[g4L_fold3] ep71 step81/249 loss=0.2090 {'ds': 0.116, 'seg': 0.145, 'cls': 0.255, 'special': 0.0, 'embed': 0.004}
[g4L_fold3] ep71 step101/249 loss=0.2640 {'ds': 0.146, 'seg': 0.197, 'cls': 0.264, 'special': 0.002, 'embed': 0.002}
[g4L_fold3] ep71 step121/249 loss=0.1333 {'ds': 0.066, 'seg': 0.077, 'cls': 0.223, 'special': 0.0, 'embed': 0.003}
[g4L_fold3] ep71 step141/249 loss=0.2064 {'ds': 0.114, 'seg': 0.158, 'cls': 0.194, 'special': 0.001, 'embed': 0.002}
[g4L_fold3] ep71 step161/249 loss=0.2228 {'ds': 0.115, 'seg': 0.156, 'cls': 0.265, 'special': 0.0, 'embed': 0.002}
[g4L_fold3] ep71 step181/249 loss=0.5848 {'ds': 0.362, 'seg': 0.505, 'cls': 0.32, 'special': 0.0, 'embed': 0.002}
[g4L_fold3] ep71 step201/249 loss=0.2352 {'ds': 0.126, 'seg': 0.164, 'cls': 0.285, 'special': 0.0, 'embed': 0.002}
[g4L_fold3] ep71 step221/249 loss=0.4027 {'ds': 0.255, 'seg': 0.312, 'cls': 0.362, 'special': 0.0, 'embed': 0.006}
[g4L_fold3] ep71 step241/249 loss=0.2712 {'ds': 0.149, 'seg': 0.199, 'cls': 0.287, 'special': 0.0, 'embed': 0.0}
[g4L_fold3] epoch 71 loss=0.2949 dice_core=0.9076 dice_peri=0.9376 thr=[0.5, 0.45] (222s)
[g4L_fold3] ep72 step21/249 loss=0.1617 {'ds': 0.063, 'seg': 0.088, 'cls': 0.293, 'special': 0.0, 'embed': 0.006}
[g4L_fold3] ep72 step41/249 loss=0.1832 {'ds': 0.08, 'seg': 0.114, 'cls': 0.276, 'special': 0.0, 'embed': 0.004}
[g4L_fold3] ep72 step61/249 loss=0.7275 {'ds': 0.225, 'seg': 0.651, 'cls': 0.304, 'special': 0.0, 'embed': 0.002}
[g4L_fold3] ep72 step81/249 loss=0.1731 {'ds': 0.076, 'seg': 0.104, 'cls': 0.276, 'special': 0.0, 'embed': 0.001}
[g4L_fold3] ep72 step101/249 loss=0.2154 {'ds': 0.105, 'seg': 0.129, 'cls': 0.345, 'special': 0.0, 'embed': 0.003}
[g4L_fold3] ep72 step121/249 loss=0.6075 {'ds': 0.217, 'seg': 0.471, 'cls': 0.545, 'special': 0.0, 'embed': 0.001}
[g4L_fold3] ep72 step141/249 loss=0.5914 {'ds': 0.211, 'seg': 0.494, 'cls': 0.388, 'special': 0.0, 'embed': 0.001}
[g4L_fold3] ep72 step161/249 loss=0.6874 {'ds': 0.237, 'seg': 0.649, 'cls': 0.153, 'special': 0.0, 'embed': 0.001}
[g4L_fold3] ep72 step181/249 loss=0.2525 {'ds': 0.117, 'seg': 0.159, 'cls': 0.374, 'special': 0.0, 'embed': 0.001}
[g4L_fold3] ep72 step201/249 loss=0.2275 {'ds': 0.105, 'seg': 0.145, 'cls': 0.33, 'special': 0.0, 'embed': 0.002}
[g4L_fold3] ep72 step221/249 loss=0.6777 {'ds': 0.21, 'seg': 0.622, 'cls': 0.221, 'special': 0.0, 'embed': 0.001}
[g4L_fold3] ep72 step241/249 loss=0.3737 {'ds': 0.207, 'seg': 0.278, 'cls': 0.384, 'special': 0.0, 'embed': 0.0}
[g4L_fold3] epoch 72 loss=0.3097 dice_core=0.9076 dice_peri=0.9374 thr=[0.5, 0.45] (203s)
[g4L_fold3] ep73 step21/249 loss=0.2910 {'ds': 0.156, 'seg': 0.196, 'cls': 0.379, 'special': 0.0, 'embed': 0.003}
[g4L_fold3] ep73 step41/249 loss=0.2233 {'ds': 0.117, 'seg': 0.153, 'cls': 0.281, 'special': 0.0, 'embed': 0.005}
[g4L_fold3] ep73 step61/249 loss=0.6904 {'ds': 0.203, 'seg': 0.62, 'cls': 0.28, 'special': 0.0, 'embed': 0.004}
[g4L_fold3] ep73 step81/249 loss=0.2077 {'ds': 0.12, 'seg': 0.16, 'cls': 0.192, 'special': 0.0, 'embed': 0.001}
[g4L_fold3] ep73 step101/249 loss=0.2382 {'ds': 0.085, 'seg': 0.109, 'cls': 0.515, 'special': 0.0, 'embed': 0.001}
[g4L_fold3] ep73 step121/249 loss=0.4892 {'ds': 0.229, 'seg': 0.33, 'cls': 0.636, 'special': 0.0, 'embed': 0.001}
[g4L_fold3] ep73 step141/249 loss=0.3692 {'ds': 0.243, 'seg': 0.322, 'cls': 0.187, 'special': 0.0, 'embed': 0.002}
[g4L_fold3] ep73 step161/249 loss=0.4021 {'ds': 0.253, 'seg': 0.348, 'cls': 0.216, 'special': 0.0, 'embed': 0.001}
[g4L_fold3] ep73 step181/249 loss=0.2051 {'ds': 0.088, 'seg': 0.114, 'cls': 0.365, 'special': 0.0, 'embed': 0.0}
[g4L_fold3] ep73 step201/249 loss=0.1725 {'ds': 0.077, 'seg': 0.101, 'cls': 0.284, 'special': 0.0, 'embed': 0.001}
[g4L_fold3] ep73 step221/249 loss=0.6826 {'ds': 0.204, 'seg': 0.61, 'cls': 0.288, 'special': 0.0, 'embed': 0.004}
[g4L_fold3] ep73 step241/249 loss=0.1713 {'ds': 0.078, 'seg': 0.101, 'cls': 0.279, 'special': 0.0, 'embed': 0.002}
[g4L_fold3] epoch 73 loss=0.3179 dice_core=0.9076 dice_peri=0.9375 thr=[0.5, 0.45] (198s)
[g4L_fold3] ep74 step21/249 loss=0.3200 {'ds': 0.184, 'seg': 0.255, 'cls': 0.258, 'special': 0.002, 'embed': 0.007}
[g4L_fold3] ep74 step41/249 loss=0.7301 {'ds': 0.209, 'seg': 0.62, 'cls': 0.442, 'special': 0.0, 'embed': 0.001}
[g4L_fold3] ep74 step61/249 loss=0.1922 {'ds': 0.091, 'seg': 0.119, 'cls': 0.293, 'special': 0.0, 'embed': 0.001}
[g4L_fold3] ep74 step81/249 loss=0.5131 {'ds': 0.329, 'seg': 0.414, 'cls': 0.396, 'special': 0.0, 'embed': 0.001}
[g4L_fold3] ep74 step101/249 loss=0.2368 {'ds': 0.209, 'seg': 0.161, 'cls': 0.304, 'special': 0.0, 'embed': 0.004}
[g4L_fold3] ep74 step121/249 loss=0.1403 {'ds': 0.062, 'seg': 0.079, 'cls': 0.244, 'special': 0.0, 'embed': 0.0}
[g4L_fold3] ep74 step141/249 loss=0.1798 {'ds': 0.08, 'seg': 0.099, 'cls': 0.322, 'special': 0.0, 'embed': 0.002}
[g4L_fold3] ep74 step161/249 loss=0.1731 {'ds': 0.08, 'seg': 0.111, 'cls': 0.245, 'special': 0.0, 'embed': 0.006}
[g4L_fold3] ep74 step181/249 loss=0.2294 {'ds': 0.121, 'seg': 0.169, 'cls': 0.239, 'special': 0.0, 'embed': 0.002}
[g4L_fold3] ep74 step201/249 loss=0.3169 {'ds': 0.187, 'seg': 0.24, 'cls': 0.308, 'special': 0.0, 'embed': 0.002}
[g4L_fold3] ep74 step221/249 loss=0.2409 {'ds': 0.116, 'seg': 0.185, 'cls': 0.221, 'special': 0.0, 'embed': 0.002}
[g4L_fold3] ep74 step241/249 loss=0.8048 {'ds': 0.322, 'seg': 0.732, 'cls': 0.289, 'special': 0.0, 'embed': 0.004}
[g4L_fold3] epoch 74 loss=0.3103 dice_core=0.9079 dice_peri=0.9376 thr=[0.5, 0.45] (203s)
[g4L_fold3] ep75 step21/249 loss=0.2175 {'ds': 0.096, 'seg': 0.152, 'cls': 0.26, 'special': 0.0, 'embed': 0.002}
[g4L_fold3] ep75 step41/249 loss=0.6555 {'ds': 0.204, 'seg': 0.608, 'cls': 0.19, 'special': 0.0, 'embed': 0.002}
[g4L_fold3] ep75 step61/249 loss=0.2506 {'ds': 0.146, 'seg': 0.194, 'cls': 0.226, 'special': 0.0, 'embed': 0.0}
[g4L_fold3] ep75 step81/249 loss=0.2570 {'ds': 0.118, 'seg': 0.161, 'cls': 0.384, 'special': 0.0, 'embed': 0.002}
[g4L_fold3] ep75 step101/249 loss=0.2347 {'ds': 0.12, 'seg': 0.146, 'cls': 0.355, 'special': 0.0, 'embed': 0.004}
[g4L_fold3] ep75 step121/249 loss=0.1863 {'ds': 0.072, 'seg': 0.09, 'cls': 0.385, 'special': 0.0, 'embed': 0.003}
[g4L_fold3] ep75 step141/249 loss=0.6965 {'ds': 0.208, 'seg': 0.619, 'cls': 0.308, 'special': 0.001, 'embed': 0.002}
[g4L_fold3] ep75 step161/249 loss=0.3272 {'ds': 0.204, 'seg': 0.242, 'cls': 0.341, 'special': 0.0, 'embed': 0.002}
[g4L_fold3] ep75 step181/249 loss=0.1786 {'ds': 0.083, 'seg': 0.111, 'cls': 0.27, 'special': 0.0, 'embed': 0.002}
[g4L_fold3] ep75 step201/249 loss=0.1820 {'ds': 0.073, 'seg': 0.085, 'cls': 0.386, 'special': 0.0, 'embed': 0.006}
[g4L_fold3] ep75 step221/249 loss=0.4461 {'ds': 0.258, 'seg': 0.339, 'cls': 0.426, 'special': 0.0, 'embed': 0.005}
[g4L_fold3] ep75 step241/249 loss=0.1549 {'ds': 0.078, 'seg': 0.103, 'cls': 0.209, 'special': 0.0, 'embed': 0.0}
[g4L_fold3] epoch 75 loss=0.3132 dice_core=0.9082 dice_peri=0.9377 thr=[0.5, 0.45] (232s)
[g4L_fold3] ep76 step21/249 loss=0.2420 {'ds': 0.127, 'seg': 0.162, 'cls': 0.319, 'special': 0.0, 'embed': 0.001}
[g4L_fold3] ep76 step41/249 loss=0.3283 {'ds': 0.164, 'seg': 0.229, 'cls': 0.396, 'special': 0.0, 'embed': 0.004}
[g4L_fold3] ep76 step61/249 loss=0.2023 {'ds': 0.103, 'seg': 0.134, 'cls': 0.271, 'special': 0.0, 'embed': 0.003}
[g4L_fold3] ep76 step81/249 loss=0.1764 {'ds': 0.093, 'seg': 0.121, 'cls': 0.221, 'special': 0.0, 'embed': 0.001}
[g4L_fold3] ep76 step101/249 loss=0.2014 {'ds': 0.081, 'seg': 0.104, 'cls': 0.388, 'special': 0.0, 'embed': 0.004}
[g4L_fold3] ep76 step121/249 loss=0.1959 {'ds': 0.098, 'seg': 0.124, 'cls': 0.286, 'special': 0.0, 'embed': 0.003}
[g4L_fold3] ep76 step141/249 loss=0.3622 {'ds': 0.238, 'seg': 0.292, 'cls': 0.279, 'special': 0.0, 'embed': 0.006}
[g4L_fold3] ep76 step161/249 loss=0.1593 {'ds': 0.061, 'seg': 0.085, 'cls': 0.296, 'special': 0.0, 'embed': 0.006}
[g4L_fold3] ep76 step181/249 loss=0.5576 {'ds': 0.372, 'seg': 0.483, 'cls': 0.297, 'special': 0.0, 'embed': 0.001}
[g4L_fold3] ep76 step201/249 loss=0.2148 {'ds': 0.104, 'seg': 0.139, 'cls': 0.304, 'special': 0.0, 'embed': 0.002}
[g4L_fold3] ep76 step221/249 loss=0.6627 {'ds': 0.207, 'seg': 0.617, 'cls': 0.182, 'special': 0.0, 'embed': 0.0}
[g4L_fold3] ep76 step241/249 loss=0.2115 {'ds': 0.119, 'seg': 0.149, 'cls': 0.25, 'special': 0.0, 'embed': 0.002}
[g4L_fold3] epoch 76 loss=0.3069 dice_core=0.9083 dice_peri=0.9376 thr=[0.5, 0.45] (213s)
[g4L_fold3] ep77 step21/249 loss=0.1500 {'ds': 0.056, 'seg': 0.07, 'cls': 0.319, 'special': 0.0, 'embed': 0.001}
[g4L_fold3] ep77 step41/249 loss=0.2406 {'ds': 0.126, 'seg': 0.168, 'cls': 0.291, 'special': 0.0, 'embed': 0.002}
[g4L_fold3] ep77 step61/249 loss=0.1962 {'ds': 0.076, 'seg': 0.129, 'cls': 0.269, 'special': 0.0, 'embed': 0.003}
[g4L_fold3] ep77 step81/249 loss=0.2311 {'ds': 0.11, 'seg': 0.144, 'cls': 0.346, 'special': 0.0, 'embed': 0.004}
[g4L_fold3] ep77 step101/249 loss=0.2425 {'ds': 0.138, 'seg': 0.173, 'cls': 0.278, 'special': 0.0, 'embed': 0.003}
[g4L_fold3] ep77 step121/249 loss=0.4996 {'ds': 0.108, 'seg': 0.395, 'cls': 0.42, 'special': 0.0, 'embed': 0.0}
[g4L_fold3] ep77 step141/249 loss=0.1629 {'ds': 0.046, 'seg': 0.08, 'cls': 0.331, 'special': 0.0, 'embed': 0.002}
[g4L_fold3] ep77 step161/249 loss=0.2142 {'ds': 0.11, 'seg': 0.145, 'cls': 0.277, 'special': 0.0, 'embed': 0.0}
[g4L_fold3] ep77 step181/249 loss=0.8727 {'ds': 0.381, 'seg': 0.804, 'cls': 0.272, 'special': 0.0, 'embed': 0.002}
[g4L_fold3] ep77 step201/249 loss=0.6201 {'ds': 0.26, 'seg': 0.333, 'cls': 1.148, 'special': 0.0, 'embed': 0.002}
[g4L_fold3] ep77 step221/249 loss=0.2200 {'ds': 0.105, 'seg': 0.145, 'cls': 0.298, 'special': 0.0, 'embed': 0.006}
[g4L_fold3] ep77 step241/249 loss=0.6255 {'ds': 0.169, 'seg': 0.473, 'cls': 0.61, 'special': 0.0, 'embed': 0.002}
[g4L_fold3] epoch 77 loss=0.3052 dice_core=0.9083 dice_peri=0.9377 thr=[0.5, 0.45] (194s)
[g4L_fold3] ep78 step21/249 loss=0.2808 {'ds': 0.149, 'seg': 0.217, 'cls': 0.253, 'special': 0.0, 'embed': 0.004}
[g4L_fold3] ep78 step41/249 loss=0.4766 {'ds': 0.096, 'seg': 0.395, 'cls': 0.327, 'special': 0.0, 'embed': 0.003}
[g4L_fold3] ep78 step61/249 loss=0.2718 {'ds': 0.126, 'seg': 0.166, 'cls': 0.422, 'special': 0.0, 'embed': 0.0}
[g4L_fold3] ep78 step81/249 loss=0.2056 {'ds': 0.089, 'seg': 0.124, 'cls': 0.325, 'special': 0.0, 'embed': 0.001}
[g4L_fold3] ep78 step101/249 loss=0.2574 {'ds': 0.119, 'seg': 0.172, 'cls': 0.34, 'special': 0.0, 'embed': 0.0}
[g4L_fold3] ep78 step121/249 loss=0.3057 {'ds': 0.204, 'seg': 0.243, 'cls': 0.25, 'special': 0.0, 'embed': 0.002}
[g4L_fold3] ep78 step141/249 loss=0.1812 {'ds': 0.091, 'seg': 0.121, 'cls': 0.239, 'special': 0.0, 'embed': 0.004}
[g4L_fold3] ep78 step161/249 loss=0.7050 {'ds': 0.228, 'seg': 0.654, 'cls': 0.203, 'special': 0.0, 'embed': 0.002}
[g4L_fold3] ep78 step181/249 loss=0.1917 {'ds': 0.093, 'seg': 0.126, 'cls': 0.264, 'special': 0.0, 'embed': 0.003}
[g4L_fold3] ep78 step201/249 loss=0.1897 {'ds': 0.082, 'seg': 0.122, 'cls': 0.271, 'special': 0.0, 'embed': 0.003}
[g4L_fold3] ep78 step221/249 loss=0.1594 {'ds': 0.072, 'seg': 0.1, 'cls': 0.237, 'special': 0.0, 'embed': 0.002}
[g4L_fold3] ep78 step241/249 loss=0.9848 {'ds': 0.453, 'seg': 0.881, 'cls': 0.415, 'special': 0.0, 'embed': 0.001}
[g4L_fold3] epoch 78 loss=0.2928 dice_core=0.9083 dice_peri=0.9378 thr=[0.5, 0.45] (205s)
[g4L_fold3] ep79 step21/249 loss=0.2024 {'ds': 0.109, 'seg': 0.151, 'cls': 0.207, 'special': 0.0, 'embed': 0.002}
[g4L_fold3] ep79 step41/249 loss=0.6868 {'ds': 0.201, 'seg': 0.617, 'cls': 0.279, 'special': 0.0, 'embed': 0.0}
[g4L_fold3] ep79 step61/249 loss=0.2579 {'ds': 0.091, 'seg': 0.148, 'cls': 0.44, 'special': 0.0, 'embed': 0.002}
[g4L_fold3] ep79 step81/249 loss=0.1678 {'ds': 0.085, 'seg': 0.105, 'cls': 0.251, 'special': 0.0, 'embed': 0.005}
[g4L_fold3] ep79 step101/249 loss=0.2577 {'ds': 0.15, 'seg': 0.204, 'cls': 0.212, 'special': 0.0, 'embed': 0.002}
[g4L_fold3] ep79 step121/249 loss=0.1839 {'ds': 0.088, 'seg': 0.133, 'cls': 0.205, 'special': 0.0, 'embed': 0.002}
[g4L_fold3] ep79 step141/249 loss=0.2550 {'ds': 0.128, 'seg': 0.166, 'cls': 0.353, 'special': 0.0, 'embed': 0.003}
[g4L_fold3] ep79 step161/249 loss=0.1703 {'ds': 0.087, 'seg': 0.113, 'cls': 0.23, 'special': 0.0, 'embed': 0.001}
[g4L_fold3] ep79 step181/249 loss=0.3846 {'ds': 0.059, 'seg': 0.328, 'cls': 0.227, 'special': 0.0, 'embed': 0.001}
[g4L_fold3] ep79 step201/249 loss=0.1870 {'ds': 0.089, 'seg': 0.111, 'cls': 0.302, 'special': 0.0, 'embed': 0.002}
[g4L_fold3] ep79 step221/249 loss=0.2474 {'ds': 0.122, 'seg': 0.179, 'cls': 0.272, 'special': 0.0, 'embed': 0.002}
[g4L_fold3] ep79 step241/249 loss=0.3310 {'ds': 0.176, 'seg': 0.232, 'cls': 0.397, 'special': 0.0, 'embed': 0.001}
[g4L_fold3] epoch 79 loss=0.3071 dice_core=0.9085 dice_peri=0.9380 thr=[0.5, 0.45] (214s)
[g4L_fold3] ep80 step21/249 loss=0.1760 {'ds': 0.087, 'seg': 0.111, 'cls': 0.258, 'special': 0.0, 'embed': 0.003}
[g4L_fold3] ep80 step41/249 loss=0.2016 {'ds': 0.109, 'seg': 0.139, 'cls': 0.249, 'special': 0.0, 'embed': 0.001}
[g4L_fold3] ep80 step61/249 loss=0.2269 {'ds': 0.101, 'seg': 0.134, 'cls': 0.371, 'special': 0.0, 'embed': 0.002}
[g4L_fold3] ep80 step81/249 loss=0.3058 {'ds': 0.189, 'seg': 0.235, 'cls': 0.281, 'special': 0.0, 'embed': 0.003}
[g4L_fold3] ep80 step101/249 loss=0.4001 {'ds': 0.275, 'seg': 0.322, 'cls': 0.313, 'special': 0.0, 'embed': 0.001}
[g4L_fold3] ep80 step121/249 loss=0.2785 {'ds': 0.164, 'seg': 0.218, 'cls': 0.239, 'special': 0.0, 'embed': 0.001}
[g4L_fold3] ep80 step141/249 loss=0.2454 {'ds': 0.152, 'seg': 0.194, 'cls': 0.207, 'special': 0.0, 'embed': 0.001}
[g4L_fold3] ep80 step161/249 loss=0.1657 {'ds': 0.08, 'seg': 0.108, 'cls': 0.229, 'special': 0.0, 'embed': 0.001}
[g4L_fold3] ep80 step181/249 loss=0.3994 {'ds': 0.206, 'seg': 0.312, 'cls': 0.349, 'special': 0.0, 'embed': 0.001}
[g4L_fold3] ep80 step201/249 loss=0.1520 {'ds': 0.057, 'seg': 0.073, 'cls': 0.316, 'special': 0.0, 'embed': 0.001}
[g4L_fold3] ep80 step221/249 loss=0.2696 {'ds': 0.129, 'seg': 0.172, 'cls': 0.389, 'special': 0.0, 'embed': 0.003}
[g4L_fold3] ep80 step241/249 loss=0.2462 {'ds': 0.125, 'seg': 0.174, 'cls': 0.289, 'special': 0.0, 'embed': 0.0}
[g4L_fold3] epoch 80 loss=0.3087 dice_core=0.9086 dice_peri=0.9380 thr=[0.5, 0.45] (209s)
[g4L_fold3] ep81 step21/249 loss=0.2143 {'ds': 0.12, 'seg': 0.17, 'cls': 0.174, 'special': 0.0, 'embed': 0.009}
[g4L_fold3] ep81 step41/249 loss=0.7067 {'ds': 0.233, 'seg': 0.654, 'cls': 0.21, 'special': 0.0, 'embed': 0.001}
[g4L_fold3] ep81 step61/249 loss=0.2262 {'ds': 0.119, 'seg': 0.149, 'cls': 0.307, 'special': 0.0, 'embed': 0.001}
[g4L_fold3] ep81 step81/249 loss=0.4035 {'ds': 0.346, 'seg': 0.323, 'cls': 0.323, 'special': 0.0, 'embed': 0.001}
[g4L_fold3] ep81 step101/249 loss=0.5192 {'ds': 0.242, 'seg': 0.412, 'cls': 0.429, 'special': 0.0, 'embed': 0.001}
[g4L_fold3] ep81 step121/249 loss=0.2490 {'ds': 0.15, 'seg': 0.179, 'cls': 0.278, 'special': 0.0, 'embed': 0.001}
[g4L_fold3] ep81 step141/249 loss=0.6925 {'ds': 0.204, 'seg': 0.615, 'cls': 0.311, 'special': 0.0, 'embed': 0.001}
[g4L_fold3] ep81 step161/249 loss=0.2109 {'ds': 0.116, 'seg': 0.161, 'cls': 0.198, 'special': 0.0, 'embed': 0.002}
[g4L_fold3] ep81 step181/249 loss=0.5349 {'ds': 0.23, 'seg': 0.302, 'cls': 0.93, 'special': 0.0, 'embed': 0.0}
[g4L_fold3] ep81 step201/249 loss=0.1553 {'ds': 0.071, 'seg': 0.093, 'cls': 0.247, 'special': 0.0, 'embed': 0.001}
[g4L_fold3] ep81 step221/249 loss=0.7042 {'ds': 0.225, 'seg': 0.638, 'cls': 0.263, 'special': 0.0, 'embed': 0.003}
[g4L_fold3] ep81 step241/249 loss=0.4742 {'ds': 0.114, 'seg': 0.4, 'cls': 0.295, 'special': 0.0, 'embed': 0.002}
[g4L_fold3] epoch 81 loss=0.3134 dice_core=0.9089 dice_peri=0.9381 thr=[0.5, 0.45] (213s)
[g4L_fold3] ep82 step21/249 loss=0.1722 {'ds': 0.067, 'seg': 0.091, 'cls': 0.324, 'special': 0.0, 'embed': 0.001}
[g4L_fold3] ep82 step41/249 loss=0.2074 {'ds': 0.103, 'seg': 0.132, 'cls': 0.303, 'special': 0.0, 'embed': 0.001}
[g4L_fold3] ep82 step61/249 loss=0.8839 {'ds': 0.388, 'seg': 0.789, 'cls': 0.379, 'special': 0.0, 'embed': 0.001}
[g4L_fold3] ep82 step81/249 loss=0.1997 {'ds': 0.106, 'seg': 0.131, 'cls': 0.274, 'special': 0.0, 'embed': 0.001}
[g4L_fold3] ep82 step101/249 loss=0.6640 {'ds': 0.195, 'seg': 0.602, 'cls': 0.247, 'special': 0.0, 'embed': 0.001}
[g4L_fold3] ep82 step121/249 loss=0.8380 {'ds': 0.414, 'seg': 0.752, 'cls': 0.344, 'special': 0.0, 'embed': 0.0}
[g4L_fold3] ep82 step141/249 loss=0.1840 {'ds': 0.113, 'seg': 0.137, 'cls': 0.186, 'special': 0.0, 'embed': 0.001}
[g4L_fold3] ep82 step161/249 loss=0.1904 {'ds': 0.085, 'seg': 0.122, 'cls': 0.272, 'special': 0.0, 'embed': 0.002}
[g4L_fold3] ep82 step181/249 loss=0.1991 {'ds': 0.102, 'seg': 0.124, 'cls': 0.3, 'special': 0.0, 'embed': 0.002}
[g4L_fold3] ep82 step201/249 loss=0.2478 {'ds': 0.124, 'seg': 0.158, 'cls': 0.359, 'special': 0.0, 'embed': 0.001}
[g4L_fold3] ep82 step221/249 loss=0.3730 {'ds': 0.22, 'seg': 0.283, 'cls': 0.361, 'special': 0.0, 'embed': 0.002}
[g4L_fold3] ep82 step241/249 loss=0.7574 {'ds': 0.238, 'seg': 0.668, 'cls': 0.356, 'special': 0.0, 'embed': 0.002}
[g4L_fold3] epoch 82 loss=0.3109 dice_core=0.9090 dice_peri=0.9380 thr=[0.5, 0.45] (203s)
[g4L_fold3] ep83 step21/249 loss=0.1485 {'ds': 0.08, 'seg': 0.092, 'cls': 0.223, 'special': 0.0, 'embed': 0.002}
[g4L_fold3] ep83 step41/249 loss=0.3744 {'ds': 0.357, 'seg': 0.304, 'cls': 0.28, 'special': 0.0, 'embed': 0.003}
[g4L_fold3] ep83 step61/249 loss=0.9072 {'ds': 0.33, 'seg': 0.795, 'cls': 0.447, 'special': 0.0, 'embed': 0.0}
[g4L_fold3] ep83 step81/249 loss=0.2552 {'ds': 0.128, 'seg': 0.169, 'cls': 0.343, 'special': 0.0, 'embed': 0.001}
[g4L_fold3] ep83 step101/249 loss=0.1766 {'ds': 0.092, 'seg': 0.132, 'cls': 0.177, 'special': 0.0, 'embed': 0.002}
[g4L_fold3] ep83 step121/249 loss=0.2611 {'ds': 0.125, 'seg': 0.171, 'cls': 0.358, 'special': 0.0, 'embed': 0.002}
[g4L_fold3] ep83 step141/249 loss=0.2500 {'ds': 0.129, 'seg': 0.193, 'cls': 0.226, 'special': 0.0, 'embed': 0.001}
[g4L_fold3] ep83 step161/249 loss=0.2517 {'ds': 0.137, 'seg': 0.171, 'cls': 0.323, 'special': 0.0, 'embed': 0.001}
[g4L_fold3] ep83 step181/249 loss=0.2475 {'ds': 0.127, 'seg': 0.18, 'cls': 0.268, 'special': 0.0, 'embed': 0.002}
[g4L_fold3] ep83 step201/249 loss=0.1866 {'ds': 0.114, 'seg': 0.138, 'cls': 0.192, 'special': 0.0, 'embed': 0.004}
[g4L_fold3] ep83 step221/249 loss=0.3776 {'ds': 0.204, 'seg': 0.285, 'cls': 0.368, 'special': 0.0, 'embed': 0.005}
[g4L_fold3] ep83 step241/249 loss=0.5597 {'ds': 0.335, 'seg': 0.459, 'cls': 0.403, 'special': 0.0, 'embed': 0.001}
[g4L_fold3] epoch 83 loss=0.3128 dice_core=0.9090 dice_peri=0.9380 thr=[0.5, 0.45] (210s)
[g4L_fold3] ep84 step21/249 loss=0.2017 {'ds': 0.103, 'seg': 0.137, 'cls': 0.258, 'special': 0.0, 'embed': 0.001}
[g4L_fold3] ep84 step41/249 loss=0.2215 {'ds': 0.11, 'seg': 0.149, 'cls': 0.288, 'special': 0.0, 'embed': 0.002}
[g4L_fold3] ep84 step61/249 loss=0.3680 {'ds': 0.045, 'seg': 0.321, 'cls': 0.188, 'special': 0.0, 'embed': 0.002}
[g4L_fold3] ep84 step81/249 loss=0.2909 {'ds': 0.154, 'seg': 0.192, 'cls': 0.394, 'special': 0.0, 'embed': 0.001}
[g4L_fold3] ep84 step101/249 loss=0.7325 {'ds': 0.454, 'seg': 0.655, 'cls': 0.308, 'special': 0.0, 'embed': 0.001}
[g4L_fold3] ep84 step121/249 loss=0.6873 {'ds': 0.216, 'seg': 0.636, 'cls': 0.205, 'special': 0.0, 'embed': 0.002}
[g4L_fold3] ep84 step141/249 loss=0.1921 {'ds': 0.093, 'seg': 0.131, 'cls': 0.242, 'special': 0.0, 'embed': 0.004}
[g4L_fold3] ep84 step161/249 loss=0.2105 {'ds': 0.119, 'seg': 0.155, 'cls': 0.219, 'special': 0.0, 'embed': 0.005}
[g4L_fold3] ep84 step181/249 loss=0.1575 {'ds': 0.077, 'seg': 0.094, 'cls': 0.254, 'special': 0.0, 'embed': 0.001}
[g4L_fold3] ep84 step201/249 loss=0.7838 {'ds': 0.282, 'seg': 0.725, 'cls': 0.233, 'special': 0.0, 'embed': 0.002}
[g4L_fold3] ep84 step221/249 loss=0.3826 {'ds': 0.162, 'seg': 0.224, 'cls': 0.634, 'special': 0.0, 'embed': 0.0}
[g4L_fold3] ep84 step241/249 loss=0.5236 {'ds': 0.333, 'seg': 0.443, 'cls': 0.322, 'special': 0.0, 'embed': 0.002}
[g4L_fold3] epoch 84 loss=0.3309 dice_core=0.9091 dice_peri=0.9382 thr=[0.5, 0.45] (213s)
[g4L_fold3] ep85 step21/249 loss=0.3673 {'ds': 0.283, 'seg': 0.285, 'cls': 0.329, 'special': 0.0, 'embed': 0.001}
[g4L_fold3] ep85 step41/249 loss=0.3566 {'ds': 0.185, 'seg': 0.285, 'cls': 0.285, 'special': 0.0, 'embed': 0.001}
[g4L_fold3] ep85 step61/249 loss=0.2027 {'ds': 0.113, 'seg': 0.161, 'cls': 0.166, 'special': 0.0, 'embed': 0.002}
[g4L_fold3] ep85 step81/249 loss=0.8390 {'ds': 0.362, 'seg': 0.764, 'cls': 0.3, 'special': 0.0, 'embed': 0.004}
[g4L_fold3] ep85 step101/249 loss=0.1435 {'ds': 0.072, 'seg': 0.083, 'cls': 0.242, 'special': 0.0, 'embed': 0.004}
[g4L_fold3] ep85 step121/249 loss=0.1976 {'ds': 0.127, 'seg': 0.153, 'cls': 0.18, 'special': 0.0, 'embed': 0.001}
[g4L_fold3] ep85 step141/249 loss=0.2081 {'ds': 0.117, 'seg': 0.153, 'cls': 0.217, 'special': 0.001, 'embed': 0.004}
[g4L_fold3] ep85 step161/249 loss=0.2412 {'ds': 0.199, 'seg': 0.162, 'cls': 0.315, 'special': 0.0, 'embed': 0.0}
[g4L_fold3] ep85 step181/249 loss=0.1581 {'ds': 0.078, 'seg': 0.106, 'cls': 0.206, 'special': 0.0, 'embed': 0.002}
[g4L_fold3] ep85 step201/249 loss=0.5385 {'ds': 0.295, 'seg': 0.397, 'cls': 0.563, 'special': 0.0, 'embed': 0.004}
[g4L_fold3] ep85 step221/249 loss=0.2432 {'ds': 0.114, 'seg': 0.151, 'cls': 0.368, 'special': 0.0, 'embed': 0.002}
[g4L_fold3] ep85 step241/249 loss=0.1850 {'ds': 0.084, 'seg': 0.112, 'cls': 0.291, 'special': 0.0, 'embed': 0.003}
[g4L_fold3] epoch 85 loss=0.2833 dice_core=0.9092 dice_peri=0.9382 thr=[0.5, 0.45] (206s)
[g4L_fold3] ep86 step21/249 loss=0.1647 {'ds': 0.083, 'seg': 0.11, 'cls': 0.219, 'special': 0.0, 'embed': 0.004}
[g4L_fold3] ep86 step41/249 loss=0.1683 {'ds': 0.089, 'seg': 0.11, 'cls': 0.232, 'special': 0.0, 'embed': 0.004}
[g4L_fold3] ep86 step61/249 loss=0.7015 {'ds': 0.231, 'seg': 0.657, 'cls': 0.177, 'special': 0.0, 'embed': 0.001}
[g4L_fold3] ep86 step81/249 loss=0.6825 {'ds': 0.204, 'seg': 0.613, 'cls': 0.277, 'special': 0.0, 'embed': 0.002}
[g4L_fold3] ep86 step101/249 loss=0.2025 {'ds': 0.097, 'seg': 0.145, 'cls': 0.23, 'special': 0.0, 'embed': 0.0}
[g4L_fold3] ep86 step121/249 loss=0.1521 {'ds': 0.064, 'seg': 0.081, 'cls': 0.282, 'special': 0.0, 'embed': 0.002}
[g4L_fold3] ep86 step141/249 loss=0.1647 {'ds': 0.078, 'seg': 0.122, 'cls': 0.17, 'special': 0.0, 'embed': 0.005}
[g4L_fold3] ep86 step161/249 loss=1.1026 {'ds': 0.57, 'seg': 1.023, 'cls': 0.317, 'special': 0.0, 'embed': 0.003}
[g4L_fold3] ep86 step181/249 loss=0.1470 {'ds': 0.054, 'seg': 0.07, 'cls': 0.305, 'special': 0.0, 'embed': 0.002}
[g4L_fold3] ep86 step201/249 loss=0.2431 {'ds': 0.137, 'seg': 0.186, 'cls': 0.228, 'special': 0.0, 'embed': 0.003}
[g4L_fold3] ep86 step221/249 loss=0.4457 {'ds': 0.075, 'seg': 0.352, 'cls': 0.375, 'special': 0.0, 'embed': 0.001}
[g4L_fold3] ep86 step241/249 loss=0.3570 {'ds': 0.221, 'seg': 0.292, 'cls': 0.26, 'special': 0.0, 'embed': 0.001}
[g4L_fold3] epoch 86 loss=0.3226 dice_core=0.9092 dice_peri=0.9383 thr=[0.5, 0.45] (213s)
[g4L_fold3] ep87 step21/249 loss=0.2650 {'ds': 0.119, 'seg': 0.163, 'cls': 0.406, 'special': 0.0, 'embed': 0.002}
[g4L_fold3] ep87 step41/249 loss=0.2791 {'ds': 0.15, 'seg': 0.218, 'cls': 0.246, 'special': 0.0, 'embed': 0.0}
[g4L_fold3] ep87 step61/249 loss=0.2956 {'ds': 0.188, 'seg': 0.234, 'cls': 0.247, 'special': 0.0, 'embed': 0.002}
[g4L_fold3] ep87 step81/249 loss=0.6910 {'ds': 0.193, 'seg': 0.6, 'cls': 0.364, 'special': 0.0, 'embed': 0.004}
[g4L_fold3] ep87 step101/249 loss=0.1748 {'ds': 0.084, 'seg': 0.111, 'cls': 0.256, 'special': 0.0, 'embed': 0.002}
[g4L_fold3] ep87 step121/249 loss=0.1761 {'ds': 0.083, 'seg': 0.1, 'cls': 0.303, 'special': 0.0, 'embed': 0.002}
[g4L_fold3] ep87 step141/249 loss=0.1342 {'ds': 0.046, 'seg': 0.081, 'cls': 0.213, 'special': 0.0, 'embed': 0.003}
[g4L_fold3] ep87 step161/249 loss=0.2759 {'ds': 0.145, 'seg': 0.218, 'cls': 0.231, 'special': 0.0, 'embed': 0.001}
[g4L_fold3] ep87 step181/249 loss=0.1703 {'ds': 0.09, 'seg': 0.112, 'cls': 0.234, 'special': 0.0, 'embed': 0.001}
[g4L_fold3] ep87 step201/249 loss=0.2628 {'ds': 0.152, 'seg': 0.201, 'cls': 0.248, 'special': 0.0, 'embed': 0.001}
[g4L_fold3] ep87 step221/249 loss=0.2162 {'ds': 0.137, 'seg': 0.171, 'cls': 0.18, 'special': 0.0, 'embed': 0.002}
[g4L_fold3] ep87 step241/249 loss=0.2031 {'ds': 0.089, 'seg': 0.122, 'cls': 0.326, 'special': 0.0, 'embed': 0.001}
[g4L_fold3] epoch 87 loss=0.2804 dice_core=0.9091 dice_peri=0.9383 thr=[0.55, 0.45] (241s)
[g4L_fold3] ep88 step21/249 loss=0.1549 {'ds': 0.068, 'seg': 0.098, 'cls': 0.228, 'special': 0.0, 'embed': 0.004}
[g4L_fold3] ep88 step41/249 loss=0.1976 {'ds': 0.082, 'seg': 0.114, 'cls': 0.335, 'special': 0.0, 'embed': 0.002}
[g4L_fold3] ep88 step61/249 loss=0.1706 {'ds': 0.102, 'seg': 0.129, 'cls': 0.166, 'special': 0.0, 'embed': 0.002}
[g4L_fold3] ep88 step81/249 loss=0.1830 {'ds': 0.089, 'seg': 0.114, 'cls': 0.276, 'special': 0.0, 'embed': 0.002}
[g4L_fold3] ep88 step101/249 loss=0.1911 {'ds': 0.077, 'seg': 0.099, 'cls': 0.369, 'special': 0.0, 'embed': 0.001}
[g4L_fold3] ep88 step121/249 loss=0.1683 {'ds': 0.088, 'seg': 0.107, 'cls': 0.244, 'special': 0.0, 'embed': 0.001}
[g4L_fold3] ep88 step141/249 loss=0.7034 {'ds': 0.454, 'seg': 0.657, 'cls': 0.187, 'special': 0.0, 'embed': 0.001}
[g4L_fold3] ep88 step161/249 loss=0.6885 {'ds': 0.192, 'seg': 0.603, 'cls': 0.341, 'special': 0.0, 'embed': 0.001}
[g4L_fold3] ep88 step181/249 loss=0.5636 {'ds': 0.39, 'seg': 0.456, 'cls': 0.43, 'special': 0.0, 'embed': 0.0}
[g4L_fold3] ep88 step201/249 loss=0.1469 {'ds': 0.061, 'seg': 0.086, 'cls': 0.243, 'special': 0.0, 'embed': 0.001}
[g4L_fold3] ep88 step221/249 loss=0.2064 {'ds': 0.117, 'seg': 0.155, 'cls': 0.204, 'special': 0.0, 'embed': 0.002}
[g4L_fold3] ep88 step241/249 loss=0.2012 {'ds': 0.076, 'seg': 0.11, 'cls': 0.366, 'special': 0.0, 'embed': 0.0}
[g4L_fold3] epoch 88 loss=0.2840 dice_core=0.9092 dice_peri=0.9383 thr=[0.55, 0.45] (206s)
[g4L_fold3] ep89 step21/249 loss=0.2827 {'ds': 0.137, 'seg': 0.215, 'cls': 0.271, 'special': 0.0, 'embed': 0.003}
[g4L_fold3] ep89 step41/249 loss=0.3298 {'ds': 0.218, 'seg': 0.24, 'cls': 0.359, 'special': 0.0, 'embed': 0.001}
[g4L_fold3] ep89 step61/249 loss=0.1376 {'ds': 0.06, 'seg': 0.071, 'cls': 0.265, 'special': 0.0, 'embed': 0.001}
[g4L_fold3] ep89 step81/249 loss=0.2626 {'ds': 0.188, 'seg': 0.205, 'cls': 0.23, 'special': 0.0, 'embed': 0.001}
[g4L_fold3] ep89 step101/249 loss=0.2220 {'ds': 0.113, 'seg': 0.155, 'cls': 0.266, 'special': 0.0, 'embed': 0.001}
[g4L_fold3] ep89 step121/249 loss=0.7816 {'ds': 0.272, 'seg': 0.716, 'cls': 0.263, 'special': 0.0, 'embed': 0.0}
[g4L_fold3] ep89 step141/249 loss=0.8888 {'ds': 0.572, 'seg': 0.801, 'cls': 0.35, 'special': 0.0, 'embed': 0.001}
[g4L_fold3] ep89 step161/249 loss=0.4137 {'ds': 0.274, 'seg': 0.338, 'cls': 0.302, 'special': 0.0, 'embed': 0.002}
[g4L_fold3] ep89 step181/249 loss=0.2663 {'ds': 0.131, 'seg': 0.19, 'cls': 0.306, 'special': 0.0, 'embed': 0.0}
[g4L_fold3] ep89 step201/249 loss=0.1496 {'ds': 0.071, 'seg': 0.086, 'cls': 0.255, 'special': 0.0, 'embed': 0.001}
[g4L_fold3] ep89 step221/249 loss=0.4081 {'ds': 0.257, 'seg': 0.344, 'cls': 0.255, 'special': 0.0, 'embed': 0.003}
[g4L_fold3] ep89 step241/249 loss=0.6889 {'ds': 0.212, 'seg': 0.623, 'cls': 0.262, 'special': 0.0, 'embed': 0.003}
[g4L_fold3] epoch 89 loss=0.3086 dice_core=0.9092 dice_peri=0.9382 thr=[0.55, 0.45] (211s)
[g4L_fold3] ep90 step21/249 loss=0.3100 {'ds': 0.198, 'seg': 0.257, 'cls': 0.212, 'special': 0.0, 'embed': 0.001}
[g4L_fold3] ep90 step41/249 loss=0.6971 {'ds': 0.232, 'seg': 0.647, 'cls': 0.198, 'special': 0.0, 'embed': 0.001}
[g4L_fold3] ep90 step61/249 loss=0.2629 {'ds': 0.144, 'seg': 0.162, 'cls': 0.405, 'special': 0.0, 'embed': 0.001}
[g4L_fold3] ep90 step81/249 loss=0.7325 {'ds': 0.247, 'seg': 0.673, 'cls': 0.236, 'special': 0.0, 'embed': 0.001}
[g4L_fold3] ep90 step101/249 loss=0.2900 {'ds': 0.131, 'seg': 0.184, 'cls': 0.422, 'special': 0.0, 'embed': 0.002}
[g4L_fold3] ep90 step121/249 loss=0.1383 {'ds': 0.077, 'seg': 0.098, 'cls': 0.163, 'special': 0.0, 'embed': 0.0}
[g4L_fold3] ep90 step141/249 loss=0.1470 {'ds': 0.081, 'seg': 0.102, 'cls': 0.179, 'special': 0.0, 'embed': 0.002}
[g4L_fold3] ep90 step161/249 loss=0.6283 {'ds': 0.242, 'seg': 0.559, 'cls': 0.274, 'special': 0.0, 'embed': 0.003}
[g4L_fold3] ep90 step181/249 loss=0.9091 {'ds': 0.412, 'seg': 0.778, 'cls': 0.524, 'special': 0.0, 'embed': 0.002}
[g4L_fold3] ep90 step201/249 loss=0.7313 {'ds': 0.238, 'seg': 0.672, 'cls': 0.237, 'special': 0.0, 'embed': 0.001}
[g4L_fold3] ep90 step221/249 loss=1.1667 {'ds': 0.322, 'seg': 1.088, 'cls': 0.315, 'special': 0.0, 'embed': 0.002}
[g4L_fold3] ep90 step241/249 loss=0.1867 {'ds': 0.074, 'seg': 0.099, 'cls': 0.352, 'special': 0.0, 'embed': 0.003}
[g4L_fold3] epoch 90 loss=0.2937 dice_core=0.9093 dice_peri=0.9382 thr=[0.55, 0.45] (210s)
[g4L_fold3] ep91 step21/249 loss=0.1366 {'ds': 0.074, 'seg': 0.098, 'cls': 0.155, 'special': 0.0, 'embed': 0.001}
[g4L_fold3] ep91 step41/249 loss=0.3549 {'ds': 0.201, 'seg': 0.281, 'cls': 0.295, 'special': 0.0, 'embed': 0.002}
[g4L_fold3] ep91 step61/249 loss=0.5312 {'ds': 0.322, 'seg': 0.432, 'cls': 0.395, 'special': 0.0, 'embed': 0.0}
[g4L_fold3] ep91 step81/249 loss=0.8878 {'ds': 0.302, 'seg': 0.753, 'cls': 0.538, 'special': 0.0, 'embed': 0.001}
[g4L_fold3] ep91 step101/249 loss=0.1969 {'ds': 0.072, 'seg': 0.096, 'cls': 0.404, 'special': 0.0, 'embed': 0.003}
[g4L_fold3] ep91 step121/249 loss=0.1679 {'ds': 0.073, 'seg': 0.095, 'cls': 0.289, 'special': 0.0, 'embed': 0.003}
[g4L_fold3] ep91 step141/249 loss=0.2932 {'ds': 0.122, 'seg': 0.191, 'cls': 0.41, 'special': 0.0, 'embed': 0.001}
[g4L_fold3] ep91 step161/249 loss=0.1186 {'ds': 0.046, 'seg': 0.061, 'cls': 0.229, 'special': 0.0, 'embed': 0.002}
[g4L_fold3] ep91 step181/249 loss=0.1887 {'ds': 0.078, 'seg': 0.105, 'cls': 0.334, 'special': 0.0, 'embed': 0.003}
[g4L_fold3] ep91 step201/249 loss=0.2652 {'ds': 0.119, 'seg': 0.17, 'cls': 0.378, 'special': 0.0, 'embed': 0.005}
[g4L_fold3] ep91 step221/249 loss=0.4894 {'ds': 0.265, 'seg': 0.412, 'cls': 0.307, 'special': 0.0, 'embed': 0.004}
[g4L_fold3] ep91 step241/249 loss=0.7503 {'ds': 0.256, 'seg': 0.683, 'cls': 0.267, 'special': 0.0, 'embed': 0.001}
[g4L_fold3] epoch 91 loss=0.2994 dice_core=0.9093 dice_peri=0.9381 thr=[0.5, 0.45] (197s)
[g4L_fold3] ep92 step21/249 loss=0.7827 {'ds': 0.33, 'seg': 0.607, 'cls': 0.703, 'special': 0.0, 'embed': 0.001}
[g4L_fold3] ep92 step41/249 loss=0.8261 {'ds': 0.303, 'seg': 0.762, 'cls': 0.257, 'special': 0.0, 'embed': 0.003}
[g4L_fold3] ep92 step61/249 loss=0.2037 {'ds': 0.071, 'seg': 0.111, 'cls': 0.37, 'special': 0.0, 'embed': 0.003}
[g4L_fold3] ep92 step81/249 loss=0.2160 {'ds': 0.13, 'seg': 0.14, 'cls': 0.304, 'special': 0.0, 'embed': 0.001}
[g4L_fold3] ep92 step101/249 loss=0.7365 {'ds': 0.577, 'seg': 0.684, 'cls': 0.21, 'special': 0.0, 'embed': 0.002}
[g4L_fold3] ep92 step121/249 loss=0.2433 {'ds': 0.13, 'seg': 0.16, 'cls': 0.331, 'special': 0.0, 'embed': 0.003}
[g4L_fold3] ep92 step141/249 loss=0.2991 {'ds': 0.171, 'seg': 0.209, 'cls': 0.358, 'special': 0.0, 'embed': 0.004}
[g4L_fold3] ep92 step161/249 loss=0.1671 {'ds': 0.066, 'seg': 0.111, 'cls': 0.223, 'special': 0.0, 'embed': 0.004}
[g4L_fold3] ep92 step181/249 loss=0.1803 {'ds': 0.085, 'seg': 0.119, 'cls': 0.244, 'special': 0.0, 'embed': 0.001}
[g4L_fold3] ep92 step201/249 loss=0.7262 {'ds': 0.211, 'seg': 0.634, 'cls': 0.37, 'special': 0.0, 'embed': 0.002}
[g4L_fold3] ep92 step221/249 loss=0.5461 {'ds': 0.313, 'seg': 0.436, 'cls': 0.439, 'special': 0.0, 'embed': 0.0}
[g4L_fold3] ep92 step241/249 loss=0.1948 {'ds': 0.111, 'seg': 0.15, 'cls': 0.177, 'special': 0.0, 'embed': 0.002}
[g4L_fold3] epoch 92 loss=0.3102 dice_core=0.9093 dice_peri=0.9381 thr=[0.55, 0.45] (205s)
[g4L_fold3] ep93 step21/249 loss=0.1927 {'ds': 0.108, 'seg': 0.153, 'cls': 0.158, 'special': 0.0, 'embed': 0.001}
[g4L_fold3] ep93 step41/249 loss=0.1789 {'ds': 0.101, 'seg': 0.133, 'cls': 0.184, 'special': 0.0, 'embed': 0.002}
[g4L_fold3] ep93 step61/249 loss=0.2331 {'ds': 0.075, 'seg': 0.144, 'cls': 0.356, 'special': 0.0, 'embed': 0.003}
[g4L_fold3] ep93 step81/249 loss=0.3439 {'ds': 0.188, 'seg': 0.265, 'cls': 0.316, 'special': 0.0, 'embed': 0.005}
[g4L_fold3] ep93 step101/249 loss=0.1634 {'ds': 0.094, 'seg': 0.118, 'cls': 0.18, 'special': 0.0, 'embed': 0.004}
[g4L_fold3] ep93 step121/249 loss=0.6729 {'ds': 0.195, 'seg': 0.602, 'cls': 0.282, 'special': 0.0, 'embed': 0.001}
[g4L_fold3] ep93 step141/249 loss=0.1605 {'ds': 0.075, 'seg': 0.094, 'cls': 0.267, 'special': 0.0, 'embed': 0.002}
[g4L_fold3] ep93 step161/249 loss=0.2245 {'ds': 0.139, 'seg': 0.177, 'cls': 0.189, 'special': 0.0, 'embed': 0.0}
[g4L_fold3] ep93 step181/249 loss=0.2089 {'ds': 0.119, 'seg': 0.149, 'cls': 0.239, 'special': 0.0, 'embed': 0.002}
[g4L_fold3] ep93 step201/249 loss=0.2006 {'ds': 0.08, 'seg': 0.108, 'cls': 0.371, 'special': 0.0, 'embed': 0.003}
[g4L_fold3] ep93 step221/249 loss=0.7780 {'ds': 0.254, 'seg': 0.685, 'cls': 0.37, 'special': 0.0, 'embed': 0.002}
[g4L_fold3] ep93 step241/249 loss=0.1727 {'ds': 0.077, 'seg': 0.102, 'cls': 0.281, 'special': 0.0, 'embed': 0.002}
[g4L_fold3] epoch 93 loss=0.2817 dice_core=0.9095 dice_peri=0.9381 thr=[0.5, 0.45] (212s)
[g4L_fold3] ep94 step21/249 loss=0.5037 {'ds': 0.152, 'seg': 0.452, 'cls': 0.203, 'special': 0.0, 'embed': 0.005}
[g4L_fold3] ep94 step41/249 loss=0.3350 {'ds': 0.184, 'seg': 0.244, 'cls': 0.362, 'special': 0.0, 'embed': 0.004}
[g4L_fold3] ep94 step61/249 loss=0.2719 {'ds': 0.134, 'seg': 0.205, 'cls': 0.268, 'special': 0.0, 'embed': 0.001}
[g4L_fold3] ep94 step81/249 loss=0.2310 {'ds': 0.117, 'seg': 0.15, 'cls': 0.322, 'special': 0.0, 'embed': 0.002}
[g4L_fold3] ep94 step101/249 loss=0.2578 {'ds': 0.16, 'seg': 0.178, 'cls': 0.319, 'special': 0.0, 'embed': 0.0}
[g4L_fold3] ep94 step121/249 loss=0.6704 {'ds': 0.201, 'seg': 0.609, 'cls': 0.246, 'special': 0.0, 'embed': 0.002}
[g4L_fold3] ep94 step141/249 loss=0.3115 {'ds': 0.178, 'seg': 0.242, 'cls': 0.277, 'special': 0.0, 'embed': 0.003}
[g4L_fold3] ep94 step161/249 loss=0.2048 {'ds': 0.088, 'seg': 0.124, 'cls': 0.321, 'special': 0.0, 'embed': 0.002}
[g4L_fold3] ep94 step181/249 loss=0.2336 {'ds': 0.094, 'seg': 0.141, 'cls': 0.37, 'special': 0.0, 'embed': 0.002}
[g4L_fold3] ep94 step201/249 loss=0.3882 {'ds': 0.229, 'seg': 0.332, 'cls': 0.225, 'special': 0.0, 'embed': 0.002}
[g4L_fold3] ep94 step221/249 loss=0.2405 {'ds': 0.128, 'seg': 0.17, 'cls': 0.283, 'special': 0.0, 'embed': 0.001}
[g4L_fold3] ep94 step241/249 loss=0.7727 {'ds': 0.204, 'seg': 0.674, 'cls': 0.392, 'special': 0.0, 'embed': 0.001}
[g4L_fold3] epoch 94 loss=0.3001 dice_core=0.9095 dice_peri=0.9381 thr=[0.5, 0.45] (217s)
[g4L_fold3] ep95 step21/249 loss=0.2428 {'ds': 0.139, 'seg': 0.154, 'cls': 0.353, 'special': 0.0, 'embed': 0.002}
[g4L_fold3] ep95 step41/249 loss=0.3838 {'ds': 0.183, 'seg': 0.233, 'cls': 0.601, 'special': 0.0, 'embed': 0.0}
[g4L_fold3] ep95 step61/249 loss=0.6490 {'ds': 0.178, 'seg': 0.573, 'cls': 0.302, 'special': 0.0, 'embed': 0.001}
[g4L_fold3] ep95 step81/249 loss=0.3256 {'ds': 0.184, 'seg': 0.25, 'cls': 0.299, 'special': 0.0, 'embed': 0.003}
[g4L_fold3] ep95 step101/249 loss=0.1733 {'ds': 0.083, 'seg': 0.112, 'cls': 0.243, 'special': 0.0, 'embed': 0.001}
[g4L_fold3] ep95 step121/249 loss=0.5314 {'ds': 0.34, 'seg': 0.466, 'cls': 0.26, 'special': 0.0, 'embed': 0.002}
[g4L_fold3] ep95 step141/249 loss=0.2080 {'ds': 0.08, 'seg': 0.105, 'cls': 0.412, 'special': 0.0, 'embed': 0.002}
[g4L_fold3] ep95 step161/249 loss=0.6643 {'ds': 0.187, 'seg': 0.593, 'cls': 0.283, 'special': 0.0, 'embed': 0.001}
[g4L_fold3] ep95 step181/249 loss=0.3365 {'ds': 0.289, 'seg': 0.275, 'cls': 0.245, 'special': 0.0, 'embed': 0.001}
[g4L_fold3] ep95 step201/249 loss=0.3170 {'ds': 0.197, 'seg': 0.256, 'cls': 0.243, 'special': 0.0, 'embed': 0.001}
[g4L_fold3] ep95 step221/249 loss=0.7217 {'ds': 0.203, 'seg': 0.612, 'cls': 0.438, 'special': 0.0, 'embed': 0.001}
[g4L_fold3] ep95 step241/249 loss=0.7434 {'ds': 0.197, 'seg': 0.604, 'cls': 0.557, 'special': 0.0, 'embed': 0.0}
[g4L_fold3] epoch 95 loss=0.2863 dice_core=0.9095 dice_peri=0.9381 thr=[0.5, 0.45] (213s)
[g4L_fold3] ep96 step21/249 loss=0.2636 {'ds': 0.161, 'seg': 0.218, 'cls': 0.181, 'special': 0.0, 'embed': 0.003}
[g4L_fold3] ep96 step41/249 loss=0.1613 {'ds': 0.084, 'seg': 0.118, 'cls': 0.171, 'special': 0.0, 'embed': 0.002}
[g4L_fold3] ep96 step61/249 loss=0.3297 {'ds': 0.158, 'seg': 0.229, 'cls': 0.401, 'special': 0.0, 'embed': 0.002}
[g4L_fold3] ep96 step81/249 loss=0.1131 {'ds': 0.034, 'seg': 0.045, 'cls': 0.27, 'special': 0.0, 'embed': 0.002}
[g4L_fold3] ep96 step101/249 loss=0.1470 {'ds': 0.071, 'seg': 0.089, 'cls': 0.233, 'special': 0.0, 'embed': 0.001}
[g4L_fold3] ep96 step121/249 loss=0.2114 {'ds': 0.096, 'seg': 0.138, 'cls': 0.292, 'special': 0.0, 'embed': 0.001}
[g4L_fold3] ep96 step141/249 loss=0.1776 {'ds': 0.09, 'seg': 0.127, 'cls': 0.203, 'special': 0.0, 'embed': 0.001}
[g4L_fold3] ep96 step161/249 loss=0.7434 {'ds': 0.205, 'seg': 0.619, 'cls': 0.496, 'special': 0.0, 'embed': 0.001}
[g4L_fold3] ep96 step181/249 loss=0.2470 {'ds': 0.112, 'seg': 0.153, 'cls': 0.375, 'special': 0.0, 'embed': 0.0}
[g4L_fold3] ep96 step201/249 loss=0.1661 {'ds': 0.077, 'seg': 0.112, 'cls': 0.215, 'special': 0.0, 'embed': 0.001}
[g4L_fold3] ep96 step221/249 loss=0.2597 {'ds': 0.161, 'seg': 0.221, 'cls': 0.153, 'special': 0.0, 'embed': 0.002}
[g4L_fold3] ep96 step241/249 loss=0.4993 {'ds': 0.132, 'seg': 0.413, 'cls': 0.343, 'special': 0.0, 'embed': 0.0}
[g4L_fold3] epoch 96 loss=0.2843 dice_core=0.9094 dice_peri=0.9381 thr=[0.5, 0.45] (201s)
[g4L_fold3] ep97 step21/249 loss=0.3139 {'ds': 0.163, 'seg': 0.237, 'cls': 0.305, 'special': 0.0, 'embed': 0.002}
[g4L_fold3] ep97 step41/249 loss=0.2304 {'ds': 0.136, 'seg': 0.19, 'cls': 0.162, 'special': 0.0, 'embed': 0.001}
[g4L_fold3] ep97 step61/249 loss=0.2121 {'ds': 0.114, 'seg': 0.167, 'cls': 0.181, 'special': 0.0, 'embed': 0.001}
[g4L_fold3] ep97 step81/249 loss=0.2204 {'ds': 0.124, 'seg': 0.142, 'cls': 0.313, 'special': 0.0, 'embed': 0.001}
[g4L_fold3] ep97 step101/249 loss=0.2255 {'ds': 0.14, 'seg': 0.172, 'cls': 0.213, 'special': 0.0, 'embed': 0.001}
[g4L_fold3] ep97 step121/249 loss=0.2477 {'ds': 0.147, 'seg': 0.191, 'cls': 0.225, 'special': 0.0, 'embed': 0.0}
[g4L_fold3] ep97 step141/249 loss=0.2228 {'ds': 0.097, 'seg': 0.166, 'cls': 0.227, 'special': 0.0, 'embed': 0.001}
[g4L_fold3] ep97 step161/249 loss=0.1506 {'ds': 0.059, 'seg': 0.073, 'cls': 0.308, 'special': 0.0, 'embed': 0.002}
[g4L_fold3] ep97 step181/249 loss=0.2103 {'ds': 0.12, 'seg': 0.174, 'cls': 0.144, 'special': 0.0, 'embed': 0.0}
[g4L_fold3] ep97 step201/249 loss=0.1888 {'ds': 0.105, 'seg': 0.134, 'cls': 0.217, 'special': 0.0, 'embed': 0.001}
[g4L_fold3] ep97 step221/249 loss=0.2225 {'ds': 0.118, 'seg': 0.15, 'cls': 0.287, 'special': 0.0, 'embed': 0.003}
[g4L_fold3] ep97 step241/249 loss=0.3095 {'ds': 0.17, 'seg': 0.243, 'cls': 0.263, 'special': 0.0, 'embed': 0.002}
[g4L_fold3] epoch 97 loss=0.3374 dice_core=0.9094 dice_peri=0.9381 thr=[0.5, 0.45] (217s)
[g4L_fold3] ep98 step21/249 loss=0.2683 {'ds': 0.163, 'seg': 0.187, 'cls': 0.325, 'special': 0.0, 'embed': 0.001}
[g4L_fold3] ep98 step41/249 loss=0.1573 {'ds': 0.079, 'seg': 0.106, 'cls': 0.206, 'special': 0.0, 'embed': 0.001}
[g4L_fold3] ep98 step61/249 loss=0.2844 {'ds': 0.202, 'seg': 0.208, 'cls': 0.304, 'special': 0.0, 'embed': 0.0}
[g4L_fold3] ep98 step81/249 loss=0.1914 {'ds': 0.109, 'seg': 0.135, 'cls': 0.226, 'special': 0.0, 'embed': 0.001}
[g4L_fold3] ep98 step101/249 loss=0.2627 {'ds': 0.142, 'seg': 0.199, 'cls': 0.255, 'special': 0.0, 'embed': 0.002}
[g4L_fold3] ep98 step121/249 loss=0.1794 {'ds': 0.097, 'seg': 0.122, 'cls': 0.228, 'special': 0.0, 'embed': 0.0}
[g4L_fold3] ep98 step141/249 loss=0.2370 {'ds': 0.106, 'seg': 0.147, 'cls': 0.36, 'special': 0.0, 'embed': 0.001}
[g4L_fold3] ep98 step161/249 loss=0.5512 {'ds': 0.34, 'seg': 0.46, 'cls': 0.363, 'special': 0.0, 'embed': 0.003}
[g4L_fold3] ep98 step181/249 loss=0.1974 {'ds': 0.094, 'seg': 0.121, 'cls': 0.307, 'special': 0.0, 'embed': 0.002}
[g4L_fold3] ep98 step201/249 loss=0.4087 {'ds': 0.053, 'seg': 0.322, 'cls': 0.348, 'special': 0.0, 'embed': 0.001}
[g4L_fold3] ep98 step221/249 loss=0.4166 {'ds': 0.245, 'seg': 0.334, 'cls': 0.329, 'special': 0.0, 'embed': 0.002}
[g4L_fold3] ep98 step241/249 loss=0.1937 {'ds': 0.104, 'seg': 0.142, 'cls': 0.208, 'special': 0.0, 'embed': 0.003}
[g4L_fold3] epoch 98 loss=0.2749 dice_core=0.9094 dice_peri=0.9381 thr=[0.55, 0.45] (214s)
[g4L_fold3] ep99 step21/249 loss=0.1767 {'ds': 0.076, 'seg': 0.099, 'cls': 0.312, 'special': 0.0, 'embed': 0.001}
[g4L_fold3] ep99 step41/249 loss=0.2145 {'ds': 0.106, 'seg': 0.144, 'cls': 0.282, 'special': 0.0, 'embed': 0.002}
[g4L_fold3] ep99 step61/249 loss=0.4866 {'ds': 0.298, 'seg': 0.402, 'cls': 0.339, 'special': 0.0, 'embed': 0.0}
[g4L_fold3] ep99 step81/249 loss=0.2308 {'ds': 0.085, 'seg': 0.141, 'cls': 0.358, 'special': 0.0, 'embed': 0.001}
[g4L_fold3] ep99 step101/249 loss=0.2309 {'ds': 0.149, 'seg': 0.156, 'cls': 0.297, 'special': 0.0, 'embed': 0.003}
[g4L_fold3] ep99 step121/249 loss=0.1106 {'ds': 0.048, 'seg': 0.06, 'cls': 0.201, 'special': 0.0, 'embed': 0.002}
[g4L_fold3] ep99 step141/249 loss=0.1376 {'ds': 0.048, 'seg': 0.064, 'cls': 0.294, 'special': 0.0, 'embed': 0.001}
[g4L_fold3] ep99 step161/249 loss=0.6472 {'ds': 0.19, 'seg': 0.599, 'cls': 0.192, 'special': 0.0, 'embed': 0.002}
[g4L_fold3] ep99 step181/249 loss=0.7466 {'ds': 0.221, 'seg': 0.67, 'cls': 0.306, 'special': 0.0, 'embed': 0.003}
[g4L_fold3] ep99 step201/249 loss=0.1555 {'ds': 0.071, 'seg': 0.077, 'cls': 0.314, 'special': 0.0, 'embed': 0.005}
[g4L_fold3] ep99 step221/249 loss=0.2887 {'ds': 0.167, 'seg': 0.243, 'cls': 0.182, 'special': 0.0, 'embed': 0.004}
[g4L_fold3] ep99 step241/249 loss=0.2644 {'ds': 0.145, 'seg': 0.192, 'cls': 0.288, 'special': 0.0, 'embed': 0.001}
[g4L_fold3] epoch 99 loss=0.2984 dice_core=0.9094 dice_peri=0.9381 thr=[0.5, 0.45] (205s)
[trainer] done. best=0.9383 thr=[0.55, 0.45] -> /mnt/data_sdb/wangx/code/BrainTumorSeg/glioma_track4/checkpoints/g4L_fold3/best.pth
